Path,Attempts,Resolution
"C1_CORRECT → C2_CORRECT → C3_CORRECT → COMPLETE",1,COMPLETE
"C1_CORRECT → C2_CORRECT → C3_INCORRECT → RESTART1 → C3_CORRECT → COMPLETE",2,COMPLETE
"C1_CORRECT → C2_CORRECT → C3_INCORRECT → RESTART1 → C3_INCORRECT → RESTART2 → C3_CORRECT → COMPLETE",3,COMPLETE
"C1_CORRECT → C2_CORRECT → C3_INCORRECT → RESTART1 → C3_INCORRECT → RESTART2 → C3_INCORRECT → RESTART3 → FAILED",4,FAILED
"C1_CORRECT → C2_CORRECT → C3_INCORRECT → RESTART1 → C3_INCORRECT → RESTART2 → C3_DISTRACTOR → RESTART3 → FAILED",4,FAILED
"C1_CORRECT → C2_CORRECT → C3_INCORRECT → RESTART1 → C3_DISTRACTOR → RESTART2 → C3_CORRECT → COMPLETE",3,COMPLETE
"C1_CORRECT → C2_CORRECT → C3_INCORRECT → RESTART1 → C3_DISTRACTOR → RESTART2 → C3_INCORRECT → RESTART3 → FAILED",4,FAILED
"C1_CORRECT → C2_CORRECT → C3_INCORRECT → RESTART1 → C3_DISTRACTOR → RESTART2 → C3_DISTRACTOR → RESTART3 → FAILED",4,FAILED
"C1_CORRECT → C2_CORRECT → C3_DISTRACTOR → RESTART1 → C3_CORRECT → COMPLETE",2,COMPLETE
"C1_CORRECT → C2_CORRECT → C3_DISTRACTOR → RESTART1 → C3_INCORRECT → RESTART2 → C3_CORRECT → COMPLETE",3,COMPLETE
"C1_CORRECT → C2_CORRECT → C3_DISTRACTOR → RESTART1 → C3_INCORRECT → RESTART2 → C3_INCORRECT → RESTART3 → FAILED",4,FAILED
"C1_CORRECT → C2_CORRECT → C3_DISTRACTOR → RESTART1 → C3_INCORRECT → RESTART2 → C3_DISTRACTOR → RESTART3 → FAILED",4,FAILED
"C1_CORRECT → C2_CORRECT → C3_DISTRACTOR → RESTART1 → C3_DISTRACTOR → RESTART2 → C3_CORRECT → COMPLETE",3,COMPLETE
"C1_CORRECT → C2_CORRECT → C3_DISTRACTOR → RESTART1 → C3_DISTRACTOR → RESTART2 → C3_INCORRECT → RESTART3 → FAILED",4,FAILED
"C1_CORRECT → C2_CORRECT → C3_DISTRACTOR → RESTART1 → C3_DISTRACTOR → RESTART2 → C3_DISTRACTOR → RESTART3 → FAILED",4,FAILED
"C1_CORRECT → C2_INCORRECT → RESTART1 → C2_CORRECT → C3_CORRECT → COMPLETE",2,COMPLETE
"C1_CORRECT → C2_INCORRECT → RESTART1 → C2_CORRECT → C3_INCORRECT → RESTART2 → C3_CORRECT → COMPLETE",3,COMPLETE
"C1_CORRECT → C2_INCORRECT → RESTART1 → C2_CORRECT → C3_INCORRECT → RESTART2 → C3_INCORRECT → RESTART3 → FAILED",4,FAILED
"C1_CORRECT → C2_INCORRECT → RESTART1 → C2_CORRECT → C3_INCORRECT → RESTART2 → C3_DISTRACTOR → RESTART3 → FAILED",4,FAILED
"C1_CORRECT → C2_INCORRECT → RESTART1 → C2_CORRECT → C3_DISTRACTOR → RESTART2 → C3_CORRECT → COMPLETE",3,COMPLETE
"C1_CORRECT → C2_INCORRECT → RESTART1 → C2_CORRECT → C3_DISTRACTOR → RESTART2 → C3_INCORRECT → RESTART3 → FAILED",4,FAILED
"C1_CORRECT → C2_INCORRECT → RESTART1 → C2_CORRECT → C3_DISTRACTOR → RESTART2 → C3_DISTRACTOR → RESTART3 → FAILED",4,FAILED
"C1_CORRECT → C2_INCORRECT → RESTART1 → C2_INCORRECT → RESTART2 → C2_CORRECT → C3_CORRECT → COMPLETE",3,COMPLETE
"C1_CORRECT → C2_INCORRECT → RESTART1 → C2_INCORRECT → RESTART2 → C2_CORRECT → C3_INCORRECT → RESTART3 → FAILED",4,FAILED
"C1_CORRECT → C2_INCORRECT → RESTART1 → C2_INCORRECT → RESTART2 → C2_CORRECT → C3_DISTRACTOR → RESTART3 → FAILED",4,FAILED
"C1_CORRECT → C2_INCORRECT → RESTART1 → C2_INCORRECT → RESTART2 → C2_INCORRECT → RESTART3 → FAILED",4,FAILED
"C1_CORRECT → C2_INCORRECT → RESTART1 → C2_INCORRECT → RESTART2 → C2_DISTRACTOR → C2.1_CORRECT → C3_CORRECT → COMPLETE",3,COMPLETE
"C1_CORRECT → C2_INCORRECT → RESTART1 → C2_INCORRECT → RESTART2 → C2_DISTRACTOR → C2.1_CORRECT → C3_INCORRECT → RESTART3 → FAILED",4,FAILED
"C1_CORRECT → C2_INCORRECT → RESTART1 → C2_INCORRECT → RESTART2 → C2_DISTRACTOR → C2.1_CORRECT → C3_DISTRACTOR → RESTART3 → FAILED",4,FAILED
"C1_CORRECT → C2_INCORRECT → RESTART1 → C2_INCORRECT → RESTART2 → C2_DISTRACTOR → C2.1_INCORRECT → RESTART3 → FAILED",4,FAILED
"C1_CORRECT → C2_INCORRECT → RESTART1 → C2_INCORRECT → RESTART2 → C2_DISTRACTOR → C2.1_DISTRACTOR → RESTART3 → FAILED",4,FAILED
"C1_CORRECT → C2_INCORRECT → RESTART1 → C2_DISTRACTOR → C2.1_CORRECT → C3_CORRECT → COMPLETE",2,COMPLETE
"C1_CORRECT → C2_INCORRECT → RESTART1 → C2_DISTRACTOR → C2.1_CORRECT → C3_INCORRECT → RESTART2 → C3_CORRECT → COMPLETE",3,COMPLETE
"C1_CORRECT → C2_INCORRECT → RESTART1 → C2_DISTRACTOR → C2.1_CORRECT → C3_INCORRECT → RESTART2 → C3_INCORRECT → RESTART3 → FAILED",4,FAILED
"C1_CORRECT → C2_INCORRECT → RESTART1 → C2_DISTRACTOR → C2.1_CORRECT → C3_INCORRECT → RESTART2 → C3_DISTRACTOR → RESTART3 → FAILED",4,FAILED
"C1_CORRECT → C2_INCORRECT → RESTART1 → C2_DISTRACTOR → C2.1_CORRECT → C3_DISTRACTOR → RESTART2 → C3_CORRECT → COMPLETE",3,COMPLETE
"C1_CORRECT → C2_INCORRECT → RESTART1 → C2_DISTRACTOR → C2.1_CORRECT → C3_DISTRACTOR → RESTART2 → C3_INCORRECT → RESTART3 → FAILED",4,FAILED
"C1_CORRECT → C2_INCORRECT → RESTART1 → C2_DISTRACTOR → C2.1_CORRECT → C3_DISTRACTOR → RESTART2 → C3_DISTRACTOR → RESTART3 → FAILED",4,FAILED
"C1_CORRECT → C2_INCORRECT → RESTART1 → C2_DISTRACTOR → C2.1_INCORRECT → RESTART2 → C2_CORRECT → C3_CORRECT → COMPLETE",3,COMPLETE
"C1_CORRECT → C2_INCORRECT → RESTART1 → C2_DISTRACTOR → C2.1_INCORRECT → RESTART2 → C2_CORRECT → C3_INCORRECT → RESTART3 → FAILED",4,FAILED
"C1_CORRECT → C2_INCORRECT → RESTART1 → C2_DISTRACTOR → C2.1_INCORRECT → RESTART2 → C2_CORRECT → C3_DISTRACTOR → RESTART3 → FAILED",4,FAILED
"C1_CORRECT → C2_INCORRECT → RESTART1 → C2_DISTRACTOR → C2.1_INCORRECT → RESTART2 → C2_INCORRECT → RESTART3 → FAILED",4,FAILED
"C1_CORRECT → C2_INCORRECT → RESTART1 → C2_DISTRACTOR → C2.1_INCORRECT → RESTART2 → C2_DISTRACTOR → C2.1_CORRECT → C3_CORRECT → COMPLETE",3,COMPLETE
"C1_CORRECT → C2_INCORRECT → RESTART1 → C2_DISTRACTOR → C2.1_INCORRECT → RESTART2 → C2_DISTRACTOR → C2.1_CORRECT → C3_INCORRECT → RESTART3 → FAILED",4,FAILED
"C1_CORRECT → C2_INCORRECT → RESTART1 → C2_DISTRACTOR → C2.1_INCORRECT → RESTART2 → C2_DISTRACTOR → C2.1_CORRECT → C3_DISTRACTOR → RESTART3 → FAILED",4,FAILED
"C1_CORRECT → C2_INCORRECT → RESTART1 → C2_DISTRACTOR → C2.1_INCORRECT → RESTART2 → C2_DISTRACTOR → C2.1_INCORRECT → RESTART3 → FAILED",4,FAILED
"C1_CORRECT → C2_INCORRECT → RESTART1 → C2_DISTRACTOR → C2.1_INCORRECT → RESTART2 → C2_DISTRACTOR → C2.1_DISTRACTOR → RESTART3 → FAILED",4,FAILED
"C1_CORRECT → C2_INCORRECT → RESTART1 → C2_DISTRACTOR → C2.1_DISTRACTOR → RESTART2 → C2_CORRECT → C3_CORRECT → COMPLETE",3,COMPLETE
"C1_CORRECT → C2_INCORRECT → RESTART1 → C2_DISTRACTOR → C2.1_DISTRACTOR → RESTART2 → C2_CORRECT → C3_INCORRECT → RESTART3 → FAILED",4,FAILED
"C1_CORRECT → C2_INCORRECT → RESTART1 → C2_DISTRACTOR → C2.1_DISTRACTOR → RESTART2 → C2_CORRECT → C3_DISTRACTOR → RESTART3 → FAILED",4,FAILED
"C1_CORRECT → C2_INCORRECT → RESTART1 → C2_DISTRACTOR → C2.1_DISTRACTOR → RESTART2 → C2_INCORRECT → RESTART3 → FAILED",4,FAILED
"C1_CORRECT → C2_INCORRECT → RESTART1 → C2_DISTRACTOR → C2.1_DISTRACTOR → RESTART2 → C2_DISTRACTOR → C2.1_CORRECT → C3_CORRECT → COMPLETE",3,COMPLETE
"C1_CORRECT → C2_INCORRECT → RESTART1 → C2_DISTRACTOR → C2.1_DISTRACTOR → RESTART2 → C2_DISTRACTOR → C2.1_CORRECT → C3_INCORRECT → RESTART3 → FAILED",4,FAILED
"C1_CORRECT → C2_INCORRECT → RESTART1 → C2_DISTRACTOR → C2.1_DISTRACTOR → RESTART2 → C2_DISTRACTOR → C2.1_CORRECT → C3_DISTRACTOR → RESTART3 → FAILED",4,FAILED
"C1_CORRECT → C2_INCORRECT → RESTART1 → C2_DISTRACTOR → C2.1_DISTRACTOR → RESTART2 → C2_DISTRACTOR → C2.1_INCORRECT → RESTART3 → FAILED",4,FAILED
"C1_CORRECT → C2_INCORRECT → RESTART1 → C2_DISTRACTOR → C2.1_DISTRACTOR → RESTART2 → C2_DISTRACTOR → C2.1_DISTRACTOR → RESTART3 → FAILED",4,FAILED
"C1_CORRECT → C2_DISTRACTOR → C2.1_CORRECT → C3_CORRECT → COMPLETE",1,COMPLETE
"C1_CORRECT → C2_DISTRACTOR → C2.1_CORRECT → C3_INCORRECT → RESTART1 → C3_CORRECT → COMPLETE",2,COMPLETE
"C1_CORRECT → C2_DISTRACTOR → C2.1_CORRECT → C3_INCORRECT → RESTART1 → C3_INCORRECT → RESTART2 → C3_CORRECT → COMPLETE",3,COMPLETE
"C1_CORRECT → C2_DISTRACTOR → C2.1_CORRECT → C3_INCORRECT → RESTART1 → C3_INCORRECT → RESTART2 → C3_INCORRECT → RESTART3 → FAILED",4,FAILED
"C1_CORRECT → C2_DISTRACTOR → C2.1_CORRECT → C3_INCORRECT → RESTART1 → C3_INCORRECT → RESTART2 → C3_DISTRACTOR → RESTART3 → FAILED",4,FAILED
"C1_CORRECT → C2_DISTRACTOR → C2.1_CORRECT → C3_INCORRECT → RESTART1 → C3_DISTRACTOR → RESTART2 → C3_CORRECT → COMPLETE",3,COMPLETE
"C1_CORRECT → C2_DISTRACTOR → C2.1_CORRECT → C3_INCORRECT → RESTART1 → C3_DISTRACTOR → RESTART2 → C3_INCORRECT → RESTART3 → FAILED",4,FAILED
"C1_CORRECT → C2_DISTRACTOR → C2.1_CORRECT → C3_INCORRECT → RESTART1 → C3_DISTRACTOR → RESTART2 → C3_DISTRACTOR → RESTART3 → FAILED",4,FAILED
"C1_CORRECT → C2_DISTRACTOR → C2.1_CORRECT → C3_DISTRACTOR → RESTART1 → C3_CORRECT → COMPLETE",2,COMPLETE
"C1_CORRECT → C2_DISTRACTOR → C2.1_CORRECT → C3_DISTRACTOR → RESTART1 → C3_INCORRECT → RESTART2 → C3_CORRECT → COMPLETE",3,COMPLETE
"C1_CORRECT → C2_DISTRACTOR → C2.1_CORRECT → C3_DISTRACTOR → RESTART1 → C3_INCORRECT → RESTART2 → C3_INCORRECT → RESTART3 → FAILED",4,FAILED
"C1_CORRECT → C2_DISTRACTOR → C2.1_CORRECT → C3_DISTRACTOR → RESTART1 → C3_INCORRECT → RESTART2 → C3_DISTRACTOR → RESTART3 → FAILED",4,FAILED
"C1_CORRECT → C2_DISTRACTOR → C2.1_CORRECT → C3_DISTRACTOR → RESTART1 → C3_DISTRACTOR → RESTART2 → C3_CORRECT → COMPLETE",3,COMPLETE
"C1_CORRECT → C2_DISTRACTOR → C2.1_CORRECT → C3_DISTRACTOR → RESTART1 → C3_DISTRACTOR → RESTART2 → C3_INCORRECT → RESTART3 → FAILED",4,FAILED
"C1_CORRECT → C2_DISTRACTOR → C2.1_CORRECT → C3_DISTRACTOR → RESTART1 → C3_DISTRACTOR → RESTART2 → C3_DISTRACTOR → RESTART3 → FAILED",4,FAILED
"C1_CORRECT → C2_DISTRACTOR → C2.1_INCORRECT → RESTART1 → C2_CORRECT → C3_CORRECT → COMPLETE",2,COMPLETE
"C1_CORRECT → C2_DISTRACTOR → C2.1_INCORRECT → RESTART1 → C2_CORRECT → C3_INCORRECT → RESTART2 → C3_CORRECT → COMPLETE",3,COMPLETE
"C1_CORRECT → C2_DISTRACTOR → C2.1_INCORRECT → RESTART1 → C2_CORRECT → C3_INCORRECT → RESTART2 → C3_INCORRECT → RESTART3 → FAILED",4,FAILED
"C1_CORRECT → C2_DISTRACTOR → C2.1_INCORRECT → RESTART1 → C2_CORRECT → C3_INCORRECT → RESTART2 → C3_DISTRACTOR → RESTART3 → FAILED",4,FAILED
"C1_CORRECT → C2_DISTRACTOR → C2.1_INCORRECT → RESTART1 → C2_CORRECT → C3_DISTRACTOR → RESTART2 → C3_CORRECT → COMPLETE",3,COMPLETE
"C1_CORRECT → C2_DISTRACTOR → C2.1_INCORRECT → RESTART1 → C2_CORRECT → C3_DISTRACTOR → RESTART2 → C3_INCORRECT → RESTART3 → FAILED",4,FAILED
"C1_CORRECT → C2_DISTRACTOR → C2.1_INCORRECT → RESTART1 → C2_CORRECT → C3_DISTRACTOR → RESTART2 → C3_DISTRACTOR → RESTART3 → FAILED",4,FAILED
"C1_CORRECT → C2_DISTRACTOR → C2.1_INCORRECT → RESTART1 → C2_INCORRECT → RESTART2 → C2_CORRECT → C3_CORRECT → COMPLETE",3,COMPLETE
"C1_CORRECT → C2_DISTRACTOR → C2.1_INCORRECT → RESTART1 → C2_INCORRECT → RESTART2 → C2_CORRECT → C3_INCORRECT → RESTART3 → FAILED",4,FAILED
"C1_CORRECT → C2_DISTRACTOR → C2.1_INCORRECT → RESTART1 → C2_INCORRECT → RESTART2 → C2_CORRECT → C3_DISTRACTOR → RESTART3 → FAILED",4,FAILED
"C1_CORRECT → C2_DISTRACTOR → C2.1_INCORRECT → RESTART1 → C2_INCORRECT → RESTART2 → C2_INCORRECT → RESTART3 → FAILED",4,FAILED
"C1_CORRECT → C2_DISTRACTOR → C2.1_INCORRECT → RESTART1 → C2_INCORRECT → RESTART2 → C2_DISTRACTOR → C2.1_CORRECT → C3_CORRECT → COMPLETE",3,COMPLETE
"C1_CORRECT → C2_DISTRACTOR → C2.1_INCORRECT → RESTART1 → C2_INCORRECT → RESTART2 → C2_DISTRACTOR → C2.1_CORRECT → C3_INCORRECT → RESTART3 → FAILED",4,FAILED
"C1_CORRECT → C2_DISTRACTOR → C2.1_INCORRECT → RESTART1 → C2_INCORRECT → RESTART2 → C2_DISTRACTOR → C2.1_CORRECT → C3_DISTRACTOR → RESTART3 → FAILED",4,FAILED
"C1_CORRECT → C2_DISTRACTOR → C2.1_INCORRECT → RESTART1 → C2_INCORRECT → RESTART2 → C2_DISTRACTOR → C2.1_INCORRECT → RESTART3 → FAILED",4,FAILED
"C1_CORRECT → C2_DISTRACTOR → C2.1_INCORRECT → RESTART1 → C2_INCORRECT → RESTART2 → C2_DISTRACTOR → C2.1_DISTRACTOR → RESTART3 → FAILED",4,FAILED
"C1_CORRECT → C2_DISTRACTOR → C2.1_INCORRECT → RESTART1 → C2_DISTRACTOR → C2.1_CORRECT → C3_CORRECT → COMPLETE",2,COMPLETE
"C1_CORRECT → C2_DISTRACTOR → C2.1_INCORRECT → RESTART1 → C2_DISTRACTOR → C2.1_CORRECT → C3_INCORRECT → RESTART2 → C3_CORRECT → COMPLETE",3,COMPLETE
"C1_CORRECT → C2_DISTRACTOR → C2.1_INCORRECT → RESTART1 → C2_DISTRACTOR → C2.1_CORRECT → C3_INCORRECT → RESTART2 → C3_INCORRECT → RESTART3 → FAILED",4,FAILED
"C1_CORRECT → C2_DISTRACTOR → C2.1_INCORRECT → RESTART1 → C2_DISTRACTOR → C2.1_CORRECT → C3_INCORRECT → RESTART2 → C3_DISTRACTOR → RESTART3 → FAILED",4,FAILED
"C1_CORRECT → C2_DISTRACTOR → C2.1_INCORRECT → RESTART1 → C2_DISTRACTOR → C2.1_CORRECT → C3_DISTRACTOR → RESTART2 → C3_CORRECT → COMPLETE",3,COMPLETE
"C1_CORRECT → C2_DISTRACTOR → C2.1_INCORRECT → RESTART1 → C2_DISTRACTOR → C2.1_CORRECT → C3_DISTRACTOR → RESTART2 → C3_INCORRECT → RESTART3 → FAILED",4,FAILED
"C1_CORRECT → C2_DISTRACTOR → C2.1_INCORRECT → RESTART1 → C2_DISTRACTOR → C2.1_CORRECT → C3_DISTRACTOR → RESTART2 → C3_DISTRACTOR → RESTART3 → FAILED",4,FAILED
"C1_CORRECT → C2_DISTRACTOR → C2.1_INCORRECT → RESTART1 → C2_DISTRACTOR → C2.1_INCORRECT → RESTART2 → C2_CORRECT → C3_CORRECT → COMPLETE",3,COMPLETE
"C1_CORRECT → C2_DISTRACTOR → C2.1_INCORRECT → RESTART1 → C2_DISTRACTOR → C2.1_INCORRECT → RESTART2 → C2_CORRECT → C3_INCORRECT → RESTART3 → FAILED",4,FAILED
"C1_CORRECT → C2_DISTRACTOR → C2.1_INCORRECT → RESTART1 → C2_DISTRACTOR → C2.1_INCORRECT → RESTART2 → C2_CORRECT → C3_DISTRACTOR → RESTART3 → FAILED",4,FAILED
"C1_CORRECT → C2_DISTRACTOR → C2.1_INCORRECT → RESTART1 → C2_DISTRACTOR → C2.1_INCORRECT → RESTART2 → C2_INCORRECT → RESTART3 → FAILED",4,FAILED
"C1_CORRECT → C2_DISTRACTOR → C2.1_INCORRECT → RESTART1 → C2_DISTRACTOR → C2.1_INCORRECT → RESTART2 → C2_DISTRACTOR → C2.1_CORRECT → C3_CORRECT → COMPLETE",3,COMPLETE
"C1_CORRECT → C2_DISTRACTOR → C2.1_INCORRECT → RESTART1 → C2_DISTRACTOR → C2.1_INCORRECT → RESTART2 → C2_DISTRACTOR → C2.1_CORRECT → C3_INCORRECT → RESTART3 → FAILED",4,FAILED
"C1_CORRECT → C2_DISTRACTOR → C2.1_INCORRECT → RESTART1 → C2_DISTRACTOR → C2.1_INCORRECT → RESTART2 → C2_DISTRACTOR → C2.1_CORRECT → C3_DISTRACTOR → RESTART3 → FAILED",4,FAILED
"C1_CORRECT → C2_DISTRACTOR → C2.1_INCORRECT → RESTART1 → C2_DISTRACTOR → C2.1_INCORRECT → RESTART2 → C2_DISTRACTOR → C2.1_INCORRECT → RESTART3 → FAILED",4,FAILED
"C1_CORRECT → C2_DISTRACTOR → C2.1_INCORRECT → RESTART1 → C2_DISTRACTOR → C2.1_INCORRECT → RESTART2 → C2_DISTRACTOR → C2.1_DISTRACTOR → RESTART3 → FAILED",4,FAILED
"C1_CORRECT → C2_DISTRACTOR → C2.1_INCORRECT → RESTART1 → C2_DISTRACTOR → C2.1_DISTRACTOR → RESTART2 → C2_CORRECT → C3_CORRECT → COMPLETE",3,COMPLETE
"C1_CORRECT → C2_DISTRACTOR → C2.1_INCORRECT → RESTART1 → C2_DISTRACTOR → C2.1_DISTRACTOR → RESTART2 → C2_CORRECT → C3_INCORRECT → RESTART3 → FAILED",4,FAILED
"C1_CORRECT → C2_DISTRACTOR → C2.1_INCORRECT → RESTART1 → C2_DISTRACTOR → C2.1_DISTRACTOR → RESTART2 → C2_CORRECT → C3_DISTRACTOR → RESTART3 → FAILED",4,FAILED
"C1_CORRECT → C2_DISTRACTOR → C2.1_INCORRECT → RESTART1 → C2_DISTRACTOR → C2.1_DISTRACTOR → RESTART2 → C2_INCORRECT → RESTART3 → FAILED",4,FAILED
"C1_CORRECT → C2_DISTRACTOR → C2.1_INCORRECT → RESTART1 → C2_DISTRACTOR → C2.1_DISTRACTOR → RESTART2 → C2_DISTRACTOR → C2.1_CORRECT → C3_CORRECT → COMPLETE",3,COMPLETE
"C1_CORRECT → C2_DISTRACTOR → C2.1_INCORRECT → RESTART1 → C2_DISTRACTOR → C2.1_DISTRACTOR → RESTART2 → C2_DISTRACTOR → C2.1_CORRECT → C3_INCORRECT → RESTART3 → FAILED",4,FAILED
"C1_CORRECT → C2_DISTRACTOR → C2.1_INCORRECT → RESTART1 → C2_DISTRACTOR → C2.1_DISTRACTOR → RESTART2 → C2_DISTRACTOR → C2.1_CORRECT → C3_DISTRACTOR → RESTART3 → FAILED",4,FAILED
"C1_CORRECT → C2_DISTRACTOR → C2.1_INCORRECT → RESTART1 → C2_DISTRACTOR → C2.1_DISTRACTOR → RESTART2 → C2_DISTRACTOR → C2.1_INCORRECT → RESTART3 → FAILED",4,FAILED
"C1_CORRECT → C2_DISTRACTOR → C2.1_INCORRECT → RESTART1 → C2_DISTRACTOR → C2.1_DISTRACTOR → RESTART2 → C2_DISTRACTOR → C2.1_DISTRACTOR → RESTART3 → FAILED",4,FAILED
"C1_CORRECT → C2_DISTRACTOR → C2.1_DISTRACTOR → RESTART1 → C2_CORRECT → C3_CORRECT → COMPLETE",2,COMPLETE
"C1_CORRECT → C2_DISTRACTOR → C2.1_DISTRACTOR → RESTART1 → C2_CORRECT → C3_INCORRECT → RESTART2 → C3_CORRECT → COMPLETE",3,COMPLETE
"C1_CORRECT → C2_DISTRACTOR → C2.1_DISTRACTOR → RESTART1 → C2_CORRECT → C3_INCORRECT → RESTART2 → C3_INCORRECT → RESTART3 → FAILED",4,FAILED
"C1_CORRECT → C2_DISTRACTOR → C2.1_DISTRACTOR → RESTART1 → C2_CORRECT → C3_INCORRECT → RESTART2 → C3_DISTRACTOR → RESTART3 → FAILED",4,FAILED
"C1_CORRECT → C2_DISTRACTOR → C2.1_DISTRACTOR → RESTART1 → C2_CORRECT → C3_DISTRACTOR → RESTART2 → C3_CORRECT → COMPLETE",3,COMPLETE
"C1_CORRECT → C2_DISTRACTOR → C2.1_DISTRACTOR → RESTART1 → C2_CORRECT → C3_DISTRACTOR → RESTART2 → C3_INCORRECT → RESTART3 → FAILED",4,FAILED
"C1_CORRECT → C2_DISTRACTOR → C2.1_DISTRACTOR → RESTART1 → C2_CORRECT → C3_DISTRACTOR → RESTART2 → C3_DISTRACTOR → RESTART3 → FAILED",4,FAILED
"C1_CORRECT → C2_DISTRACTOR → C2.1_DISTRACTOR → RESTART1 → C2_INCORRECT → RESTART2 → C2_CORRECT → C3_CORRECT → COMPLETE",3,COMPLETE
"C1_CORRECT → C2_DISTRACTOR → C2.1_DISTRACTOR → RESTART1 → C2_INCORRECT → RESTART2 → C2_CORRECT → C3_INCORRECT → RESTART3 → FAILED",4,FAILED
"C1_CORRECT → C2_DISTRACTOR → C2.1_DISTRACTOR → RESTART1 → C2_INCORRECT → RESTART2 → C2_CORRECT → C3_DISTRACTOR → RESTART3 → FAILED",4,FAILED
"C1_CORRECT → C2_DISTRACTOR → C2.1_DISTRACTOR → RESTART1 → C2_INCORRECT → RESTART2 → C2_INCORRECT → RESTART3 → FAILED",4,FAILED
"C1_CORRECT → C2_DISTRACTOR → C2.1_DISTRACTOR → RESTART1 → C2_INCORRECT → RESTART2 → C2_DISTRACTOR → C2.1_CORRECT → C3_CORRECT → COMPLETE",3,COMPLETE
"C1_CORRECT → C2_DISTRACTOR → C2.1_DISTRACTOR → RESTART1 → C2_INCORRECT → RESTART2 → C2_DISTRACTOR → C2.1_CORRECT → C3_INCORRECT → RESTART3 → FAILED",4,FAILED
"C1_CORRECT → C2_DISTRACTOR → C2.1_DISTRACTOR → RESTART1 → C2_INCORRECT → RESTART2 → C2_DISTRACTOR → C2.1_CORRECT → C3_DISTRACTOR → RESTART3 → FAILED",4,FAILED
"C1_CORRECT → C2_DISTRACTOR → C2.1_DISTRACTOR → RESTART1 → C2_INCORRECT → RESTART2 → C2_DISTRACTOR → C2.1_INCORRECT → RESTART3 → FAILED",4,FAILED
"C1_CORRECT → C2_DISTRACTOR → C2.1_DISTRACTOR → RESTART1 → C2_INCORRECT → RESTART2 → C2_DISTRACTOR → C2.1_DISTRACTOR → RESTART3 → FAILED",4,FAILED
"C1_CORRECT → C2_DISTRACTOR → C2.1_DISTRACTOR → RESTART1 → C2_DISTRACTOR → C2.1_CORRECT → C3_CORRECT → COMPLETE",2,COMPLETE
"C1_CORRECT → C2_DISTRACTOR → C2.1_DISTRACTOR → RESTART1 → C2_DISTRACTOR → C2.1_CORRECT → C3_INCORRECT → RESTART2 → C3_CORRECT → COMPLETE",3,COMPLETE
"C1_CORRECT → C2_DISTRACTOR → C2.1_DISTRACTOR → RESTART1 → C2_DISTRACTOR → C2.1_CORRECT → C3_INCORRECT → RESTART2 → C3_INCORRECT → RESTART3 → FAILED",4,FAILED
"C1_CORRECT → C2_DISTRACTOR → C2.1_DISTRACTOR → RESTART1 → C2_DISTRACTOR → C2.1_CORRECT → C3_INCORRECT → RESTART2 → C3_DISTRACTOR → RESTART3 → FAILED",4,FAILED
"C1_CORRECT → C2_DISTRACTOR → C2.1_DISTRACTOR → RESTART1 → C2_DISTRACTOR → C2.1_CORRECT → C3_DISTRACTOR → RESTART2 → C3_CORRECT → COMPLETE",3,COMPLETE
"C1_CORRECT → C2_DISTRACTOR → C2.1_DISTRACTOR → RESTART1 → C2_DISTRACTOR → C2.1_CORRECT → C3_DISTRACTOR → RESTART2 → C3_INCORRECT → RESTART3 → FAILED",4,FAILED
"C1_CORRECT → C2_DISTRACTOR → C2.1_DISTRACTOR → RESTART1 → C2_DISTRACTOR → C2.1_CORRECT → C3_DISTRACTOR → RESTART2 → C3_DISTRACTOR → RESTART3 → FAILED",4,FAILED
"C1_CORRECT → C2_DISTRACTOR → C2.1_DISTRACTOR → RESTART1 → C2_DISTRACTOR → C2.1_INCORRECT → RESTART2 → C2_CORRECT → C3_CORRECT → COMPLETE",3,COMPLETE
"C1_CORRECT → C2_DISTRACTOR → C2.1_DISTRACTOR → RESTART1 → C2_DISTRACTOR → C2.1_INCORRECT → RESTART2 → C2_CORRECT → C3_INCORRECT → RESTART3 → FAILED",4,FAILED
"C1_CORRECT → C2_DISTRACTOR → C2.1_DISTRACTOR → RESTART1 → C2_DISTRACTOR → C2.1_INCORRECT → RESTART2 → C2_CORRECT → C3_DISTRACTOR → RESTART3 → FAILED",4,FAILED
"C1_CORRECT → C2_DISTRACTOR → C2.1_DISTRACTOR → RESTART1 → C2_DISTRACTOR → C2.1_INCORRECT → RESTART2 → C2_INCORRECT → RESTART3 → FAILED",4,FAILED
"C1_CORRECT → C2_DISTRACTOR → C2.1_DISTRACTOR → RESTART1 → C2_DISTRACTOR → C2.1_INCORRECT → RESTART2 → C2_DISTRACTOR → C2.1_CORRECT → C3_CORRECT → COMPLETE",3,COMPLETE
"C1_CORRECT → C2_DISTRACTOR → C2.1_DISTRACTOR → RESTART1 → C2_DISTRACTOR → C2.1_INCORRECT → RESTART2 → C2_DISTRACTOR → C2.1_CORRECT → C3_INCORRECT → RESTART3 → FAILED",4,FAILED
"C1_CORRECT → C2_DISTRACTOR → C2.1_DISTRACTOR → RESTART1 → C2_DISTRACTOR → C2.1_INCORRECT → RESTART2 → C2_DISTRACTOR → C2.1_CORRECT → C3_DISTRACTOR → RESTART3 → FAILED",4,FAILED
"C1_CORRECT → C2_DISTRACTOR → C2.1_DISTRACTOR → RESTART1 → C2_DISTRACTOR → C2.1_INCORRECT → RESTART2 → C2_DISTRACTOR → C2.1_INCORRECT → RESTART3 → FAILED",4,FAILED
"C1_CORRECT → C2_DISTRACTOR → C2.1_DISTRACTOR → RESTART1 → C2_DISTRACTOR → C2.1_INCORRECT → RESTART2 → C2_DISTRACTOR → C2.1_DISTRACTOR → RESTART3 → FAILED",4,FAILED
"C1_CORRECT → C2_DISTRACTOR → C2.1_DISTRACTOR → RESTART1 → C2_DISTRACTOR → C2.1_DISTRACTOR → RESTART2 → C2_CORRECT → C3_CORRECT → COMPLETE",3,COMPLETE
"C1_CORRECT → C2_DISTRACTOR → C2.1_DISTRACTOR → RESTART1 → C2_DISTRACTOR → C2.1_DISTRACTOR → RESTART2 → C2_CORRECT → C3_INCORRECT → RESTART3 → FAILED",4,FAILED
"C1_CORRECT → C2_DISTRACTOR → C2.1_DISTRACTOR → RESTART1 → C2_DISTRACTOR → C2.1_DISTRACTOR → RESTART2 → C2_CORRECT → C3_DISTRACTOR → RESTART3 → FAILED",4,FAILED
"C1_CORRECT → C2_DISTRACTOR → C2.1_DISTRACTOR → RESTART1 → C2_DISTRACTOR → C2.1_DISTRACTOR → RESTART2 → C2_INCORRECT → RESTART3 → FAILED",4,FAILED
"C1_CORRECT → C2_DISTRACTOR → C2.1_DISTRACTOR → RESTART1 → C2_DISTRACTOR → C2.1_DISTRACTOR → RESTART2 → C2_DISTRACTOR → C2.1_CORRECT → C3_CORRECT → COMPLETE",3,COMPLETE
"C1_CORRECT → C2_DISTRACTOR → C2.1_DISTRACTOR → RESTART1 → C2_DISTRACTOR → C2.1_DISTRACTOR → RESTART2 → C2_DISTRACTOR → C2.1_CORRECT → C3_INCORRECT → RESTART3 → FAILED",4,FAILED
"C1_CORRECT → C2_DISTRACTOR → C2.1_DISTRACTOR → RESTART1 → C2_DISTRACTOR → C2.1_DISTRACTOR → RESTART2 → C2_DISTRACTOR → C2.1_CORRECT → C3_DISTRACTOR → RESTART3 → FAILED",4,FAILED
"C1_CORRECT → C2_DISTRACTOR → C2.1_DISTRACTOR → RESTART1 → C2_DISTRACTOR → C2.1_DISTRACTOR → RESTART2 → C2_DISTRACTOR → C2.1_INCORRECT → RESTART3 → FAILED",4,FAILED
"C1_CORRECT → C2_DISTRACTOR → C2.1_DISTRACTOR → RESTART1 → C2_DISTRACTOR → C2.1_DISTRACTOR → RESTART2 → C2_DISTRACTOR → C2.1_DISTRACTOR → RESTART3 → FAILED",4,FAILED
"C1_INCORRECT → C1.2_CORRECT → C2_CORRECT → C3_CORRECT → COMPLETE",1,COMPLETE
"C1_INCORRECT → C1.2_CORRECT → C2_CORRECT → C3_INCORRECT → RESTART1 → C3_CORRECT → COMPLETE",2,COMPLETE
"C1_INCORRECT → C1.2_CORRECT → C2_CORRECT → C3_INCORRECT → RESTART1 → C3_INCORRECT → RESTART2 → C3_CORRECT → COMPLETE",3,COMPLETE
"C1_INCORRECT → C1.2_CORRECT → C2_CORRECT → C3_INCORRECT → RESTART1 → C3_INCORRECT → RESTART2 → C3_INCORRECT → RESTART3 → FAILED",4,FAILED
"C1_INCORRECT → C1.2_CORRECT → C2_CORRECT → C3_INCORRECT → RESTART1 → C3_INCORRECT → RESTART2 → C3_DISTRACTOR → RESTART3 → FAILED",4,FAILED
"C1_INCORRECT → C1.2_CORRECT → C2_CORRECT → C3_INCORRECT → RESTART1 → C3_DISTRACTOR → RESTART2 → C3_CORRECT → COMPLETE",3,COMPLETE
"C1_INCORRECT → C1.2_CORRECT → C2_CORRECT → C3_INCORRECT → RESTART1 → C3_DISTRACTOR → RESTART2 → C3_INCORRECT → RESTART3 → FAILED",4,FAILED
"C1_INCORRECT → C1.2_CORRECT → C2_CORRECT → C3_INCORRECT → RESTART1 → C3_DISTRACTOR → RESTART2 → C3_DISTRACTOR → RESTART3 → FAILED",4,FAILED
"C1_INCORRECT → C1.2_CORRECT → C2_CORRECT → C3_DISTRACTOR → RESTART1 → C3_CORRECT → COMPLETE",2,COMPLETE
"C1_INCORRECT → C1.2_CORRECT → C2_CORRECT → C3_DISTRACTOR → RESTART1 → C3_INCORRECT → RESTART2 → C3_CORRECT → COMPLETE",3,COMPLETE
"C1_INCORRECT → C1.2_CORRECT → C2_CORRECT → C3_DISTRACTOR → RESTART1 → C3_INCORRECT → RESTART2 → C3_INCORRECT → RESTART3 → FAILED",4,FAILED
"C1_INCORRECT → C1.2_CORRECT → C2_CORRECT → C3_DISTRACTOR → RESTART1 → C3_INCORRECT → RESTART2 → C3_DISTRACTOR → RESTART3 → FAILED",4,FAILED
"C1_INCORRECT → C1.2_CORRECT → C2_CORRECT → C3_DISTRACTOR → RESTART1 → C3_DISTRACTOR → RESTART2 → C3_CORRECT → COMPLETE",3,COMPLETE
"C1_INCORRECT → C1.2_CORRECT → C2_CORRECT → C3_DISTRACTOR → RESTART1 → C3_DISTRACTOR → RESTART2 → C3_INCORRECT → RESTART3 → FAILED",4,FAILED
"C1_INCORRECT → C1.2_CORRECT → C2_CORRECT → C3_DISTRACTOR → RESTART1 → C3_DISTRACTOR → RESTART2 → C3_DISTRACTOR → RESTART3 → FAILED",4,FAILED
"C1_INCORRECT → C1.2_CORRECT → C2_INCORRECT → RESTART1 → C2_CORRECT → C3_CORRECT → COMPLETE",2,COMPLETE
"C1_INCORRECT → C1.2_CORRECT → C2_INCORRECT → RESTART1 → C2_CORRECT → C3_INCORRECT → RESTART2 → C3_CORRECT → COMPLETE",3,COMPLETE
"C1_INCORRECT → C1.2_CORRECT → C2_INCORRECT → RESTART1 → C2_CORRECT → C3_INCORRECT → RESTART2 → C3_INCORRECT → RESTART3 → FAILED",4,FAILED
"C1_INCORRECT → C1.2_CORRECT → C2_INCORRECT → RESTART1 → C2_CORRECT → C3_INCORRECT → RESTART2 → C3_DISTRACTOR → RESTART3 → FAILED",4,FAILED
"C1_INCORRECT → C1.2_CORRECT → C2_INCORRECT → RESTART1 → C2_CORRECT → C3_DISTRACTOR → RESTART2 → C3_CORRECT → COMPLETE",3,COMPLETE
"C1_INCORRECT → C1.2_CORRECT → C2_INCORRECT → RESTART1 → C2_CORRECT → C3_DISTRACTOR → RESTART2 → C3_INCORRECT → RESTART3 → FAILED",4,FAILED
"C1_INCORRECT → C1.2_CORRECT → C2_INCORRECT → RESTART1 → C2_CORRECT → C3_DISTRACTOR → RESTART2 → C3_DISTRACTOR → RESTART3 → FAILED",4,FAILED
"C1_INCORRECT → C1.2_CORRECT → C2_INCORRECT → RESTART1 → C2_INCORRECT → RESTART2 → C2_CORRECT → C3_CORRECT → COMPLETE",3,COMPLETE
"C1_INCORRECT → C1.2_CORRECT → C2_INCORRECT → RESTART1 → C2_INCORRECT → RESTART2 → C2_CORRECT → C3_INCORRECT → RESTART3 → FAILED",4,FAILED
"C1_INCORRECT → C1.2_CORRECT → C2_INCORRECT → RESTART1 → C2_INCORRECT → RESTART2 → C2_CORRECT → C3_DISTRACTOR → RESTART3 → FAILED",4,FAILED
"C1_INCORRECT → C1.2_CORRECT → C2_INCORRECT → RESTART1 → C2_INCORRECT → RESTART2 → C2_INCORRECT → RESTART3 → FAILED",4,FAILED
"C1_INCORRECT → C1.2_CORRECT → C2_INCORRECT → RESTART1 → C2_INCORRECT → RESTART2 → C2_DISTRACTOR → C2.1_CORRECT → C3_CORRECT → COMPLETE",3,COMPLETE
"C1_INCORRECT → C1.2_CORRECT → C2_INCORRECT → RESTART1 → C2_INCORRECT → RESTART2 → C2_DISTRACTOR → C2.1_CORRECT → C3_INCORRECT → RESTART3 → FAILED",4,FAILED
"C1_INCORRECT → C1.2_CORRECT → C2_INCORRECT → RESTART1 → C2_INCORRECT → RESTART2 → C2_DISTRACTOR → C2.1_CORRECT → C3_DISTRACTOR → RESTART3 → FAILED",4,FAILED
"C1_INCORRECT → C1.2_CORRECT → C2_INCORRECT → RESTART1 → C2_INCORRECT → RESTART2 → C2_DISTRACTOR → C2.1_INCORRECT → RESTART3 → FAILED",4,FAILED
"C1_INCORRECT → C1.2_CORRECT → C2_INCORRECT → RESTART1 → C2_INCORRECT → RESTART2 → C2_DISTRACTOR → C2.1_DISTRACTOR → RESTART3 → FAILED",4,FAILED
"C1_INCORRECT → C1.2_CORRECT → C2_INCORRECT → RESTART1 → C2_DISTRACTOR → C2.1_CORRECT → C3_CORRECT → COMPLETE",2,COMPLETE
"C1_INCORRECT → C1.2_CORRECT → C2_INCORRECT → RESTART1 → C2_DISTRACTOR → C2.1_CORRECT → C3_INCORRECT → RESTART2 → C3_CORRECT → COMPLETE",3,COMPLETE
"C1_INCORRECT → C1.2_CORRECT → C2_INCORRECT → RESTART1 → C2_DISTRACTOR → C2.1_CORRECT → C3_INCORRECT → RESTART2 → C3_INCORRECT → RESTART3 → FAILED",4,FAILED
"C1_INCORRECT → C1.2_CORRECT → C2_INCORRECT → RESTART1 → C2_DISTRACTOR → C2.1_CORRECT → C3_INCORRECT → RESTART2 → C3_DISTRACTOR → RESTART3 → FAILED",4,FAILED
"C1_INCORRECT → C1.2_CORRECT → C2_INCORRECT → RESTART1 → C2_DISTRACTOR → C2.1_CORRECT → C3_DISTRACTOR → RESTART2 → C3_CORRECT → COMPLETE",3,COMPLETE
"C1_INCORRECT → C1.2_CORRECT → C2_INCORRECT → RESTART1 → C2_DISTRACTOR → C2.1_CORRECT → C3_DISTRACTOR → RESTART2 → C3_INCORRECT → RESTART3 → FAILED",4,FAILED
"C1_INCORRECT → C1.2_CORRECT → C2_INCORRECT → RESTART1 → C2_DISTRACTOR → C2.1_CORRECT → C3_DISTRACTOR → RESTART2 → C3_DISTRACTOR → RESTART3 → FAILED",4,FAILED
"C1_INCORRECT → C1.2_CORRECT → C2_INCORRECT → RESTART1 → C2_DISTRACTOR → C2.1_INCORRECT → RESTART2 → C2_CORRECT → C3_CORRECT → COMPLETE",3,COMPLETE
"C1_INCORRECT → C1.2_CORRECT → C2_INCORRECT → RESTART1 → C2_DISTRACTOR → C2.1_INCORRECT → RESTART2 → C2_CORRECT → C3_INCORRECT → RESTART3 → FAILED",4,FAILED
"C1_INCORRECT → C1.2_CORRECT → C2_INCORRECT → RESTART1 → C2_DISTRACTOR → C2.1_INCORRECT → RESTART2 → C2_CORRECT → C3_DISTRACTOR → RESTART3 → FAILED",4,FAILED
"C1_INCORRECT → C1.2_CORRECT → C2_INCORRECT → RESTART1 → C2_DISTRACTOR → C2.1_INCORRECT → RESTART2 → C2_INCORRECT → RESTART3 → FAILED",4,FAILED
"C1_INCORRECT → C1.2_CORRECT → C2_INCORRECT → RESTART1 → C2_DISTRACTOR → C2.1_INCORRECT → RESTART2 → C2_DISTRACTOR → C2.1_CORRECT → C3_CORRECT → COMPLETE",3,COMPLETE
"C1_INCORRECT → C1.2_CORRECT → C2_INCORRECT → RESTART1 → C2_DISTRACTOR → C2.1_INCORRECT → RESTART2 → C2_DISTRACTOR → C2.1_CORRECT → C3_INCORRECT → RESTART3 → FAILED",4,FAILED
"C1_INCORRECT → C1.2_CORRECT → C2_INCORRECT → RESTART1 → C2_DISTRACTOR → C2.1_INCORRECT → RESTART2 → C2_DISTRACTOR → C2.1_CORRECT → C3_DISTRACTOR → RESTART3 → FAILED",4,FAILED
"C1_INCORRECT → C1.2_CORRECT → C2_INCORRECT → RESTART1 → C2_DISTRACTOR → C2.1_INCORRECT → RESTART2 → C2_DISTRACTOR → C2.1_INCORRECT → RESTART3 → FAILED",4,FAILED
"C1_INCORRECT → C1.2_CORRECT → C2_INCORRECT → RESTART1 → C2_DISTRACTOR → C2.1_INCORRECT → RESTART2 → C2_DISTRACTOR → C2.1_DISTRACTOR → RESTART3 → FAILED",4,FAILED
"C1_INCORRECT → C1.2_CORRECT → C2_INCORRECT → RESTART1 → C2_DISTRACTOR → C2.1_DISTRACTOR → RESTART2 → C2_CORRECT → C3_CORRECT → COMPLETE",3,COMPLETE
"C1_INCORRECT → C1.2_CORRECT → C2_INCORRECT → RESTART1 → C2_DISTRACTOR → C2.1_DISTRACTOR → RESTART2 → C2_CORRECT → C3_INCORRECT → RESTART3 → FAILED",4,FAILED
"C1_INCORRECT → C1.2_CORRECT → C2_INCORRECT → RESTART1 → C2_DISTRACTOR → C2.1_DISTRACTOR → RESTART2 → C2_CORRECT → C3_DISTRACTOR → RESTART3 → FAILED",4,FAILED
"C1_INCORRECT → C1.2_CORRECT → C2_INCORRECT → RESTART1 → C2_DISTRACTOR → C2.1_DISTRACTOR → RESTART2 → C2_INCORRECT → RESTART3 → FAILED",4,FAILED
"C1_INCORRECT → C1.2_CORRECT → C2_INCORRECT → RESTART1 → C2_DISTRACTOR → C2.1_DISTRACTOR → RESTART2 → C2_DISTRACTOR → C2.1_CORRECT → C3_CORRECT → COMPLETE",3,COMPLETE
"C1_INCORRECT → C1.2_CORRECT → C2_INCORRECT → RESTART1 → C2_DISTRACTOR → C2.1_DISTRACTOR → RESTART2 → C2_DISTRACTOR → C2.1_CORRECT → C3_INCORRECT → RESTART3 → FAILED",4,FAILED
"C1_INCORRECT → C1.2_CORRECT → C2_INCORRECT → RESTART1 → C2_DISTRACTOR → C2.1_DISTRACTOR → RESTART2 → C2_DISTRACTOR → C2.1_CORRECT → C3_DISTRACTOR → RESTART3 → FAILED",4,FAILED
"C1_INCORRECT → C1.2_CORRECT → C2_INCORRECT → RESTART1 → C2_DISTRACTOR → C2.1_DISTRACTOR → RESTART2 → C2_DISTRACTOR → C2.1_INCORRECT → RESTART3 → FAILED",4,FAILED
"C1_INCORRECT → C1.2_CORRECT → C2_INCORRECT → RESTART1 → C2_DISTRACTOR → C2.1_DISTRACTOR → RESTART2 → C2_DISTRACTOR → C2.1_DISTRACTOR → RESTART3 → FAILED",4,FAILED
"C1_INCORRECT → C1.2_CORRECT → C2_DISTRACTOR → C2.1_CORRECT → C3_CORRECT → COMPLETE",1,COMPLETE
"C1_INCORRECT → C1.2_CORRECT → C2_DISTRACTOR → C2.1_CORRECT → C3_INCORRECT → RESTART1 → C3_CORRECT → COMPLETE",2,COMPLETE
"C1_INCORRECT → C1.2_CORRECT → C2_DISTRACTOR → C2.1_CORRECT → C3_INCORRECT → RESTART1 → C3_INCORRECT → RESTART2 → C3_CORRECT → COMPLETE",3,COMPLETE
"C1_INCORRECT → C1.2_CORRECT → C2_DISTRACTOR → C2.1_CORRECT → C3_INCORRECT → RESTART1 → C3_INCORRECT → RESTART2 → C3_INCORRECT → RESTART3 → FAILED",4,FAILED
"C1_INCORRECT → C1.2_CORRECT → C2_DISTRACTOR → C2.1_CORRECT → C3_INCORRECT → RESTART1 → C3_INCORRECT → RESTART2 → C3_DISTRACTOR → RESTART3 → FAILED",4,FAILED
"C1_INCORRECT → C1.2_CORRECT → C2_DISTRACTOR → C2.1_CORRECT → C3_INCORRECT → RESTART1 → C3_DISTRACTOR → RESTART2 → C3_CORRECT → COMPLETE",3,COMPLETE
"C1_INCORRECT → C1.2_CORRECT → C2_DISTRACTOR → C2.1_CORRECT → C3_INCORRECT → RESTART1 → C3_DISTRACTOR → RESTART2 → C3_INCORRECT → RESTART3 → FAILED",4,FAILED
"C1_INCORRECT → C1.2_CORRECT → C2_DISTRACTOR → C2.1_CORRECT → C3_INCORRECT → RESTART1 → C3_DISTRACTOR → RESTART2 → C3_DISTRACTOR → RESTART3 → FAILED",4,FAILED
"C1_INCORRECT → C1.2_CORRECT → C2_DISTRACTOR → C2.1_CORRECT → C3_DISTRACTOR → RESTART1 → C3_CORRECT → COMPLETE",2,COMPLETE
"C1_INCORRECT → C1.2_CORRECT → C2_DISTRACTOR → C2.1_CORRECT → C3_DISTRACTOR → RESTART1 → C3_INCORRECT → RESTART2 → C3_CORRECT → COMPLETE",3,COMPLETE
"C1_INCORRECT → C1.2_CORRECT → C2_DISTRACTOR → C2.1_CORRECT → C3_DISTRACTOR → RESTART1 → C3_INCORRECT → RESTART2 → C3_INCORRECT → RESTART3 → FAILED",4,FAILED
"C1_INCORRECT → C1.2_CORRECT → C2_DISTRACTOR → C2.1_CORRECT → C3_DISTRACTOR → RESTART1 → C3_INCORRECT → RESTART2 → C3_DISTRACTOR → RESTART3 → FAILED",4,FAILED
"C1_INCORRECT → C1.2_CORRECT → C2_DISTRACTOR → C2.1_CORRECT → C3_DISTRACTOR → RESTART1 → C3_DISTRACTOR → RESTART2 → C3_CORRECT → COMPLETE",3,COMPLETE
"C1_INCORRECT → C1.2_CORRECT → C2_DISTRACTOR → C2.1_CORRECT → C3_DISTRACTOR → RESTART1 → C3_DISTRACTOR → RESTART2 → C3_INCORRECT → RESTART3 → FAILED",4,FAILED
"C1_INCORRECT → C1.2_CORRECT → C2_DISTRACTOR → C2.1_CORRECT → C3_DISTRACTOR → RESTART1 → C3_DISTRACTOR → RESTART2 → C3_DISTRACTOR → RESTART3 → FAILED",4,FAILED
"C1_INCORRECT → C1.2_CORRECT → C2_DISTRACTOR → C2.1_INCORRECT → RESTART1 → C2_CORRECT → C3_CORRECT → COMPLETE",2,COMPLETE
"C1_INCORRECT → C1.2_CORRECT → C2_DISTRACTOR → C2.1_INCORRECT → RESTART1 → C2_CORRECT → C3_INCORRECT → RESTART2 → C3_CORRECT → COMPLETE",3,COMPLETE
"C1_INCORRECT → C1.2_CORRECT → C2_DISTRACTOR → C2.1_INCORRECT → RESTART1 → C2_CORRECT → C3_INCORRECT → RESTART2 → C3_INCORRECT → RESTART3 → FAILED",4,FAILED
"C1_INCORRECT → C1.2_CORRECT → C2_DISTRACTOR → C2.1_INCORRECT → RESTART1 → C2_CORRECT → C3_INCORRECT → RESTART2 → C3_DISTRACTOR → RESTART3 → FAILED",4,FAILED
"C1_INCORRECT → C1.2_CORRECT → C2_DISTRACTOR → C2.1_INCORRECT → RESTART1 → C2_CORRECT → C3_DISTRACTOR → RESTART2 → C3_CORRECT → COMPLETE",3,COMPLETE
"C1_INCORRECT → C1.2_CORRECT → C2_DISTRACTOR → C2.1_INCORRECT → RESTART1 → C2_CORRECT → C3_DISTRACTOR → RESTART2 → C3_INCORRECT → RESTART3 → FAILED",4,FAILED
"C1_INCORRECT → C1.2_CORRECT → C2_DISTRACTOR → C2.1_INCORRECT → RESTART1 → C2_CORRECT → C3_DISTRACTOR → RESTART2 → C3_DISTRACTOR → RESTART3 → FAILED",4,FAILED
"C1_INCORRECT → C1.2_CORRECT → C2_DISTRACTOR → C2.1_INCORRECT → RESTART1 → C2_INCORRECT → RESTART2 → C2_CORRECT → C3_CORRECT → COMPLETE",3,COMPLETE
"C1_INCORRECT → C1.2_CORRECT → C2_DISTRACTOR → C2.1_INCORRECT → RESTART1 → C2_INCORRECT → RESTART2 → C2_CORRECT → C3_INCORRECT → RESTART3 → FAILED",4,FAILED
"C1_INCORRECT → C1.2_CORRECT → C2_DISTRACTOR → C2.1_INCORRECT → RESTART1 → C2_INCORRECT → RESTART2 → C2_CORRECT → C3_DISTRACTOR → RESTART3 → FAILED",4,FAILED
"C1_INCORRECT → C1.2_CORRECT → C2_DISTRACTOR → C2.1_INCORRECT → RESTART1 → C2_INCORRECT → RESTART2 → C2_INCORRECT → RESTART3 → FAILED",4,FAILED
"C1_INCORRECT → C1.2_CORRECT → C2_DISTRACTOR → C2.1_INCORRECT → RESTART1 → C2_INCORRECT → RESTART2 → C2_DISTRACTOR → C2.1_CORRECT → C3_CORRECT → COMPLETE",3,COMPLETE
"C1_INCORRECT → C1.2_CORRECT → C2_DISTRACTOR → C2.1_INCORRECT → RESTART1 → C2_INCORRECT → RESTART2 → C2_DISTRACTOR → C2.1_CORRECT → C3_INCORRECT → RESTART3 → FAILED",4,FAILED
"C1_INCORRECT → C1.2_CORRECT → C2_DISTRACTOR → C2.1_INCORRECT → RESTART1 → C2_INCORRECT → RESTART2 → C2_DISTRACTOR → C2.1_CORRECT → C3_DISTRACTOR → RESTART3 → FAILED",4,FAILED
"C1_INCORRECT → C1.2_CORRECT → C2_DISTRACTOR → C2.1_INCORRECT → RESTART1 → C2_INCORRECT → RESTART2 → C2_DISTRACTOR → C2.1_INCORRECT → RESTART3 → FAILED",4,FAILED
"C1_INCORRECT → C1.2_CORRECT → C2_DISTRACTOR → C2.1_INCORRECT → RESTART1 → C2_INCORRECT → RESTART2 → C2_DISTRACTOR → C2.1_DISTRACTOR → RESTART3 → FAILED",4,FAILED
"C1_INCORRECT → C1.2_CORRECT → C2_DISTRACTOR → C2.1_INCORRECT → RESTART1 → C2_DISTRACTOR → C2.1_CORRECT → C3_CORRECT → COMPLETE",2,COMPLETE
"C1_INCORRECT → C1.2_CORRECT → C2_DISTRACTOR → C2.1_INCORRECT → RESTART1 → C2_DISTRACTOR → C2.1_CORRECT → C3_INCORRECT → RESTART2 → C3_CORRECT → COMPLETE",3,COMPLETE
"C1_INCORRECT → C1.2_CORRECT → C2_DISTRACTOR → C2.1_INCORRECT → RESTART1 → C2_DISTRACTOR → C2.1_CORRECT → C3_INCORRECT → RESTART2 → C3_INCORRECT → RESTART3 → FAILED",4,FAILED
"C1_INCORRECT → C1.2_CORRECT → C2_DISTRACTOR → C2.1_INCORRECT → RESTART1 → C2_DISTRACTOR → C2.1_CORRECT → C3_INCORRECT → RESTART2 → C3_DISTRACTOR → RESTART3 → FAILED",4,FAILED
"C1_INCORRECT → C1.2_CORRECT → C2_DISTRACTOR → C2.1_INCORRECT → RESTART1 → C2_DISTRACTOR → C2.1_CORRECT → C3_DISTRACTOR → RESTART2 → C3_CORRECT → COMPLETE",3,COMPLETE
"C1_INCORRECT → C1.2_CORRECT → C2_DISTRACTOR → C2.1_INCORRECT → RESTART1 → C2_DISTRACTOR → C2.1_CORRECT → C3_DISTRACTOR → RESTART2 → C3_INCORRECT → RESTART3 → FAILED",4,FAILED
"C1_INCORRECT → C1.2_CORRECT → C2_DISTRACTOR → C2.1_INCORRECT → RESTART1 → C2_DISTRACTOR → C2.1_CORRECT → C3_DISTRACTOR → RESTART2 → C3_DISTRACTOR → RESTART3 → FAILED",4,FAILED
"C1_INCORRECT → C1.2_CORRECT → C2_DISTRACTOR → C2.1_INCORRECT → RESTART1 → C2_DISTRACTOR → C2.1_INCORRECT → RESTART2 → C2_CORRECT → C3_CORRECT → COMPLETE",3,COMPLETE
"C1_INCORRECT → C1.2_CORRECT → C2_DISTRACTOR → C2.1_INCORRECT → RESTART1 → C2_DISTRACTOR → C2.1_INCORRECT → RESTART2 → C2_CORRECT → C3_INCORRECT → RESTART3 → FAILED",4,FAILED
"C1_INCORRECT → C1.2_CORRECT → C2_DISTRACTOR → C2.1_INCORRECT → RESTART1 → C2_DISTRACTOR → C2.1_INCORRECT → RESTART2 → C2_CORRECT → C3_DISTRACTOR → RESTART3 → FAILED",4,FAILED
"C1_INCORRECT → C1.2_CORRECT → C2_DISTRACTOR → C2.1_INCORRECT → RESTART1 → C2_DISTRACTOR → C2.1_INCORRECT → RESTART2 → C2_INCORRECT → RESTART3 → FAILED",4,FAILED
"C1_INCORRECT → C1.2_CORRECT → C2_DISTRACTOR → C2.1_INCORRECT → RESTART1 → C2_DISTRACTOR → C2.1_INCORRECT → RESTART2 → C2_DISTRACTOR → C2.1_CORRECT → C3_CORRECT → COMPLETE",3,COMPLETE
"C1_INCORRECT → C1.2_CORRECT → C2_DISTRACTOR → C2.1_INCORRECT → RESTART1 → C2_DISTRACTOR → C2.1_INCORRECT → RESTART2 → C2_DISTRACTOR → C2.1_CORRECT → C3_INCORRECT → RESTART3 → FAILED",4,FAILED
"C1_INCORRECT → C1.2_CORRECT → C2_DISTRACTOR → C2.1_INCORRECT → RESTART1 → C2_DISTRACTOR → C2.1_INCORRECT → RESTART2 → C2_DISTRACTOR → C2.1_CORRECT → C3_DISTRACTOR → RESTART3 → FAILED",4,FAILED
"C1_INCORRECT → C1.2_CORRECT → C2_DISTRACTOR → C2.1_INCORRECT → RESTART1 → C2_DISTRACTOR → C2.1_INCORRECT → RESTART2 → C2_DISTRACTOR → C2.1_INCORRECT → RESTART3 → FAILED",4,FAILED
"C1_INCORRECT → C1.2_CORRECT → C2_DISTRACTOR → C2.1_INCORRECT → RESTART1 → C2_DISTRACTOR → C2.1_INCORRECT → RESTART2 → C2_DISTRACTOR → C2.1_DISTRACTOR → RESTART3 → FAILED",4,FAILED
"C1_INCORRECT → C1.2_CORRECT → C2_DISTRACTOR → C2.1_INCORRECT → RESTART1 → C2_DISTRACTOR → C2.1_DISTRACTOR → RESTART2 → C2_CORRECT → C3_CORRECT → COMPLETE",3,COMPLETE
"C1_INCORRECT → C1.2_CORRECT → C2_DISTRACTOR → C2.1_INCORRECT → RESTART1 → C2_DISTRACTOR → C2.1_DISTRACTOR → RESTART2 → C2_CORRECT → C3_INCORRECT → RESTART3 → FAILED",4,FAILED
"C1_INCORRECT → C1.2_CORRECT → C2_DISTRACTOR → C2.1_INCORRECT → RESTART1 → C2_DISTRACTOR → C2.1_DISTRACTOR → RESTART2 → C2_CORRECT → C3_DISTRACTOR → RESTART3 → FAILED",4,FAILED
"C1_INCORRECT → C1.2_CORRECT → C2_DISTRACTOR → C2.1_INCORRECT → RESTART1 → C2_DISTRACTOR → C2.1_DISTRACTOR → RESTART2 → C2_INCORRECT → RESTART3 → FAILED",4,FAILED
"C1_INCORRECT → C1.2_CORRECT → C2_DISTRACTOR → C2.1_INCORRECT → RESTART1 → C2_DISTRACTOR → C2.1_DISTRACTOR → RESTART2 → C2_DISTRACTOR → C2.1_CORRECT → C3_CORRECT → COMPLETE",3,COMPLETE
"C1_INCORRECT → C1.2_CORRECT → C2_DISTRACTOR → C2.1_INCORRECT → RESTART1 → C2_DISTRACTOR → C2.1_DISTRACTOR → RESTART2 → C2_DISTRACTOR → C2.1_CORRECT → C3_INCORRECT → RESTART3 → FAILED",4,FAILED
"C1_INCORRECT → C1.2_CORRECT → C2_DISTRACTOR → C2.1_INCORRECT → RESTART1 → C2_DISTRACTOR → C2.1_DISTRACTOR → RESTART2 → C2_DISTRACTOR → C2.1_CORRECT → C3_DISTRACTOR → RESTART3 → FAILED",4,FAILED
"C1_INCORRECT → C1.2_CORRECT → C2_DISTRACTOR → C2.1_INCORRECT → RESTART1 → C2_DISTRACTOR → C2.1_DISTRACTOR → RESTART2 → C2_DISTRACTOR → C2.1_INCORRECT → RESTART3 → FAILED",4,FAILED
"C1_INCORRECT → C1.2_CORRECT → C2_DISTRACTOR → C2.1_INCORRECT → RESTART1 → C2_DISTRACTOR → C2.1_DISTRACTOR → RESTART2 → C2_DISTRACTOR → C2.1_DISTRACTOR → RESTART3 → FAILED",4,FAILED
"C1_INCORRECT → C1.2_CORRECT → C2_DISTRACTOR → C2.1_DISTRACTOR → RESTART1 → C2_CORRECT → C3_CORRECT → COMPLETE",2,COMPLETE
"C1_INCORRECT → C1.2_CORRECT → C2_DISTRACTOR → C2.1_DISTRACTOR → RESTART1 → C2_CORRECT → C3_INCORRECT → RESTART2 → C3_CORRECT → COMPLETE",3,COMPLETE
"C1_INCORRECT → C1.2_CORRECT → C2_DISTRACTOR → C2.1_DISTRACTOR → RESTART1 → C2_CORRECT → C3_INCORRECT → RESTART2 → C3_INCORRECT → RESTART3 → FAILED",4,FAILED
"C1_INCORRECT → C1.2_CORRECT → C2_DISTRACTOR → C2.1_DISTRACTOR → RESTART1 → C2_CORRECT → C3_INCORRECT → RESTART2 → C3_DISTRACTOR → RESTART3 → FAILED",4,FAILED
"C1_INCORRECT → C1.2_CORRECT → C2_DISTRACTOR → C2.1_DISTRACTOR → RESTART1 → C2_CORRECT → C3_DISTRACTOR → RESTART2 → C3_CORRECT → COMPLETE",3,COMPLETE
"C1_INCORRECT → C1.2_CORRECT → C2_DISTRACTOR → C2.1_DISTRACTOR → RESTART1 → C2_CORRECT → C3_DISTRACTOR → RESTART2 → C3_INCORRECT → RESTART3 → FAILED",4,FAILED
"C1_INCORRECT → C1.2_CORRECT → C2_DISTRACTOR → C2.1_DISTRACTOR → RESTART1 → C2_CORRECT → C3_DISTRACTOR → RESTART2 → C3_DISTRACTOR → RESTART3 → FAILED",4,FAILED
"C1_INCORRECT → C1.2_CORRECT → C2_DISTRACTOR → C2.1_DISTRACTOR → RESTART1 → C2_INCORRECT → RESTART2 → C2_CORRECT → C3_CORRECT → COMPLETE",3,COMPLETE
"C1_INCORRECT → C1.2_CORRECT → C2_DISTRACTOR → C2.1_DISTRACTOR → RESTART1 → C2_INCORRECT → RESTART2 → C2_CORRECT → C3_INCORRECT → RESTART3 → FAILED",4,FAILED
"C1_INCORRECT → C1.2_CORRECT → C2_DISTRACTOR → C2.1_DISTRACTOR → RESTART1 → C2_INCORRECT → RESTART2 → C2_CORRECT → C3_DISTRACTOR → RESTART3 → FAILED",4,FAILED
"C1_INCORRECT → C1.2_CORRECT → C2_DISTRACTOR → C2.1_DISTRACTOR → RESTART1 → C2_INCORRECT → RESTART2 → C2_INCORRECT → RESTART3 → FAILED",4,FAILED
"C1_INCORRECT → C1.2_CORRECT → C2_DISTRACTOR → C2.1_DISTRACTOR → RESTART1 → C2_INCORRECT → RESTART2 → C2_DISTRACTOR → C2.1_CORRECT → C3_CORRECT → COMPLETE",3,COMPLETE
"C1_INCORRECT → C1.2_CORRECT → C2_DISTRACTOR → C2.1_DISTRACTOR → RESTART1 → C2_INCORRECT → RESTART2 → C2_DISTRACTOR → C2.1_CORRECT → C3_INCORRECT → RESTART3 → FAILED",4,FAILED
"C1_INCORRECT → C1.2_CORRECT → C2_DISTRACTOR → C2.1_DISTRACTOR → RESTART1 → C2_INCORRECT → RESTART2 → C2_DISTRACTOR → C2.1_CORRECT → C3_DISTRACTOR → RESTART3 → FAILED",4,FAILED
"C1_INCORRECT → C1.2_CORRECT → C2_DISTRACTOR → C2.1_DISTRACTOR → RESTART1 → C2_INCORRECT → RESTART2 → C2_DISTRACTOR → C2.1_INCORRECT → RESTART3 → FAILED",4,FAILED
"C1_INCORRECT → C1.2_CORRECT → C2_DISTRACTOR → C2.1_DISTRACTOR → RESTART1 → C2_INCORRECT → RESTART2 → C2_DISTRACTOR → C2.1_DISTRACTOR → RESTART3 → FAILED",4,FAILED
"C1_INCORRECT → C1.2_CORRECT → C2_DISTRACTOR → C2.1_DISTRACTOR → RESTART1 → C2_DISTRACTOR → C2.1_CORRECT → C3_CORRECT → COMPLETE",2,COMPLETE
"C1_INCORRECT → C1.2_CORRECT → C2_DISTRACTOR → C2.1_DISTRACTOR → RESTART1 → C2_DISTRACTOR → C2.1_CORRECT → C3_INCORRECT → RESTART2 → C3_CORRECT → COMPLETE",3,COMPLETE
"C1_INCORRECT → C1.2_CORRECT → C2_DISTRACTOR → C2.1_DISTRACTOR → RESTART1 → C2_DISTRACTOR → C2.1_CORRECT → C3_INCORRECT → RESTART2 → C3_INCORRECT → RESTART3 → FAILED",4,FAILED
"C1_INCORRECT → C1.2_CORRECT → C2_DISTRACTOR → C2.1_DISTRACTOR → RESTART1 → C2_DISTRACTOR → C2.1_CORRECT → C3_INCORRECT → RESTART2 → C3_DISTRACTOR → RESTART3 → FAILED",4,FAILED
"C1_INCORRECT → C1.2_CORRECT → C2_DISTRACTOR → C2.1_DISTRACTOR → RESTART1 → C2_DISTRACTOR → C2.1_CORRECT → C3_DISTRACTOR → RESTART2 → C3_CORRECT → COMPLETE",3,COMPLETE
"C1_INCORRECT → C1.2_CORRECT → C2_DISTRACTOR → C2.1_DISTRACTOR → RESTART1 → C2_DISTRACTOR → C2.1_CORRECT → C3_DISTRACTOR → RESTART2 → C3_INCORRECT → RESTART3 → FAILED",4,FAILED
"C1_INCORRECT → C1.2_CORRECT → C2_DISTRACTOR → C2.1_DISTRACTOR → RESTART1 → C2_DISTRACTOR → C2.1_CORRECT → C3_DISTRACTOR → RESTART2 → C3_DISTRACTOR → RESTART3 → FAILED",4,FAILED
"C1_INCORRECT → C1.2_CORRECT → C2_DISTRACTOR → C2.1_DISTRACTOR → RESTART1 → C2_DISTRACTOR → C2.1_INCORRECT → RESTART2 → C2_CORRECT → C3_CORRECT → COMPLETE",3,COMPLETE
"C1_INCORRECT → C1.2_CORRECT → C2_DISTRACTOR → C2.1_DISTRACTOR → RESTART1 → C2_DISTRACTOR → C2.1_INCORRECT → RESTART2 → C2_CORRECT → C3_INCORRECT → RESTART3 → FAILED",4,FAILED
"C1_INCORRECT → C1.2_CORRECT → C2_DISTRACTOR → C2.1_DISTRACTOR → RESTART1 → C2_DISTRACTOR → C2.1_INCORRECT → RESTART2 → C2_CORRECT → C3_DISTRACTOR → RESTART3 → FAILED",4,FAILED
"C1_INCORRECT → C1.2_CORRECT → C2_DISTRACTOR → C2.1_DISTRACTOR → RESTART1 → C2_DISTRACTOR → C2.1_INCORRECT → RESTART2 → C2_INCORRECT → RESTART3 → FAILED",4,FAILED
"C1_INCORRECT → C1.2_CORRECT → C2_DISTRACTOR → C2.1_DISTRACTOR → RESTART1 → C2_DISTRACTOR → C2.1_INCORRECT → RESTART2 → C2_DISTRACTOR → C2.1_CORRECT → C3_CORRECT → COMPLETE",3,COMPLETE
"C1_INCORRECT → C1.2_CORRECT → C2_DISTRACTOR → C2.1_DISTRACTOR → RESTART1 → C2_DISTRACTOR → C2.1_INCORRECT → RESTART2 → C2_DISTRACTOR → C2.1_CORRECT → C3_INCORRECT → RESTART3 → FAILED",4,FAILED
"C1_INCORRECT → C1.2_CORRECT → C2_DISTRACTOR → C2.1_DISTRACTOR → RESTART1 → C2_DISTRACTOR → C2.1_INCORRECT → RESTART2 → C2_DISTRACTOR → C2.1_CORRECT → C3_DISTRACTOR → RESTART3 → FAILED",4,FAILED
"C1_INCORRECT → C1.2_CORRECT → C2_DISTRACTOR → C2.1_DISTRACTOR → RESTART1 → C2_DISTRACTOR → C2.1_INCORRECT → RESTART2 → C2_DISTRACTOR → C2.1_INCORRECT → RESTART3 → FAILED",4,FAILED
"C1_INCORRECT → C1.2_CORRECT → C2_DISTRACTOR → C2.1_DISTRACTOR → RESTART1 → C2_DISTRACTOR → C2.1_INCORRECT → RESTART2 → C2_DISTRACTOR → C2.1_DISTRACTOR → RESTART3 → FAILED",4,FAILED
"C1_INCORRECT → C1.2_CORRECT → C2_DISTRACTOR → C2.1_DISTRACTOR → RESTART1 → C2_DISTRACTOR → C2.1_DISTRACTOR → RESTART2 → C2_CORRECT → C3_CORRECT → COMPLETE",3,COMPLETE
"C1_INCORRECT → C1.2_CORRECT → C2_DISTRACTOR → C2.1_DISTRACTOR → RESTART1 → C2_DISTRACTOR → C2.1_DISTRACTOR → RESTART2 → C2_CORRECT → C3_INCORRECT → RESTART3 → FAILED",4,FAILED
"C1_INCORRECT → C1.2_CORRECT → C2_DISTRACTOR → C2.1_DISTRACTOR → RESTART1 → C2_DISTRACTOR → C2.1_DISTRACTOR → RESTART2 → C2_CORRECT → C3_DISTRACTOR → RESTART3 → FAILED",4,FAILED
"C1_INCORRECT → C1.2_CORRECT → C2_DISTRACTOR → C2.1_DISTRACTOR → RESTART1 → C2_DISTRACTOR → C2.1_DISTRACTOR → RESTART2 → C2_INCORRECT → RESTART3 → FAILED",4,FAILED
"C1_INCORRECT → C1.2_CORRECT → C2_DISTRACTOR → C2.1_DISTRACTOR → RESTART1 → C2_DISTRACTOR → C2.1_DISTRACTOR → RESTART2 → C2_DISTRACTOR → C2.1_CORRECT → C3_CORRECT → COMPLETE",3,COMPLETE
"C1_INCORRECT → C1.2_CORRECT → C2_DISTRACTOR → C2.1_DISTRACTOR → RESTART1 → C2_DISTRACTOR → C2.1_DISTRACTOR → RESTART2 → C2_DISTRACTOR → C2.1_CORRECT → C3_INCORRECT → RESTART3 → FAILED",4,FAILED
"C1_INCORRECT → C1.2_CORRECT → C2_DISTRACTOR → C2.1_DISTRACTOR → RESTART1 → C2_DISTRACTOR → C2.1_DISTRACTOR → RESTART2 → C2_DISTRACTOR → C2.1_CORRECT → C3_DISTRACTOR → RESTART3 → FAILED",4,FAILED
"C1_INCORRECT → C1.2_CORRECT → C2_DISTRACTOR → C2.1_DISTRACTOR → RESTART1 → C2_DISTRACTOR → C2.1_DISTRACTOR → RESTART2 → C2_DISTRACTOR → C2.1_INCORRECT → RESTART3 → FAILED",4,FAILED
"C1_INCORRECT → C1.2_CORRECT → C2_DISTRACTOR → C2.1_DISTRACTOR → RESTART1 → C2_DISTRACTOR → C2.1_DISTRACTOR → RESTART2 → C2_DISTRACTOR → C2.1_DISTRACTOR → RESTART3 → FAILED",4,FAILED
"C1_INCORRECT → C1.2_INCORRECT → RESTART1 → C1_CORRECT → C2_CORRECT → C3_CORRECT → COMPLETE",2,COMPLETE
"C1_INCORRECT → C1.2_INCORRECT → RESTART1 → C1_CORRECT → C2_CORRECT → C3_INCORRECT → RESTART2 → C3_CORRECT → COMPLETE",3,COMPLETE
"C1_INCORRECT → C1.2_INCORRECT → RESTART1 → C1_CORRECT → C2_CORRECT → C3_INCORRECT → RESTART2 → C3_INCORRECT → RESTART3 → FAILED",4,FAILED
"C1_INCORRECT → C1.2_INCORRECT → RESTART1 → C1_CORRECT → C2_CORRECT → C3_INCORRECT → RESTART2 → C3_DISTRACTOR → RESTART3 → FAILED",4,FAILED
"C1_INCORRECT → C1.2_INCORRECT → RESTART1 → C1_CORRECT → C2_CORRECT → C3_DISTRACTOR → RESTART2 → C3_CORRECT → COMPLETE",3,COMPLETE
"C1_INCORRECT → C1.2_INCORRECT → RESTART1 → C1_CORRECT → C2_CORRECT → C3_DISTRACTOR → RESTART2 → C3_INCORRECT → RESTART3 → FAILED",4,FAILED
"C1_INCORRECT → C1.2_INCORRECT → RESTART1 → C1_CORRECT → C2_CORRECT → C3_DISTRACTOR → RESTART2 → C3_DISTRACTOR → RESTART3 → FAILED",4,FAILED
"C1_INCORRECT → C1.2_INCORRECT → RESTART1 → C1_CORRECT → C2_INCORRECT → RESTART2 → C2_CORRECT → C3_CORRECT → COMPLETE",3,COMPLETE
"C1_INCORRECT → C1.2_INCORRECT → RESTART1 → C1_CORRECT → C2_INCORRECT → RESTART2 → C2_CORRECT → C3_INCORRECT → RESTART3 → FAILED",4,FAILED
"C1_INCORRECT → C1.2_INCORRECT → RESTART1 → C1_CORRECT → C2_INCORRECT → RESTART2 → C2_CORRECT → C3_DISTRACTOR → RESTART3 → FAILED",4,FAILED
"C1_INCORRECT → C1.2_INCORRECT → RESTART1 → C1_CORRECT → C2_INCORRECT → RESTART2 → C2_INCORRECT → RESTART3 → FAILED",4,FAILED
"C1_INCORRECT → C1.2_INCORRECT → RESTART1 → C1_CORRECT → C2_INCORRECT → RESTART2 → C2_DISTRACTOR → C2.1_CORRECT → C3_CORRECT → COMPLETE",3,COMPLETE
"C1_INCORRECT → C1.2_INCORRECT → RESTART1 → C1_CORRECT → C2_INCORRECT → RESTART2 → C2_DISTRACTOR → C2.1_CORRECT → C3_INCORRECT → RESTART3 → FAILED",4,FAILED
"C1_INCORRECT → C1.2_INCORRECT → RESTART1 → C1_CORRECT → C2_INCORRECT → RESTART2 → C2_DISTRACTOR → C2.1_CORRECT → C3_DISTRACTOR → RESTART3 → FAILED",4,FAILED
"C1_INCORRECT → C1.2_INCORRECT → RESTART1 → C1_CORRECT → C2_INCORRECT → RESTART2 → C2_DISTRACTOR → C2.1_INCORRECT → RESTART3 → FAILED",4,FAILED
"C1_INCORRECT → C1.2_INCORRECT → RESTART1 → C1_CORRECT → C2_INCORRECT → RESTART2 → C2_DISTRACTOR → C2.1_DISTRACTOR → RESTART3 → FAILED",4,FAILED
"C1_INCORRECT → C1.2_INCORRECT → RESTART1 → C1_CORRECT → C2_DISTRACTOR → C2.1_CORRECT → C3_CORRECT → COMPLETE",2,COMPLETE
"C1_INCORRECT → C1.2_INCORRECT → RESTART1 → C1_CORRECT → C2_DISTRACTOR → C2.1_CORRECT → C3_INCORRECT → RESTART2 → C3_CORRECT → COMPLETE",3,COMPLETE
"C1_INCORRECT → C1.2_INCORRECT → RESTART1 → C1_CORRECT → C2_DISTRACTOR → C2.1_CORRECT → C3_INCORRECT → RESTART2 → C3_INCORRECT → RESTART3 → FAILED",4,FAILED
"C1_INCORRECT → C1.2_INCORRECT → RESTART1 → C1_CORRECT → C2_DISTRACTOR → C2.1_CORRECT → C3_INCORRECT → RESTART2 → C3_DISTRACTOR → RESTART3 → FAILED",4,FAILED
"C1_INCORRECT → C1.2_INCORRECT → RESTART1 → C1_CORRECT → C2_DISTRACTOR → C2.1_CORRECT → C3_DISTRACTOR → RESTART2 → C3_CORRECT → COMPLETE",3,COMPLETE
"C1_INCORRECT → C1.2_INCORRECT → RESTART1 → C1_CORRECT → C2_DISTRACTOR → C2.1_CORRECT → C3_DISTRACTOR → RESTART2 → C3_INCORRECT → RESTART3 → FAILED",4,FAILED
"C1_INCORRECT → C1.2_INCORRECT → RESTART1 → C1_CORRECT → C2_DISTRACTOR → C2.1_CORRECT → C3_DISTRACTOR → RESTART2 → C3_DISTRACTOR → RESTART3 → FAILED",4,FAILED
"C1_INCORRECT → C1.2_INCORRECT → RESTART1 → C1_CORRECT → C2_DISTRACTOR → C2.1_INCORRECT → RESTART2 → C2_CORRECT → C3_CORRECT → COMPLETE",3,COMPLETE
"C1_INCORRECT → C1.2_INCORRECT → RESTART1 → C1_CORRECT → C2_DISTRACTOR → C2.1_INCORRECT → RESTART2 → C2_CORRECT → C3_INCORRECT → RESTART3 → FAILED",4,FAILED
"C1_INCORRECT → C1.2_INCORRECT → RESTART1 → C1_CORRECT → C2_DISTRACTOR → C2.1_INCORRECT → RESTART2 → C2_CORRECT → C3_DISTRACTOR → RESTART3 → FAILED",4,FAILED
"C1_INCORRECT → C1.2_INCORRECT → RESTART1 → C1_CORRECT → C2_DISTRACTOR → C2.1_INCORRECT → RESTART2 → C2_INCORRECT → RESTART3 → FAILED",4,FAILED
"C1_INCORRECT → C1.2_INCORRECT → RESTART1 → C1_CORRECT → C2_DISTRACTOR → C2.1_INCORRECT → RESTART2 → C2_DISTRACTOR → C2.1_CORRECT → C3_CORRECT → COMPLETE",3,COMPLETE
"C1_INCORRECT → C1.2_INCORRECT → RESTART1 → C1_CORRECT → C2_DISTRACTOR → C2.1_INCORRECT → RESTART2 → C2_DISTRACTOR → C2.1_CORRECT → C3_INCORRECT → RESTART3 → FAILED",4,FAILED
"C1_INCORRECT → C1.2_INCORRECT → RESTART1 → C1_CORRECT → C2_DISTRACTOR → C2.1_INCORRECT → RESTART2 → C2_DISTRACTOR → C2.1_CORRECT → C3_DISTRACTOR → RESTART3 → FAILED",4,FAILED
"C1_INCORRECT → C1.2_INCORRECT → RESTART1 → C1_CORRECT → C2_DISTRACTOR → C2.1_INCORRECT → RESTART2 → C2_DISTRACTOR → C2.1_INCORRECT → RESTART3 → FAILED",4,FAILED
"C1_INCORRECT → C1.2_INCORRECT → RESTART1 → C1_CORRECT → C2_DISTRACTOR → C2.1_INCORRECT → RESTART2 → C2_DISTRACTOR → C2.1_DISTRACTOR → RESTART3 → FAILED",4,FAILED
"C1_INCORRECT → C1.2_INCORRECT → RESTART1 → C1_CORRECT → C2_DISTRACTOR → C2.1_DISTRACTOR → RESTART2 → C2_CORRECT → C3_CORRECT → COMPLETE",3,COMPLETE
"C1_INCORRECT → C1.2_INCORRECT → RESTART1 → C1_CORRECT → C2_DISTRACTOR → C2.1_DISTRACTOR → RESTART2 → C2_CORRECT → C3_INCORRECT → RESTART3 → FAILED",4,FAILED
"C1_INCORRECT → C1.2_INCORRECT → RESTART1 → C1_CORRECT → C2_DISTRACTOR → C2.1_DISTRACTOR → RESTART2 → C2_CORRECT → C3_DISTRACTOR → RESTART3 → FAILED",4,FAILED
"C1_INCORRECT → C1.2_INCORRECT → RESTART1 → C1_CORRECT → C2_DISTRACTOR → C2.1_DISTRACTOR → RESTART2 → C2_INCORRECT → RESTART3 → FAILED",4,FAILED
"C1_INCORRECT → C1.2_INCORRECT → RESTART1 → C1_CORRECT → C2_DISTRACTOR → C2.1_DISTRACTOR → RESTART2 → C2_DISTRACTOR → C2.1_CORRECT → C3_CORRECT → COMPLETE",3,COMPLETE
"C1_INCORRECT → C1.2_INCORRECT → RESTART1 → C1_CORRECT → C2_DISTRACTOR → C2.1_DISTRACTOR → RESTART2 → C2_DISTRACTOR → C2.1_CORRECT → C3_INCORRECT → RESTART3 → FAILED",4,FAILED
"C1_INCORRECT → C1.2_INCORRECT → RESTART1 → C1_CORRECT → C2_DISTRACTOR → C2.1_DISTRACTOR → RESTART2 → C2_DISTRACTOR → C2.1_CORRECT → C3_DISTRACTOR → RESTART3 → FAILED",4,FAILED
"C1_INCORRECT → C1.2_INCORRECT → RESTART1 → C1_CORRECT → C2_DISTRACTOR → C2.1_DISTRACTOR → RESTART2 → C2_DISTRACTOR → C2.1_INCORRECT → RESTART3 → FAILED",4,FAILED
"C1_INCORRECT → C1.2_INCORRECT → RESTART1 → C1_CORRECT → C2_DISTRACTOR → C2.1_DISTRACTOR → RESTART2 → C2_DISTRACTOR → C2.1_DISTRACTOR → RESTART3 → FAILED",4,FAILED
"C1_INCORRECT → C1.2_INCORRECT → RESTART1 → C1_INCORRECT → C1.2_CORRECT → C2_CORRECT → C3_CORRECT → COMPLETE",2,COMPLETE
"C1_INCORRECT → C1.2_INCORRECT → RESTART1 → C1_INCORRECT → C1.2_CORRECT → C2_CORRECT → C3_INCORRECT → RESTART2 → C3_CORRECT → COMPLETE",3,COMPLETE
"C1_INCORRECT → C1.2_INCORRECT → RESTART1 → C1_INCORRECT → C1.2_CORRECT → C2_CORRECT → C3_INCORRECT → RESTART2 → C3_INCORRECT → RESTART3 → FAILED",4,FAILED
"C1_INCORRECT → C1.2_INCORRECT → RESTART1 → C1_INCORRECT → C1.2_CORRECT → C2_CORRECT → C3_INCORRECT → RESTART2 → C3_DISTRACTOR → RESTART3 → FAILED",4,FAILED
"C1_INCORRECT → C1.2_INCORRECT → RESTART1 → C1_INCORRECT → C1.2_CORRECT → C2_CORRECT → C3_DISTRACTOR → RESTART2 → C3_CORRECT → COMPLETE",3,COMPLETE
"C1_INCORRECT → C1.2_INCORRECT → RESTART1 → C1_INCORRECT → C1.2_CORRECT → C2_CORRECT → C3_DISTRACTOR → RESTART2 → C3_INCORRECT → RESTART3 → FAILED",4,FAILED
"C1_INCORRECT → C1.2_INCORRECT → RESTART1 → C1_INCORRECT → C1.2_CORRECT → C2_CORRECT → C3_DISTRACTOR → RESTART2 → C3_DISTRACTOR → RESTART3 → FAILED",4,FAILED
"C1_INCORRECT → C1.2_INCORRECT → RESTART1 → C1_INCORRECT → C1.2_CORRECT → C2_INCORRECT → RESTART2 → C2_CORRECT → C3_CORRECT → COMPLETE",3,COMPLETE
"C1_INCORRECT → C1.2_INCORRECT → RESTART1 → C1_INCORRECT → C1.2_CORRECT → C2_INCORRECT → RESTART2 → C2_CORRECT → C3_INCORRECT → RESTART3 → FAILED",4,FAILED
"C1_INCORRECT → C1.2_INCORRECT → RESTART1 → C1_INCORRECT → C1.2_CORRECT → C2_INCORRECT → RESTART2 → C2_CORRECT → C3_DISTRACTOR → RESTART3 → FAILED",4,FAILED
"C1_INCORRECT → C1.2_INCORRECT → RESTART1 → C1_INCORRECT → C1.2_CORRECT → C2_INCORRECT → RESTART2 → C2_INCORRECT → RESTART3 → FAILED",4,FAILED
"C1_INCORRECT → C1.2_INCORRECT → RESTART1 → C1_INCORRECT → C1.2_CORRECT → C2_INCORRECT → RESTART2 → C2_DISTRACTOR → C2.1_CORRECT → C3_CORRECT → COMPLETE",3,COMPLETE
"C1_INCORRECT → C1.2_INCORRECT → RESTART1 → C1_INCORRECT → C1.2_CORRECT → C2_INCORRECT → RESTART2 → C2_DISTRACTOR → C2.1_CORRECT → C3_INCORRECT → RESTART3 → FAILED",4,FAILED
"C1_INCORRECT → C1.2_INCORRECT → RESTART1 → C1_INCORRECT → C1.2_CORRECT → C2_INCORRECT → RESTART2 → C2_DISTRACTOR → C2.1_CORRECT → C3_DISTRACTOR → RESTART3 → FAILED",4,FAILED
"C1_INCORRECT → C1.2_INCORRECT → RESTART1 → C1_INCORRECT → C1.2_CORRECT → C2_INCORRECT → RESTART2 → C2_DISTRACTOR → C2.1_INCORRECT → RESTART3 → FAILED",4,FAILED
"C1_INCORRECT → C1.2_INCORRECT → RESTART1 → C1_INCORRECT → C1.2_CORRECT → C2_INCORRECT → RESTART2 → C2_DISTRACTOR → C2.1_DISTRACTOR → RESTART3 → FAILED",4,FAILED
"C1_INCORRECT → C1.2_INCORRECT → RESTART1 → C1_INCORRECT → C1.2_CORRECT → C2_DISTRACTOR → C2.1_CORRECT → C3_CORRECT → COMPLETE",2,COMPLETE
"C1_INCORRECT → C1.2_INCORRECT → RESTART1 → C1_INCORRECT → C1.2_CORRECT → C2_DISTRACTOR → C2.1_CORRECT → C3_INCORRECT → RESTART2 → C3_CORRECT → COMPLETE",3,COMPLETE
"C1_INCORRECT → C1.2_INCORRECT → RESTART1 → C1_INCORRECT → C1.2_CORRECT → C2_DISTRACTOR → C2.1_CORRECT → C3_INCORRECT → RESTART2 → C3_INCORRECT → RESTART3 → FAILED",4,FAILED
"C1_INCORRECT → C1.2_INCORRECT → RESTART1 → C1_INCORRECT → C1.2_CORRECT → C2_DISTRACTOR → C2.1_CORRECT → C3_INCORRECT → RESTART2 → C3_DISTRACTOR → RESTART3 → FAILED",4,FAILED
"C1_INCORRECT → C1.2_INCORRECT → RESTART1 → C1_INCORRECT → C1.2_CORRECT → C2_DISTRACTOR → C2.1_CORRECT → C3_DISTRACTOR → RESTART2 → C3_CORRECT → COMPLETE",3,COMPLETE
"C1_INCORRECT → C1.2_INCORRECT → RESTART1 → C1_INCORRECT → C1.2_CORRECT → C2_DISTRACTOR → C2.1_CORRECT → C3_DISTRACTOR → RESTART2 → C3_INCORRECT → RESTART3 → FAILED",4,FAILED
"C1_INCORRECT → C1.2_INCORRECT → RESTART1 → C1_INCORRECT → C1.2_CORRECT → C2_DISTRACTOR → C2.1_CORRECT → C3_DISTRACTOR → RESTART2 → C3_DISTRACTOR → RESTART3 → FAILED",4,FAILED
"C1_INCORRECT → C1.2_INCORRECT → RESTART1 → C1_INCORRECT → C1.2_CORRECT → C2_DISTRACTOR → C2.1_INCORRECT → RESTART2 → C2_CORRECT → C3_CORRECT → COMPLETE",3,COMPLETE
"C1_INCORRECT → C1.2_INCORRECT → RESTART1 → C1_INCORRECT → C1.2_CORRECT → C2_DISTRACTOR → C2.1_INCORRECT → RESTART2 → C2_CORRECT → C3_INCORRECT → RESTART3 → FAILED",4,FAILED
"C1_INCORRECT → C1.2_INCORRECT → RESTART1 → C1_INCORRECT → C1.2_CORRECT → C2_DISTRACTOR → C2.1_INCORRECT → RESTART2 → C2_CORRECT → C3_DISTRACTOR → RESTART3 → FAILED",4,FAILED
"C1_INCORRECT → C1.2_INCORRECT → RESTART1 → C1_INCORRECT → C1.2_CORRECT → C2_DISTRACTOR → C2.1_INCORRECT → RESTART2 → C2_INCORRECT → RESTART3 → FAILED",4,FAILED
"C1_INCORRECT → C1.2_INCORRECT → RESTART1 → C1_INCORRECT → C1.2_CORRECT → C2_DISTRACTOR → C2.1_INCORRECT → RESTART2 → C2_DISTRACTOR → C2.1_CORRECT → C3_CORRECT → COMPLETE",3,COMPLETE
"C1_INCORRECT → C1.2_INCORRECT → RESTART1 → C1_INCORRECT → C1.2_CORRECT → C2_DISTRACTOR → C2.1_INCORRECT → RESTART2 → C2_DISTRACTOR → C2.1_CORRECT → C3_INCORRECT → RESTART3 → FAILED",4,FAILED
"C1_INCORRECT → C1.2_INCORRECT → RESTART1 → C1_INCORRECT → C1.2_CORRECT → C2_DISTRACTOR → C2.1_INCORRECT → RESTART2 → C2_DISTRACTOR → C2.1_CORRECT → C3_DISTRACTOR → RESTART3 → FAILED",4,FAILED
"C1_INCORRECT → C1.2_INCORRECT → RESTART1 → C1_INCORRECT → C1.2_CORRECT → C2_DISTRACTOR → C2.1_INCORRECT → RESTART2 → C2_DISTRACTOR → C2.1_INCORRECT → RESTART3 → FAILED",4,FAILED
"C1_INCORRECT → C1.2_INCORRECT → RESTART1 → C1_INCORRECT → C1.2_CORRECT → C2_DISTRACTOR → C2.1_INCORRECT → RESTART2 → C2_DISTRACTOR → C2.1_DISTRACTOR → RESTART3 → FAILED",4,FAILED
"C1_INCORRECT → C1.2_INCORRECT → RESTART1 → C1_INCORRECT → C1.2_CORRECT → C2_DISTRACTOR → C2.1_DISTRACTOR → RESTART2 → C2_CORRECT → C3_CORRECT → COMPLETE",3,COMPLETE
"C1_INCORRECT → C1.2_INCORRECT → RESTART1 → C1_INCORRECT → C1.2_CORRECT → C2_DISTRACTOR → C2.1_DISTRACTOR → RESTART2 → C2_CORRECT → C3_INCORRECT → RESTART3 → FAILED",4,FAILED
"C1_INCORRECT → C1.2_INCORRECT → RESTART1 → C1_INCORRECT → C1.2_CORRECT → C2_DISTRACTOR → C2.1_DISTRACTOR → RESTART2 → C2_CORRECT → C3_DISTRACTOR → RESTART3 → FAILED",4,FAILED
"C1_INCORRECT → C1.2_INCORRECT → RESTART1 → C1_INCORRECT → C1.2_CORRECT → C2_DISTRACTOR → C2.1_DISTRACTOR → RESTART2 → C2_INCORRECT → RESTART3 → FAILED",4,FAILED
"C1_INCORRECT → C1.2_INCORRECT → RESTART1 → C1_INCORRECT → C1.2_CORRECT → C2_DISTRACTOR → C2.1_DISTRACTOR → RESTART2 → C2_DISTRACTOR → C2.1_CORRECT → C3_CORRECT → COMPLETE",3,COMPLETE
"C1_INCORRECT → C1.2_INCORRECT → RESTART1 → C1_INCORRECT → C1.2_CORRECT → C2_DISTRACTOR → C2.1_DISTRACTOR → RESTART2 → C2_DISTRACTOR → C2.1_CORRECT → C3_INCORRECT → RESTART3 → FAILED",4,FAILED
"C1_INCORRECT → C1.2_INCORRECT → RESTART1 → C1_INCORRECT → C1.2_CORRECT → C2_DISTRACTOR → C2.1_DISTRACTOR → RESTART2 → C2_DISTRACTOR → C2.1_CORRECT → C3_DISTRACTOR → RESTART3 → FAILED",4,FAILED
"C1_INCORRECT → C1.2_INCORRECT → RESTART1 → C1_INCORRECT → C1.2_CORRECT → C2_DISTRACTOR → C2.1_DISTRACTOR → RESTART2 → C2_DISTRACTOR → C2.1_INCORRECT → RESTART3 → FAILED",4,FAILED
"C1_INCORRECT → C1.2_INCORRECT → RESTART1 → C1_INCORRECT → C1.2_CORRECT → C2_DISTRACTOR → C2.1_DISTRACTOR → RESTART2 → C2_DISTRACTOR → C2.1_DISTRACTOR → RESTART3 → FAILED",4,FAILED
"C1_INCORRECT → C1.2_INCORRECT → RESTART1 → C1_INCORRECT → C1.2_INCORRECT → RESTART2 → C1_CORRECT → C2_CORRECT → C3_CORRECT → COMPLETE",3,COMPLETE
"C1_INCORRECT → C1.2_INCORRECT → RESTART1 → C1_INCORRECT → C1.2_INCORRECT → RESTART2 → C1_CORRECT → C2_CORRECT → C3_INCORRECT → RESTART3 → FAILED",4,FAILED
"C1_INCORRECT → C1.2_INCORRECT → RESTART1 → C1_INCORRECT → C1.2_INCORRECT → RESTART2 → C1_CORRECT → C2_CORRECT → C3_DISTRACTOR → RESTART3 → FAILED",4,FAILED
"C1_INCORRECT → C1.2_INCORRECT → RESTART1 → C1_INCORRECT → C1.2_INCORRECT → RESTART2 → C1_CORRECT → C2_INCORRECT → RESTART3 → FAILED",4,FAILED
"C1_INCORRECT → C1.2_INCORRECT → RESTART1 → C1_INCORRECT → C1.2_INCORRECT → RESTART2 → C1_CORRECT → C2_DISTRACTOR → C2.1_CORRECT → C3_CORRECT → COMPLETE",3,COMPLETE
"C1_INCORRECT → C1.2_INCORRECT → RESTART1 → C1_INCORRECT → C1.2_INCORRECT → RESTART2 → C1_CORRECT → C2_DISTRACTOR → C2.1_CORRECT → C3_INCORRECT → RESTART3 → FAILED",4,FAILED
"C1_INCORRECT → C1.2_INCORRECT → RESTART1 → C1_INCORRECT → C1.2_INCORRECT → RESTART2 → C1_CORRECT → C2_DISTRACTOR → C2.1_CORRECT → C3_DISTRACTOR → RESTART3 → FAILED",4,FAILED
"C1_INCORRECT → C1.2_INCORRECT → RESTART1 → C1_INCORRECT → C1.2_INCORRECT → RESTART2 → C1_CORRECT → C2_DISTRACTOR → C2.1_INCORRECT → RESTART3 → FAILED",4,FAILED
"C1_INCORRECT → C1.2_INCORRECT → RESTART1 → C1_INCORRECT → C1.2_INCORRECT → RESTART2 → C1_CORRECT → C2_DISTRACTOR → C2.1_DISTRACTOR → RESTART3 → FAILED",4,FAILED
"C1_INCORRECT → C1.2_INCORRECT → RESTART1 → C1_INCORRECT → C1.2_INCORRECT → RESTART2 → C1_INCORRECT → C1.2_CORRECT → C2_CORRECT → C3_CORRECT → COMPLETE",3,COMPLETE
"C1_INCORRECT → C1.2_INCORRECT → RESTART1 → C1_INCORRECT → C1.2_INCORRECT → RESTART2 → C1_INCORRECT → C1.2_CORRECT → C2_CORRECT → C3_INCORRECT → RESTART3 → FAILED",4,FAILED
"C1_INCORRECT → C1.2_INCORRECT → RESTART1 → C1_INCORRECT → C1.2_INCORRECT → RESTART2 → C1_INCORRECT → C1.2_CORRECT → C2_CORRECT → C3_DISTRACTOR → RESTART3 → FAILED",4,FAILED
"C1_INCORRECT → C1.2_INCORRECT → RESTART1 → C1_INCORRECT → C1.2_INCORRECT → RESTART2 → C1_INCORRECT → C1.2_CORRECT → C2_INCORRECT → RESTART3 → FAILED",4,FAILED
"C1_INCORRECT → C1.2_INCORRECT → RESTART1 → C1_INCORRECT → C1.2_INCORRECT → RESTART2 → C1_INCORRECT → C1.2_CORRECT → C2_DISTRACTOR → C2.1_CORRECT → C3_CORRECT → COMPLETE",3,COMPLETE
"C1_INCORRECT → C1.2_INCORRECT → RESTART1 → C1_INCORRECT → C1.2_INCORRECT → RESTART2 → C1_INCORRECT → C1.2_CORRECT → C2_DISTRACTOR → C2.1_CORRECT → C3_INCORRECT → RESTART3 → FAILED",4,FAILED
"C1_INCORRECT → C1.2_INCORRECT → RESTART1 → C1_INCORRECT → C1.2_INCORRECT → RESTART2 → C1_INCORRECT → C1.2_CORRECT → C2_DISTRACTOR → C2.1_CORRECT → C3_DISTRACTOR → RESTART3 → FAILED",4,FAILED
"C1_INCORRECT → C1.2_INCORRECT → RESTART1 → C1_INCORRECT → C1.2_INCORRECT → RESTART2 → C1_INCORRECT → C1.2_CORRECT → C2_DISTRACTOR → C2.1_INCORRECT → RESTART3 → FAILED",4,FAILED
"C1_INCORRECT → C1.2_INCORRECT → RESTART1 → C1_INCORRECT → C1.2_INCORRECT → RESTART2 → C1_INCORRECT → C1.2_CORRECT → C2_DISTRACTOR → C2.1_DISTRACTOR → RESTART3 → FAILED",4,FAILED
"C1_INCORRECT → C1.2_INCORRECT → RESTART1 → C1_INCORRECT → C1.2_INCORRECT → RESTART2 → C1_INCORRECT → C1.2_INCORRECT → RESTART3 → FAILED",4,FAILED
"C1_INCORRECT → C1.2_INCORRECT → RESTART1 → C1_INCORRECT → C1.2_INCORRECT → RESTART2 → C1_INCORRECT → C1.2_DISTRACTOR → RESTART3 → FAILED",4,FAILED
"C1_INCORRECT → C1.2_INCORRECT → RESTART1 → C1_INCORRECT → C1.2_INCORRECT → RESTART2 → C1_DISTRACTOR → C1.1_CORRECT → C2_CORRECT → C3_CORRECT → COMPLETE",3,COMPLETE
"C1_INCORRECT → C1.2_INCORRECT → RESTART1 → C1_INCORRECT → C1.2_INCORRECT → RESTART2 → C1_DISTRACTOR → C1.1_CORRECT → C2_CORRECT → C3_INCORRECT → RESTART3 → FAILED",4,FAILED
"C1_INCORRECT → C1.2_INCORRECT → RESTART1 → C1_INCORRECT → C1.2_INCORRECT → RESTART2 → C1_DISTRACTOR → C1.1_CORRECT → C2_CORRECT → C3_DISTRACTOR → RESTART3 → FAILED",4,FAILED
"C1_INCORRECT → C1.2_INCORRECT → RESTART1 → C1_INCORRECT → C1.2_INCORRECT → RESTART2 → C1_DISTRACTOR → C1.1_CORRECT → C2_INCORRECT → RESTART3 → FAILED",4,FAILED
"C1_INCORRECT → C1.2_INCORRECT → RESTART1 → C1_INCORRECT → C1.2_INCORRECT → RESTART2 → C1_DISTRACTOR → C1.1_CORRECT → C2_DISTRACTOR → C2.1_CORRECT → C3_CORRECT → COMPLETE",3,COMPLETE
"C1_INCORRECT → C1.2_INCORRECT → RESTART1 → C1_INCORRECT → C1.2_INCORRECT → RESTART2 → C1_DISTRACTOR → C1.1_CORRECT → C2_DISTRACTOR → C2.1_CORRECT → C3_INCORRECT → RESTART3 → FAILED",4,FAILED
"C1_INCORRECT → C1.2_INCORRECT → RESTART1 → C1_INCORRECT → C1.2_INCORRECT → RESTART2 → C1_DISTRACTOR → C1.1_CORRECT → C2_DISTRACTOR → C2.1_CORRECT → C3_DISTRACTOR → RESTART3 → FAILED",4,FAILED
"C1_INCORRECT → C1.2_INCORRECT → RESTART1 → C1_INCORRECT → C1.2_INCORRECT → RESTART2 → C1_DISTRACTOR → C1.1_CORRECT → C2_DISTRACTOR → C2.1_INCORRECT → RESTART3 → FAILED",4,FAILED
"C1_INCORRECT → C1.2_INCORRECT → RESTART1 → C1_INCORRECT → C1.2_INCORRECT → RESTART2 → C1_DISTRACTOR → C1.1_CORRECT → C2_DISTRACTOR → C2.1_DISTRACTOR → RESTART3 → FAILED",4,FAILED
"C1_INCORRECT → C1.2_INCORRECT → RESTART1 → C1_INCORRECT → C1.2_INCORRECT → RESTART2 → C1_DISTRACTOR → C1.1_INCORRECT → RESTART3 → FAILED",4,FAILED
"C1_INCORRECT → C1.2_INCORRECT → RESTART1 → C1_INCORRECT → C1.2_INCORRECT → RESTART2 → C1_DISTRACTOR → C1.1_DISTRACTOR → C1.1.1_CORRECT → C2_CORRECT → C3_CORRECT → COMPLETE",3,COMPLETE
"C1_INCORRECT → C1.2_INCORRECT → RESTART1 → C1_INCORRECT → C1.2_INCORRECT → RESTART2 → C1_DISTRACTOR → C1.1_DISTRACTOR → C1.1.1_CORRECT → C2_CORRECT → C3_INCORRECT → RESTART3 → FAILED",4,FAILED
"C1_INCORRECT → C1.2_INCORRECT → RESTART1 → C1_INCORRECT → C1.2_INCORRECT → RESTART2 → C1_DISTRACTOR → C1.1_DISTRACTOR → C1.1.1_CORRECT → C2_CORRECT → C3_DISTRACTOR → RESTART3 → FAILED",4,FAILED
"C1_INCORRECT → C1.2_INCORRECT → RESTART1 → C1_INCORRECT → C1.2_INCORRECT → RESTART2 → C1_DISTRACTOR → C1.1_DISTRACTOR → C1.1.1_CORRECT → C2_INCORRECT → RESTART3 → FAILED",4,FAILED
"C1_INCORRECT → C1.2_INCORRECT → RESTART1 → C1_INCORRECT → C1.2_INCORRECT → RESTART2 → C1_DISTRACTOR → C1.1_DISTRACTOR → C1.1.1_CORRECT → C2_DISTRACTOR → C2.1_CORRECT → C3_CORRECT → COMPLETE",3,COMPLETE
"C1_INCORRECT → C1.2_INCORRECT → RESTART1 → C1_INCORRECT → C1.2_INCORRECT → RESTART2 → C1_DISTRACTOR → C1.1_DISTRACTOR → C1.1.1_CORRECT → C2_DISTRACTOR → C2.1_CORRECT → C3_INCORRECT → RESTART3 → FAILED",4,FAILED
"C1_INCORRECT → C1.2_INCORRECT → RESTART1 → C1_INCORRECT → C1.2_INCORRECT → RESTART2 → C1_DISTRACTOR → C1.1_DISTRACTOR → C1.1.1_CORRECT → C2_DISTRACTOR → C2.1_CORRECT → C3_DISTRACTOR → RESTART3 → FAILED",4,FAILED
"C1_INCORRECT → C1.2_INCORRECT → RESTART1 → C1_INCORRECT → C1.2_INCORRECT → RESTART2 → C1_DISTRACTOR → C1.1_DISTRACTOR → C1.1.1_CORRECT → C2_DISTRACTOR → C2.1_INCORRECT → RESTART3 → FAILED",4,FAILED
"C1_INCORRECT → C1.2_INCORRECT → RESTART1 → C1_INCORRECT → C1.2_INCORRECT → RESTART2 → C1_DISTRACTOR → C1.1_DISTRACTOR → C1.1.1_CORRECT → C2_DISTRACTOR → C2.1_DISTRACTOR → RESTART3 → FAILED",4,FAILED
"C1_INCORRECT → C1.2_INCORRECT → RESTART1 → C1_INCORRECT → C1.2_INCORRECT → RESTART2 → C1_DISTRACTOR → C1.1_DISTRACTOR → C1.1.1_INCORRECT → RESTART3 → FAILED",4,FAILED
"C1_INCORRECT → C1.2_INCORRECT → RESTART1 → C1_INCORRECT → C1.2_INCORRECT → RESTART2 → C1_DISTRACTOR → C1.1_DISTRACTOR → C1.1.1_DISTRACTOR → RESTART3 → FAILED",4,FAILED
"C1_INCORRECT → C1.2_INCORRECT → RESTART1 → C1_INCORRECT → C1.2_DISTRACTOR → RESTART2 → C1_CORRECT → C2_CORRECT → C3_CORRECT → COMPLETE",3,COMPLETE
"C1_INCORRECT → C1.2_INCORRECT → RESTART1 → C1_INCORRECT → C1.2_DISTRACTOR → RESTART2 → C1_CORRECT → C2_CORRECT → C3_INCORRECT → RESTART3 → FAILED",4,FAILED
"C1_INCORRECT → C1.2_INCORRECT → RESTART1 → C1_INCORRECT → C1.2_DISTRACTOR → RESTART2 → C1_CORRECT → C2_CORRECT → C3_DISTRACTOR → RESTART3 → FAILED",4,FAILED
"C1_INCORRECT → C1.2_INCORRECT → RESTART1 → C1_INCORRECT → C1.2_DISTRACTOR → RESTART2 → C1_CORRECT → C2_INCORRECT → RESTART3 → FAILED",4,FAILED
"C1_INCORRECT → C1.2_INCORRECT → RESTART1 → C1_INCORRECT → C1.2_DISTRACTOR → RESTART2 → C1_CORRECT → C2_DISTRACTOR → C2.1_CORRECT → C3_CORRECT → COMPLETE",3,COMPLETE
"C1_INCORRECT → C1.2_INCORRECT → RESTART1 → C1_INCORRECT → C1.2_DISTRACTOR → RESTART2 → C1_CORRECT → C2_DISTRACTOR → C2.1_CORRECT → C3_INCORRECT → RESTART3 → FAILED",4,FAILED
"C1_INCORRECT → C1.2_INCORRECT → RESTART1 → C1_INCORRECT → C1.2_DISTRACTOR → RESTART2 → C1_CORRECT → C2_DISTRACTOR → C2.1_CORRECT → C3_DISTRACTOR → RESTART3 → FAILED",4,FAILED
"C1_INCORRECT → C1.2_INCORRECT → RESTART1 → C1_INCORRECT → C1.2_DISTRACTOR → RESTART2 → C1_CORRECT → C2_DISTRACTOR → C2.1_INCORRECT → RESTART3 → FAILED",4,FAILED
"C1_INCORRECT → C1.2_INCORRECT → RESTART1 → C1_INCORRECT → C1.2_DISTRACTOR → RESTART2 → C1_CORRECT → C2_DISTRACTOR → C2.1_DISTRACTOR → RESTART3 → FAILED",4,FAILED
"C1_INCORRECT → C1.2_INCORRECT → RESTART1 → C1_INCORRECT → C1.2_DISTRACTOR → RESTART2 → C1_INCORRECT → C1.2_CORRECT → C2_CORRECT → C3_CORRECT → COMPLETE",3,COMPLETE
"C1_INCORRECT → C1.2_INCORRECT → RESTART1 → C1_INCORRECT → C1.2_DISTRACTOR → RESTART2 → C1_INCORRECT → C1.2_CORRECT → C2_CORRECT → C3_INCORRECT → RESTART3 → FAILED",4,FAILED
"C1_INCORRECT → C1.2_INCORRECT → RESTART1 → C1_INCORRECT → C1.2_DISTRACTOR → RESTART2 → C1_INCORRECT → C1.2_CORRECT → C2_CORRECT → C3_DISTRACTOR → RESTART3 → FAILED",4,FAILED
"C1_INCORRECT → C1.2_INCORRECT → RESTART1 → C1_INCORRECT → C1.2_DISTRACTOR → RESTART2 → C1_INCORRECT → C1.2_CORRECT → C2_INCORRECT → RESTART3 → FAILED",4,FAILED
"C1_INCORRECT → C1.2_INCORRECT → RESTART1 → C1_INCORRECT → C1.2_DISTRACTOR → RESTART2 → C1_INCORRECT → C1.2_CORRECT → C2_DISTRACTOR → C2.1_CORRECT → C3_CORRECT → COMPLETE",3,COMPLETE
"C1_INCORRECT → C1.2_INCORRECT → RESTART1 → C1_INCORRECT → C1.2_DISTRACTOR → RESTART2 → C1_INCORRECT → C1.2_CORRECT → C2_DISTRACTOR → C2.1_CORRECT → C3_INCORRECT → RESTART3 → FAILED",4,FAILED
"C1_INCORRECT → C1.2_INCORRECT → RESTART1 → C1_INCORRECT → C1.2_DISTRACTOR → RESTART2 → C1_INCORRECT → C1.2_CORRECT → C2_DISTRACTOR → C2.1_CORRECT → C3_DISTRACTOR → RESTART3 → FAILED",4,FAILED
"C1_INCORRECT → C1.2_INCORRECT → RESTART1 → C1_INCORRECT → C1.2_DISTRACTOR → RESTART2 → C1_INCORRECT → C1.2_CORRECT → C2_DISTRACTOR → C2.1_INCORRECT → RESTART3 → FAILED",4,FAILED
"C1_INCORRECT → C1.2_INCORRECT → RESTART1 → C1_INCORRECT → C1.2_DISTRACTOR → RESTART2 → C1_INCORRECT → C1.2_CORRECT → C2_DISTRACTOR → C2.1_DISTRACTOR → RESTART3 → FAILED",4,FAILED
"C1_INCORRECT → C1.2_INCORRECT → RESTART1 → C1_INCORRECT → C1.2_DISTRACTOR → RESTART2 → C1_INCORRECT → C1.2_INCORRECT → RESTART3 → FAILED",4,FAILED
"C1_INCORRECT → C1.2_INCORRECT → RESTART1 → C1_INCORRECT → C1.2_DISTRACTOR → RESTART2 → C1_INCORRECT → C1.2_DISTRACTOR → RESTART3 → FAILED",4,FAILED
"C1_INCORRECT → C1.2_INCORRECT → RESTART1 → C1_INCORRECT → C1.2_DISTRACTOR → RESTART2 → C1_DISTRACTOR → C1.1_CORRECT → C2_CORRECT → C3_CORRECT → COMPLETE",3,COMPLETE
"C1_INCORRECT → C1.2_INCORRECT → RESTART1 → C1_INCORRECT → C1.2_DISTRACTOR → RESTART2 → C1_DISTRACTOR → C1.1_CORRECT → C2_CORRECT → C3_INCORRECT → RESTART3 → FAILED",4,FAILED
"C1_INCORRECT → C1.2_INCORRECT → RESTART1 → C1_INCORRECT → C1.2_DISTRACTOR → RESTART2 → C1_DISTRACTOR → C1.1_CORRECT → C2_CORRECT → C3_DISTRACTOR → RESTART3 → FAILED",4,FAILED
"C1_INCORRECT → C1.2_INCORRECT → RESTART1 → C1_INCORRECT → C1.2_DISTRACTOR → RESTART2 → C1_DISTRACTOR → C1.1_CORRECT → C2_INCORRECT → RESTART3 → FAILED",4,FAILED
"C1_INCORRECT → C1.2_INCORRECT → RESTART1 → C1_INCORRECT → C1.2_DISTRACTOR → RESTART2 → C1_DISTRACTOR → C1.1_CORRECT → C2_DISTRACTOR → C2.1_CORRECT → C3_CORRECT → COMPLETE",3,COMPLETE
"C1_INCORRECT → C1.2_INCORRECT → RESTART1 → C1_INCORRECT → C1.2_DISTRACTOR → RESTART2 → C1_DISTRACTOR → C1.1_CORRECT → C2_DISTRACTOR → C2.1_CORRECT → C3_INCORRECT → RESTART3 → FAILED",4,FAILED
"C1_INCORRECT → C1.2_INCORRECT → RESTART1 → C1_INCORRECT → C1.2_DISTRACTOR → RESTART2 → C1_DISTRACTOR → C1.1_CORRECT → C2_DISTRACTOR → C2.1_CORRECT → C3_DISTRACTOR → RESTART3 → FAILED",4,FAILED
"C1_INCORRECT → C1.2_INCORRECT → RESTART1 → C1_INCORRECT → C1.2_DISTRACTOR → RESTART2 → C1_DISTRACTOR → C1.1_CORRECT → C2_DISTRACTOR → C2.1_INCORRECT → RESTART3 → FAILED",4,FAILED
"C1_INCORRECT → C1.2_INCORRECT → RESTART1 → C1_INCORRECT → C1.2_DISTRACTOR → RESTART2 → C1_DISTRACTOR → C1.1_CORRECT → C2_DISTRACTOR → C2.1_DISTRACTOR → RESTART3 → FAILED",4,FAILED
"C1_INCORRECT → C1.2_INCORRECT → RESTART1 → C1_INCORRECT → C1.2_DISTRACTOR → RESTART2 → C1_DISTRACTOR → C1.1_INCORRECT → RESTART3 → FAILED",4,FAILED
"C1_INCORRECT → C1.2_INCORRECT → RESTART1 → C1_INCORRECT → C1.2_DISTRACTOR → RESTART2 → C1_DISTRACTOR → C1.1_DISTRACTOR → C1.1.1_CORRECT → C2_CORRECT → C3_CORRECT → COMPLETE",3,COMPLETE
"C1_INCORRECT → C1.2_INCORRECT → RESTART1 → C1_INCORRECT → C1.2_DISTRACTOR → RESTART2 → C1_DISTRACTOR → C1.1_DISTRACTOR → C1.1.1_CORRECT → C2_CORRECT → C3_INCORRECT → RESTART3 → FAILED",4,FAILED
"C1_INCORRECT → C1.2_INCORRECT → RESTART1 → C1_INCORRECT → C1.2_DISTRACTOR → RESTART2 → C1_DISTRACTOR → C1.1_DISTRACTOR → C1.1.1_CORRECT → C2_CORRECT → C3_DISTRACTOR → RESTART3 → FAILED",4,FAILED
"C1_INCORRECT → C1.2_INCORRECT → RESTART1 → C1_INCORRECT → C1.2_DISTRACTOR → RESTART2 → C1_DISTRACTOR → C1.1_DISTRACTOR → C1.1.1_CORRECT → C2_INCORRECT → RESTART3 → FAILED",4,FAILED
"C1_INCORRECT → C1.2_INCORRECT → RESTART1 → C1_INCORRECT → C1.2_DISTRACTOR → RESTART2 → C1_DISTRACTOR → C1.1_DISTRACTOR → C1.1.1_CORRECT → C2_DISTRACTOR → C2.1_CORRECT → C3_CORRECT → COMPLETE",3,COMPLETE
"C1_INCORRECT → C1.2_INCORRECT → RESTART1 → C1_INCORRECT → C1.2_DISTRACTOR → RESTART2 → C1_DISTRACTOR → C1.1_DISTRACTOR → C1.1.1_CORRECT → C2_DISTRACTOR → C2.1_CORRECT → C3_INCORRECT → RESTART3 → FAILED",4,FAILED
"C1_INCORRECT → C1.2_INCORRECT → RESTART1 → C1_INCORRECT → C1.2_DISTRACTOR → RESTART2 → C1_DISTRACTOR → C1.1_DISTRACTOR → C1.1.1_CORRECT → C2_DISTRACTOR → C2.1_CORRECT → C3_DISTRACTOR → RESTART3 → FAILED",4,FAILED
"C1_INCORRECT → C1.2_INCORRECT → RESTART1 → C1_INCORRECT → C1.2_DISTRACTOR → RESTART2 → C1_DISTRACTOR → C1.1_DISTRACTOR → C1.1.1_CORRECT → C2_DISTRACTOR → C2.1_INCORRECT → RESTART3 → FAILED",4,FAILED
"C1_INCORRECT → C1.2_INCORRECT → RESTART1 → C1_INCORRECT → C1.2_DISTRACTOR → RESTART2 → C1_DISTRACTOR → C1.1_DISTRACTOR → C1.1.1_CORRECT → C2_DISTRACTOR → C2.1_DISTRACTOR → RESTART3 → FAILED",4,FAILED
"C1_INCORRECT → C1.2_INCORRECT → RESTART1 → C1_INCORRECT → C1.2_DISTRACTOR → RESTART2 → C1_DISTRACTOR → C1.1_DISTRACTOR → C1.1.1_INCORRECT → RESTART3 → FAILED",4,FAILED
"C1_INCORRECT → C1.2_INCORRECT → RESTART1 → C1_INCORRECT → C1.2_DISTRACTOR → RESTART2 → C1_DISTRACTOR → C1.1_DISTRACTOR → C1.1.1_DISTRACTOR → RESTART3 → FAILED",4,FAILED
"C1_INCORRECT → C1.2_INCORRECT → RESTART1 → C1_DISTRACTOR → C1.1_CORRECT → C2_CORRECT → C3_CORRECT → COMPLETE",2,COMPLETE
"C1_INCORRECT → C1.2_INCORRECT → RESTART1 → C1_DISTRACTOR → C1.1_CORRECT → C2_CORRECT → C3_INCORRECT → RESTART2 → C3_CORRECT → COMPLETE",3,COMPLETE
"C1_INCORRECT → C1.2_INCORRECT → RESTART1 → C1_DISTRACTOR → C1.1_CORRECT → C2_CORRECT → C3_INCORRECT → RESTART2 → C3_INCORRECT → RESTART3 → FAILED",4,FAILED
"C1_INCORRECT → C1.2_INCORRECT → RESTART1 → C1_DISTRACTOR → C1.1_CORRECT → C2_CORRECT → C3_INCORRECT → RESTART2 → C3_DISTRACTOR → RESTART3 → FAILED",4,FAILED
"C1_INCORRECT → C1.2_INCORRECT → RESTART1 → C1_DISTRACTOR → C1.1_CORRECT → C2_CORRECT → C3_DISTRACTOR → RESTART2 → C3_CORRECT → COMPLETE",3,COMPLETE
"C1_INCORRECT → C1.2_INCORRECT → RESTART1 → C1_DISTRACTOR → C1.1_CORRECT → C2_CORRECT → C3_DISTRACTOR → RESTART2 → C3_INCORRECT → RESTART3 → FAILED",4,FAILED
"C1_INCORRECT → C1.2_INCORRECT → RESTART1 → C1_DISTRACTOR → C1.1_CORRECT → C2_CORRECT → C3_DISTRACTOR → RESTART2 → C3_DISTRACTOR → RESTART3 → FAILED",4,FAILED
"C1_INCORRECT → C1.2_INCORRECT → RESTART1 → C1_DISTRACTOR → C1.1_CORRECT → C2_INCORRECT → RESTART2 → C2_CORRECT → C3_CORRECT → COMPLETE",3,COMPLETE
"C1_INCORRECT → C1.2_INCORRECT → RESTART1 → C1_DISTRACTOR → C1.1_CORRECT → C2_INCORRECT → RESTART2 → C2_CORRECT → C3_INCORRECT → RESTART3 → FAILED",4,FAILED
"C1_INCORRECT → C1.2_INCORRECT → RESTART1 → C1_DISTRACTOR → C1.1_CORRECT → C2_INCORRECT → RESTART2 → C2_CORRECT → C3_DISTRACTOR → RESTART3 → FAILED",4,FAILED
"C1_INCORRECT → C1.2_INCORRECT → RESTART1 → C1_DISTRACTOR → C1.1_CORRECT → C2_INCORRECT → RESTART2 → C2_INCORRECT → RESTART3 → FAILED",4,FAILED
"C1_INCORRECT → C1.2_INCORRECT → RESTART1 → C1_DISTRACTOR → C1.1_CORRECT → C2_INCORRECT → RESTART2 → C2_DISTRACTOR → C2.1_CORRECT → C3_CORRECT → COMPLETE",3,COMPLETE
"C1_INCORRECT → C1.2_INCORRECT → RESTART1 → C1_DISTRACTOR → C1.1_CORRECT → C2_INCORRECT → RESTART2 → C2_DISTRACTOR → C2.1_CORRECT → C3_INCORRECT → RESTART3 → FAILED",4,FAILED
"C1_INCORRECT → C1.2_INCORRECT → RESTART1 → C1_DISTRACTOR → C1.1_CORRECT → C2_INCORRECT → RESTART2 → C2_DISTRACTOR → C2.1_CORRECT → C3_DISTRACTOR → RESTART3 → FAILED",4,FAILED
"C1_INCORRECT → C1.2_INCORRECT → RESTART1 → C1_DISTRACTOR → C1.1_CORRECT → C2_INCORRECT → RESTART2 → C2_DISTRACTOR → C2.1_INCORRECT → RESTART3 → FAILED",4,FAILED
"C1_INCORRECT → C1.2_INCORRECT → RESTART1 → C1_DISTRACTOR → C1.1_CORRECT → C2_INCORRECT → RESTART2 → C2_DISTRACTOR → C2.1_DISTRACTOR → RESTART3 → FAILED",4,FAILED
"C1_INCORRECT → C1.2_INCORRECT → RESTART1 → C1_DISTRACTOR → C1.1_CORRECT → C2_DISTRACTOR → C2.1_CORRECT → C3_CORRECT → COMPLETE",2,COMPLETE
"C1_INCORRECT → C1.2_INCORRECT → RESTART1 → C1_DISTRACTOR → C1.1_CORRECT → C2_DISTRACTOR → C2.1_CORRECT → C3_INCORRECT → RESTART2 → C3_CORRECT → COMPLETE",3,COMPLETE
"C1_INCORRECT → C1.2_INCORRECT → RESTART1 → C1_DISTRACTOR → C1.1_CORRECT → C2_DISTRACTOR → C2.1_CORRECT → C3_INCORRECT → RESTART2 → C3_INCORRECT → RESTART3 → FAILED",4,FAILED
"C1_INCORRECT → C1.2_INCORRECT → RESTART1 → C1_DISTRACTOR → C1.1_CORRECT → C2_DISTRACTOR → C2.1_CORRECT → C3_INCORRECT → RESTART2 → C3_DISTRACTOR → RESTART3 → FAILED",4,FAILED
"C1_INCORRECT → C1.2_INCORRECT → RESTART1 → C1_DISTRACTOR → C1.1_CORRECT → C2_DISTRACTOR → C2.1_CORRECT → C3_DISTRACTOR → RESTART2 → C3_CORRECT → COMPLETE",3,COMPLETE
"C1_INCORRECT → C1.2_INCORRECT → RESTART1 → C1_DISTRACTOR → C1.1_CORRECT → C2_DISTRACTOR → C2.1_CORRECT → C3_DISTRACTOR → RESTART2 → C3_INCORRECT → RESTART3 → FAILED",4,FAILED
"C1_INCORRECT → C1.2_INCORRECT → RESTART1 → C1_DISTRACTOR → C1.1_CORRECT → C2_DISTRACTOR → C2.1_CORRECT → C3_DISTRACTOR → RESTART2 → C3_DISTRACTOR → RESTART3 → FAILED",4,FAILED
"C1_INCORRECT → C1.2_INCORRECT → RESTART1 → C1_DISTRACTOR → C1.1_CORRECT → C2_DISTRACTOR → C2.1_INCORRECT → RESTART2 → C2_CORRECT → C3_CORRECT → COMPLETE",3,COMPLETE
"C1_INCORRECT → C1.2_INCORRECT → RESTART1 → C1_DISTRACTOR → C1.1_CORRECT → C2_DISTRACTOR → C2.1_INCORRECT → RESTART2 → C2_CORRECT → C3_INCORRECT → RESTART3 → FAILED",4,FAILED
"C1_INCORRECT → C1.2_INCORRECT → RESTART1 → C1_DISTRACTOR → C1.1_CORRECT → C2_DISTRACTOR → C2.1_INCORRECT → RESTART2 → C2_CORRECT → C3_DISTRACTOR → RESTART3 → FAILED",4,FAILED
"C1_INCORRECT → C1.2_INCORRECT → RESTART1 → C1_DISTRACTOR → C1.1_CORRECT → C2_DISTRACTOR → C2.1_INCORRECT → RESTART2 → C2_INCORRECT → RESTART3 → FAILED",4,FAILED
"C1_INCORRECT → C1.2_INCORRECT → RESTART1 → C1_DISTRACTOR → C1.1_CORRECT → C2_DISTRACTOR → C2.1_INCORRECT → RESTART2 → C2_DISTRACTOR → C2.1_CORRECT → C3_CORRECT → COMPLETE",3,COMPLETE
"C1_INCORRECT → C1.2_INCORRECT → RESTART1 → C1_DISTRACTOR → C1.1_CORRECT → C2_DISTRACTOR → C2.1_INCORRECT → RESTART2 → C2_DISTRACTOR → C2.1_CORRECT → C3_INCORRECT → RESTART3 → FAILED",4,FAILED
"C1_INCORRECT → C1.2_INCORRECT → RESTART1 → C1_DISTRACTOR → C1.1_CORRECT → C2_DISTRACTOR → C2.1_INCORRECT → RESTART2 → C2_DISTRACTOR → C2.1_CORRECT → C3_DISTRACTOR → RESTART3 → FAILED",4,FAILED
"C1_INCORRECT → C1.2_INCORRECT → RESTART1 → C1_DISTRACTOR → C1.1_CORRECT → C2_DISTRACTOR → C2.1_INCORRECT → RESTART2 → C2_DISTRACTOR → C2.1_INCORRECT → RESTART3 → FAILED",4,FAILED
"C1_INCORRECT → C1.2_INCORRECT → RESTART1 → C1_DISTRACTOR → C1.1_CORRECT → C2_DISTRACTOR → C2.1_INCORRECT → RESTART2 → C2_DISTRACTOR → C2.1_DISTRACTOR → RESTART3 → FAILED",4,FAILED
"C1_INCORRECT → C1.2_INCORRECT → RESTART1 → C1_DISTRACTOR → C1.1_CORRECT → C2_DISTRACTOR → C2.1_DISTRACTOR → RESTART2 → C2_CORRECT → C3_CORRECT → COMPLETE",3,COMPLETE
"C1_INCORRECT → C1.2_INCORRECT → RESTART1 → C1_DISTRACTOR → C1.1_CORRECT → C2_DISTRACTOR → C2.1_DISTRACTOR → RESTART2 → C2_CORRECT → C3_INCORRECT → RESTART3 → FAILED",4,FAILED
"C1_INCORRECT → C1.2_INCORRECT → RESTART1 → C1_DISTRACTOR → C1.1_CORRECT → C2_DISTRACTOR → C2.1_DISTRACTOR → RESTART2 → C2_CORRECT → C3_DISTRACTOR → RESTART3 → FAILED",4,FAILED
"C1_INCORRECT → C1.2_INCORRECT → RESTART1 → C1_DISTRACTOR → C1.1_CORRECT → C2_DISTRACTOR → C2.1_DISTRACTOR → RESTART2 → C2_INCORRECT → RESTART3 → FAILED",4,FAILED
"C1_INCORRECT → C1.2_INCORRECT → RESTART1 → C1_DISTRACTOR → C1.1_CORRECT → C2_DISTRACTOR → C2.1_DISTRACTOR → RESTART2 → C2_DISTRACTOR → C2.1_CORRECT → C3_CORRECT → COMPLETE",3,COMPLETE
"C1_INCORRECT → C1.2_INCORRECT → RESTART1 → C1_DISTRACTOR → C1.1_CORRECT → C2_DISTRACTOR → C2.1_DISTRACTOR → RESTART2 → C2_DISTRACTOR → C2.1_CORRECT → C3_INCORRECT → RESTART3 → FAILED",4,FAILED
"C1_INCORRECT → C1.2_INCORRECT → RESTART1 → C1_DISTRACTOR → C1.1_CORRECT → C2_DISTRACTOR → C2.1_DISTRACTOR → RESTART2 → C2_DISTRACTOR → C2.1_CORRECT → C3_DISTRACTOR → RESTART3 → FAILED",4,FAILED
"C1_INCORRECT → C1.2_INCORRECT → RESTART1 → C1_DISTRACTOR → C1.1_CORRECT → C2_DISTRACTOR → C2.1_DISTRACTOR → RESTART2 → C2_DISTRACTOR → C2.1_INCORRECT → RESTART3 → FAILED",4,FAILED
"C1_INCORRECT → C1.2_INCORRECT → RESTART1 → C1_DISTRACTOR → C1.1_CORRECT → C2_DISTRACTOR → C2.1_DISTRACTOR → RESTART2 → C2_DISTRACTOR → C2.1_DISTRACTOR → RESTART3 → FAILED",4,FAILED
"C1_INCORRECT → C1.2_INCORRECT → RESTART1 → C1_DISTRACTOR → C1.1_INCORRECT → RESTART2 → C1_CORRECT → C2_CORRECT → C3_CORRECT → COMPLETE",3,COMPLETE
"C1_INCORRECT → C1.2_INCORRECT → RESTART1 → C1_DISTRACTOR → C1.1_INCORRECT → RESTART2 → C1_CORRECT → C2_CORRECT → C3_INCORRECT → RESTART3 → FAILED",4,FAILED
"C1_INCORRECT → C1.2_INCORRECT → RESTART1 → C1_DISTRACTOR → C1.1_INCORRECT → RESTART2 → C1_CORRECT → C2_CORRECT → C3_DISTRACTOR → RESTART3 → FAILED",4,FAILED
"C1_INCORRECT → C1.2_INCORRECT → RESTART1 → C1_DISTRACTOR → C1.1_INCORRECT → RESTART2 → C1_CORRECT → C2_INCORRECT → RESTART3 → FAILED",4,FAILED
"C1_INCORRECT → C1.2_INCORRECT → RESTART1 → C1_DISTRACTOR → C1.1_INCORRECT → RESTART2 → C1_CORRECT → C2_DISTRACTOR → C2.1_CORRECT → C3_CORRECT → COMPLETE",3,COMPLETE
"C1_INCORRECT → C1.2_INCORRECT → RESTART1 → C1_DISTRACTOR → C1.1_INCORRECT → RESTART2 → C1_CORRECT → C2_DISTRACTOR → C2.1_CORRECT → C3_INCORRECT → RESTART3 → FAILED",4,FAILED
"C1_INCORRECT → C1.2_INCORRECT → RESTART1 → C1_DISTRACTOR → C1.1_INCORRECT → RESTART2 → C1_CORRECT → C2_DISTRACTOR → C2.1_CORRECT → C3_DISTRACTOR → RESTART3 → FAILED",4,FAILED
"C1_INCORRECT → C1.2_INCORRECT → RESTART1 → C1_DISTRACTOR → C1.1_INCORRECT → RESTART2 → C1_CORRECT → C2_DISTRACTOR → C2.1_INCORRECT → RESTART3 → FAILED",4,FAILED
"C1_INCORRECT → C1.2_INCORRECT → RESTART1 → C1_DISTRACTOR → C1.1_INCORRECT → RESTART2 → C1_CORRECT → C2_DISTRACTOR → C2.1_DISTRACTOR → RESTART3 → FAILED",4,FAILED
"C1_INCORRECT → C1.2_INCORRECT → RESTART1 → C1_DISTRACTOR → C1.1_INCORRECT → RESTART2 → C1_INCORRECT → C1.2_CORRECT → C2_CORRECT → C3_CORRECT → COMPLETE",3,COMPLETE
"C1_INCORRECT → C1.2_INCORRECT → RESTART1 → C1_DISTRACTOR → C1.1_INCORRECT → RESTART2 → C1_INCORRECT → C1.2_CORRECT → C2_CORRECT → C3_INCORRECT → RESTART3 → FAILED",4,FAILED
"C1_INCORRECT → C1.2_INCORRECT → RESTART1 → C1_DISTRACTOR → C1.1_INCORRECT → RESTART2 → C1_INCORRECT → C1.2_CORRECT → C2_CORRECT → C3_DISTRACTOR → RESTART3 → FAILED",4,FAILED
"C1_INCORRECT → C1.2_INCORRECT → RESTART1 → C1_DISTRACTOR → C1.1_INCORRECT → RESTART2 → C1_INCORRECT → C1.2_CORRECT → C2_INCORRECT → RESTART3 → FAILED",4,FAILED
"C1_INCORRECT → C1.2_INCORRECT → RESTART1 → C1_DISTRACTOR → C1.1_INCORRECT → RESTART2 → C1_INCORRECT → C1.2_CORRECT → C2_DISTRACTOR → C2.1_CORRECT → C3_CORRECT → COMPLETE",3,COMPLETE
"C1_INCORRECT → C1.2_INCORRECT → RESTART1 → C1_DISTRACTOR → C1.1_INCORRECT → RESTART2 → C1_INCORRECT → C1.2_CORRECT → C2_DISTRACTOR → C2.1_CORRECT → C3_INCORRECT → RESTART3 → FAILED",4,FAILED
"C1_INCORRECT → C1.2_INCORRECT → RESTART1 → C1_DISTRACTOR → C1.1_INCORRECT → RESTART2 → C1_INCORRECT → C1.2_CORRECT → C2_DISTRACTOR → C2.1_CORRECT → C3_DISTRACTOR → RESTART3 → FAILED",4,FAILED
"C1_INCORRECT → C1.2_INCORRECT → RESTART1 → C1_DISTRACTOR → C1.1_INCORRECT → RESTART2 → C1_INCORRECT → C1.2_CORRECT → C2_DISTRACTOR → C2.1_INCORRECT → RESTART3 → FAILED",4,FAILED
"C1_INCORRECT → C1.2_INCORRECT → RESTART1 → C1_DISTRACTOR → C1.1_INCORRECT → RESTART2 → C1_INCORRECT → C1.2_CORRECT → C2_DISTRACTOR → C2.1_DISTRACTOR → RESTART3 → FAILED",4,FAILED
"C1_INCORRECT → C1.2_INCORRECT → RESTART1 → C1_DISTRACTOR → C1.1_INCORRECT → RESTART2 → C1_INCORRECT → C1.2_INCORRECT → RESTART3 → FAILED",4,FAILED
"C1_INCORRECT → C1.2_INCORRECT → RESTART1 → C1_DISTRACTOR → C1.1_INCORRECT → RESTART2 → C1_INCORRECT → C1.2_DISTRACTOR → RESTART3 → FAILED",4,FAILED
"C1_INCORRECT → C1.2_INCORRECT → RESTART1 → C1_DISTRACTOR → C1.1_INCORRECT → RESTART2 → C1_DISTRACTOR → C1.1_CORRECT → C2_CORRECT → C3_CORRECT → COMPLETE",3,COMPLETE
"C1_INCORRECT → C1.2_INCORRECT → RESTART1 → C1_DISTRACTOR → C1.1_INCORRECT → RESTART2 → C1_DISTRACTOR → C1.1_CORRECT → C2_CORRECT → C3_INCORRECT → RESTART3 → FAILED",4,FAILED
"C1_INCORRECT → C1.2_INCORRECT → RESTART1 → C1_DISTRACTOR → C1.1_INCORRECT → RESTART2 → C1_DISTRACTOR → C1.1_CORRECT → C2_CORRECT → C3_DISTRACTOR → RESTART3 → FAILED",4,FAILED
"C1_INCORRECT → C1.2_INCORRECT → RESTART1 → C1_DISTRACTOR → C1.1_INCORRECT → RESTART2 → C1_DISTRACTOR → C1.1_CORRECT → C2_INCORRECT → RESTART3 → FAILED",4,FAILED
"C1_INCORRECT → C1.2_INCORRECT → RESTART1 → C1_DISTRACTOR → C1.1_INCORRECT → RESTART2 → C1_DISTRACTOR → C1.1_CORRECT → C2_DISTRACTOR → C2.1_CORRECT → C3_CORRECT → COMPLETE",3,COMPLETE
"C1_INCORRECT → C1.2_INCORRECT → RESTART1 → C1_DISTRACTOR → C1.1_INCORRECT → RESTART2 → C1_DISTRACTOR → C1.1_CORRECT → C2_DISTRACTOR → C2.1_CORRECT → C3_INCORRECT → RESTART3 → FAILED",4,FAILED
"C1_INCORRECT → C1.2_INCORRECT → RESTART1 → C1_DISTRACTOR → C1.1_INCORRECT → RESTART2 → C1_DISTRACTOR → C1.1_CORRECT → C2_DISTRACTOR → C2.1_CORRECT → C3_DISTRACTOR → RESTART3 → FAILED",4,FAILED
"C1_INCORRECT → C1.2_INCORRECT → RESTART1 → C1_DISTRACTOR → C1.1_INCORRECT → RESTART2 → C1_DISTRACTOR → C1.1_CORRECT → C2_DISTRACTOR → C2.1_INCORRECT → RESTART3 → FAILED",4,FAILED
"C1_INCORRECT → C1.2_INCORRECT → RESTART1 → C1_DISTRACTOR → C1.1_INCORRECT → RESTART2 → C1_DISTRACTOR → C1.1_CORRECT → C2_DISTRACTOR → C2.1_DISTRACTOR → RESTART3 → FAILED",4,FAILED
"C1_INCORRECT → C1.2_INCORRECT → RESTART1 → C1_DISTRACTOR → C1.1_INCORRECT → RESTART2 → C1_DISTRACTOR → C1.1_INCORRECT → RESTART3 → FAILED",4,FAILED
"C1_INCORRECT → C1.2_INCORRECT → RESTART1 → C1_DISTRACTOR → C1.1_INCORRECT → RESTART2 → C1_DISTRACTOR → C1.1_DISTRACTOR → C1.1.1_CORRECT → C2_CORRECT → C3_CORRECT → COMPLETE",3,COMPLETE
"C1_INCORRECT → C1.2_INCORRECT → RESTART1 → C1_DISTRACTOR → C1.1_INCORRECT → RESTART2 → C1_DISTRACTOR → C1.1_DISTRACTOR → C1.1.1_CORRECT → C2_CORRECT → C3_INCORRECT → RESTART3 → FAILED",4,FAILED
"C1_INCORRECT → C1.2_INCORRECT → RESTART1 → C1_DISTRACTOR → C1.1_INCORRECT → RESTART2 → C1_DISTRACTOR → C1.1_DISTRACTOR → C1.1.1_CORRECT → C2_CORRECT → C3_DISTRACTOR → RESTART3 → FAILED",4,FAILED
"C1_INCORRECT → C1.2_INCORRECT → RESTART1 → C1_DISTRACTOR → C1.1_INCORRECT → RESTART2 → C1_DISTRACTOR → C1.1_DISTRACTOR → C1.1.1_CORRECT → C2_INCORRECT → RESTART3 → FAILED",4,FAILED
"C1_INCORRECT → C1.2_INCORRECT → RESTART1 → C1_DISTRACTOR → C1.1_INCORRECT → RESTART2 → C1_DISTRACTOR → C1.1_DISTRACTOR → C1.1.1_CORRECT → C2_DISTRACTOR → C2.1_CORRECT → C3_CORRECT → COMPLETE",3,COMPLETE
"C1_INCORRECT → C1.2_INCORRECT → RESTART1 → C1_DISTRACTOR → C1.1_INCORRECT → RESTART2 → C1_DISTRACTOR → C1.1_DISTRACTOR → C1.1.1_CORRECT → C2_DISTRACTOR → C2.1_CORRECT → C3_INCORRECT → RESTART3 → FAILED",4,FAILED
"C1_INCORRECT → C1.2_INCORRECT → RESTART1 → C1_DISTRACTOR → C1.1_INCORRECT → RESTART2 → C1_DISTRACTOR → C1.1_DISTRACTOR → C1.1.1_CORRECT → C2_DISTRACTOR → C2.1_CORRECT → C3_DISTRACTOR → RESTART3 → FAILED",4,FAILED
"C1_INCORRECT → C1.2_INCORRECT → RESTART1 → C1_DISTRACTOR → C1.1_INCORRECT → RESTART2 → C1_DISTRACTOR → C1.1_DISTRACTOR → C1.1.1_CORRECT → C2_DISTRACTOR → C2.1_INCORRECT → RESTART3 → FAILED",4,FAILED
"C1_INCORRECT → C1.2_INCORRECT → RESTART1 → C1_DISTRACTOR → C1.1_INCORRECT → RESTART2 → C1_DISTRACTOR → C1.1_DISTRACTOR → C1.1.1_CORRECT → C2_DISTRACTOR → C2.1_DISTRACTOR → RESTART3 → FAILED",4,FAILED
"C1_INCORRECT → C1.2_INCORRECT → RESTART1 → C1_DISTRACTOR → C1.1_INCORRECT → RESTART2 → C1_DISTRACTOR → C1.1_DISTRACTOR → C1.1.1_INCORRECT → RESTART3 → FAILED",4,FAILED
"C1_INCORRECT → C1.2_INCORRECT → RESTART1 → C1_DISTRACTOR → C1.1_INCORRECT → RESTART2 → C1_DISTRACTOR → C1.1_DISTRACTOR → C1.1.1_DISTRACTOR → RESTART3 → FAILED",4,FAILED
"C1_INCORRECT → C1.2_INCORRECT → RESTART1 → C1_DISTRACTOR → C1.1_DISTRACTOR → C1.1.1_CORRECT → C2_CORRECT → C3_CORRECT → COMPLETE",2,COMPLETE
"C1_INCORRECT → C1.2_INCORRECT → RESTART1 → C1_DISTRACTOR → C1.1_DISTRACTOR → C1.1.1_CORRECT → C2_CORRECT → C3_INCORRECT → RESTART2 → C3_CORRECT → COMPLETE",3,COMPLETE
"C1_INCORRECT → C1.2_INCORRECT → RESTART1 → C1_DISTRACTOR → C1.1_DISTRACTOR → C1.1.1_CORRECT → C2_CORRECT → C3_INCORRECT → RESTART2 → C3_INCORRECT → RESTART3 → FAILED",4,FAILED
"C1_INCORRECT → C1.2_INCORRECT → RESTART1 → C1_DISTRACTOR → C1.1_DISTRACTOR → C1.1.1_CORRECT → C2_CORRECT → C3_INCORRECT → RESTART2 → C3_DISTRACTOR → RESTART3 → FAILED",4,FAILED
"C1_INCORRECT → C1.2_INCORRECT → RESTART1 → C1_DISTRACTOR → C1.1_DISTRACTOR → C1.1.1_CORRECT → C2_CORRECT → C3_DISTRACTOR → RESTART2 → C3_CORRECT → COMPLETE",3,COMPLETE
"C1_INCORRECT → C1.2_INCORRECT → RESTART1 → C1_DISTRACTOR → C1.1_DISTRACTOR → C1.1.1_CORRECT → C2_CORRECT → C3_DISTRACTOR → RESTART2 → C3_INCORRECT → RESTART3 → FAILED",4,FAILED
"C1_INCORRECT → C1.2_INCORRECT → RESTART1 → C1_DISTRACTOR → C1.1_DISTRACTOR → C1.1.1_CORRECT → C2_CORRECT → C3_DISTRACTOR → RESTART2 → C3_DISTRACTOR → RESTART3 → FAILED",4,FAILED
"C1_INCORRECT → C1.2_INCORRECT → RESTART1 → C1_DISTRACTOR → C1.1_DISTRACTOR → C1.1.1_CORRECT → C2_INCORRECT → RESTART2 → C2_CORRECT → C3_CORRECT → COMPLETE",3,COMPLETE
"C1_INCORRECT → C1.2_INCORRECT → RESTART1 → C1_DISTRACTOR → C1.1_DISTRACTOR → C1.1.1_CORRECT → C2_INCORRECT → RESTART2 → C2_CORRECT → C3_INCORRECT → RESTART3 → FAILED",4,FAILED
"C1_INCORRECT → C1.2_INCORRECT → RESTART1 → C1_DISTRACTOR → C1.1_DISTRACTOR → C1.1.1_CORRECT → C2_INCORRECT → RESTART2 → C2_CORRECT → C3_DISTRACTOR → RESTART3 → FAILED",4,FAILED
"C1_INCORRECT → C1.2_INCORRECT → RESTART1 → C1_DISTRACTOR → C1.1_DISTRACTOR → C1.1.1_CORRECT → C2_INCORRECT → RESTART2 → C2_INCORRECT → RESTART3 → FAILED",4,FAILED
"C1_INCORRECT → C1.2_INCORRECT → RESTART1 → C1_DISTRACTOR → C1.1_DISTRACTOR → C1.1.1_CORRECT → C2_INCORRECT → RESTART2 → C2_DISTRACTOR → C2.1_CORRECT → C3_CORRECT → COMPLETE",3,COMPLETE
"C1_INCORRECT → C1.2_INCORRECT → RESTART1 → C1_DISTRACTOR → C1.1_DISTRACTOR → C1.1.1_CORRECT → C2_INCORRECT → RESTART2 → C2_DISTRACTOR → C2.1_CORRECT → C3_INCORRECT → RESTART3 → FAILED",4,FAILED
"C1_INCORRECT → C1.2_INCORRECT → RESTART1 → C1_DISTRACTOR → C1.1_DISTRACTOR → C1.1.1_CORRECT → C2_INCORRECT → RESTART2 → C2_DISTRACTOR → C2.1_CORRECT → C3_DISTRACTOR → RESTART3 → FAILED",4,FAILED
"C1_INCORRECT → C1.2_INCORRECT → RESTART1 → C1_DISTRACTOR → C1.1_DISTRACTOR → C1.1.1_CORRECT → C2_INCORRECT → RESTART2 → C2_DISTRACTOR → C2.1_INCORRECT → RESTART3 → FAILED",4,FAILED
"C1_INCORRECT → C1.2_INCORRECT → RESTART1 → C1_DISTRACTOR → C1.1_DISTRACTOR → C1.1.1_CORRECT → C2_INCORRECT → RESTART2 → C2_DISTRACTOR → C2.1_DISTRACTOR → RESTART3 → FAILED",4,FAILED
"C1_INCORRECT → C1.2_INCORRECT → RESTART1 → C1_DISTRACTOR → C1.1_DISTRACTOR → C1.1.1_CORRECT → C2_DISTRACTOR → C2.1_CORRECT → C3_CORRECT → COMPLETE",2,COMPLETE
"C1_INCORRECT → C1.2_INCORRECT → RESTART1 → C1_DISTRACTOR → C1.1_DISTRACTOR → C1.1.1_CORRECT → C2_DISTRACTOR → C2.1_CORRECT → C3_INCORRECT → RESTART2 → C3_CORRECT → COMPLETE",3,COMPLETE
"C1_INCORRECT → C1.2_INCORRECT → RESTART1 → C1_DISTRACTOR → C1.1_DISTRACTOR → C1.1.1_CORRECT → C2_DISTRACTOR → C2.1_CORRECT → C3_INCORRECT → RESTART2 → C3_INCORRECT → RESTART3 → FAILED",4,FAILED
"C1_INCORRECT → C1.2_INCORRECT → RESTART1 → C1_DISTRACTOR → C1.1_DISTRACTOR → C1.1.1_CORRECT → C2_DISTRACTOR → C2.1_CORRECT → C3_INCORRECT → RESTART2 → C3_DISTRACTOR → RESTART3 → FAILED",4,FAILED
"C1_INCORRECT → C1.2_INCORRECT → RESTART1 → C1_DISTRACTOR → C1.1_DISTRACTOR → C1.1.1_CORRECT → C2_DISTRACTOR → C2.1_CORRECT → C3_DISTRACTOR → RESTART2 → C3_CORRECT → COMPLETE",3,COMPLETE
"C1_INCORRECT → C1.2_INCORRECT → RESTART1 → C1_DISTRACTOR → C1.1_DISTRACTOR → C1.1.1_CORRECT → C2_DISTRACTOR → C2.1_CORRECT → C3_DISTRACTOR → RESTART2 → C3_INCORRECT → RESTART3 → FAILED",4,FAILED
"C1_INCORRECT → C1.2_INCORRECT → RESTART1 → C1_DISTRACTOR → C1.1_DISTRACTOR → C1.1.1_CORRECT → C2_DISTRACTOR → C2.1_CORRECT → C3_DISTRACTOR → RESTART2 → C3_DISTRACTOR → RESTART3 → FAILED",4,FAILED
"C1_INCORRECT → C1.2_INCORRECT → RESTART1 → C1_DISTRACTOR → C1.1_DISTRACTOR → C1.1.1_CORRECT → C2_DISTRACTOR → C2.1_INCORRECT → RESTART2 → C2_CORRECT → C3_CORRECT → COMPLETE",3,COMPLETE
"C1_INCORRECT → C1.2_INCORRECT → RESTART1 → C1_DISTRACTOR → C1.1_DISTRACTOR → C1.1.1_CORRECT → C2_DISTRACTOR → C2.1_INCORRECT → RESTART2 → C2_CORRECT → C3_INCORRECT → RESTART3 → FAILED",4,FAILED
"C1_INCORRECT → C1.2_INCORRECT → RESTART1 → C1_DISTRACTOR → C1.1_DISTRACTOR → C1.1.1_CORRECT → C2_DISTRACTOR → C2.1_INCORRECT → RESTART2 → C2_CORRECT → C3_DISTRACTOR → RESTART3 → FAILED",4,FAILED
"C1_INCORRECT → C1.2_INCORRECT → RESTART1 → C1_DISTRACTOR → C1.1_DISTRACTOR → C1.1.1_CORRECT → C2_DISTRACTOR → C2.1_INCORRECT → RESTART2 → C2_INCORRECT → RESTART3 → FAILED",4,FAILED
"C1_INCORRECT → C1.2_INCORRECT → RESTART1 → C1_DISTRACTOR → C1.1_DISTRACTOR → C1.1.1_CORRECT → C2_DISTRACTOR → C2.1_INCORRECT → RESTART2 → C2_DISTRACTOR → C2.1_CORRECT → C3_CORRECT → COMPLETE",3,COMPLETE
"C1_INCORRECT → C1.2_INCORRECT → RESTART1 → C1_DISTRACTOR → C1.1_DISTRACTOR → C1.1.1_CORRECT → C2_DISTRACTOR → C2.1_INCORRECT → RESTART2 → C2_DISTRACTOR → C2.1_CORRECT → C3_INCORRECT → RESTART3 → FAILED",4,FAILED
"C1_INCORRECT → C1.2_INCORRECT → RESTART1 → C1_DISTRACTOR → C1.1_DISTRACTOR → C1.1.1_CORRECT → C2_DISTRACTOR → C2.1_INCORRECT → RESTART2 → C2_DISTRACTOR → C2.1_CORRECT → C3_DISTRACTOR → RESTART3 → FAILED",4,FAILED
"C1_INCORRECT → C1.2_INCORRECT → RESTART1 → C1_DISTRACTOR → C1.1_DISTRACTOR → C1.1.1_CORRECT → C2_DISTRACTOR → C2.1_INCORRECT → RESTART2 → C2_DISTRACTOR → C2.1_INCORRECT → RESTART3 → FAILED",4,FAILED
"C1_INCORRECT → C1.2_INCORRECT → RESTART1 → C1_DISTRACTOR → C1.1_DISTRACTOR → C1.1.1_CORRECT → C2_DISTRACTOR → C2.1_INCORRECT → RESTART2 → C2_DISTRACTOR → C2.1_DISTRACTOR → RESTART3 → FAILED",4,FAILED
"C1_INCORRECT → C1.2_INCORRECT → RESTART1 → C1_DISTRACTOR → C1.1_DISTRACTOR → C1.1.1_CORRECT → C2_DISTRACTOR → C2.1_DISTRACTOR → RESTART2 → C2_CORRECT → C3_CORRECT → COMPLETE",3,COMPLETE
"C1_INCORRECT → C1.2_INCORRECT → RESTART1 → C1_DISTRACTOR → C1.1_DISTRACTOR → C1.1.1_CORRECT → C2_DISTRACTOR → C2.1_DISTRACTOR → RESTART2 → C2_CORRECT → C3_INCORRECT → RESTART3 → FAILED",4,FAILED
"C1_INCORRECT → C1.2_INCORRECT → RESTART1 → C1_DISTRACTOR → C1.1_DISTRACTOR → C1.1.1_CORRECT → C2_DISTRACTOR → C2.1_DISTRACTOR → RESTART2 → C2_CORRECT → C3_DISTRACTOR → RESTART3 → FAILED",4,FAILED
"C1_INCORRECT → C1.2_INCORRECT → RESTART1 → C1_DISTRACTOR → C1.1_DISTRACTOR → C1.1.1_CORRECT → C2_DISTRACTOR → C2.1_DISTRACTOR → RESTART2 → C2_INCORRECT → RESTART3 → FAILED",4,FAILED
"C1_INCORRECT → C1.2_INCORRECT → RESTART1 → C1_DISTRACTOR → C1.1_DISTRACTOR → C1.1.1_CORRECT → C2_DISTRACTOR → C2.1_DISTRACTOR → RESTART2 → C2_DISTRACTOR → C2.1_CORRECT → C3_CORRECT → COMPLETE",3,COMPLETE
"C1_INCORRECT → C1.2_INCORRECT → RESTART1 → C1_DISTRACTOR → C1.1_DISTRACTOR → C1.1.1_CORRECT → C2_DISTRACTOR → C2.1_DISTRACTOR → RESTART2 → C2_DISTRACTOR → C2.1_CORRECT → C3_INCORRECT → RESTART3 → FAILED",4,FAILED
"C1_INCORRECT → C1.2_INCORRECT → RESTART1 → C1_DISTRACTOR → C1.1_DISTRACTOR → C1.1.1_CORRECT → C2_DISTRACTOR → C2.1_DISTRACTOR → RESTART2 → C2_DISTRACTOR → C2.1_CORRECT → C3_DISTRACTOR → RESTART3 → FAILED",4,FAILED
"C1_INCORRECT → C1.2_INCORRECT → RESTART1 → C1_DISTRACTOR → C1.1_DISTRACTOR → C1.1.1_CORRECT → C2_DISTRACTOR → C2.1_DISTRACTOR → RESTART2 → C2_DISTRACTOR → C2.1_INCORRECT → RESTART3 → FAILED",4,FAILED
"C1_INCORRECT → C1.2_INCORRECT → RESTART1 → C1_DISTRACTOR → C1.1_DISTRACTOR → C1.1.1_CORRECT → C2_DISTRACTOR → C2.1_DISTRACTOR → RESTART2 → C2_DISTRACTOR → C2.1_DISTRACTOR → RESTART3 → FAILED",4,FAILED
"C1_INCORRECT → C1.2_INCORRECT → RESTART1 → C1_DISTRACTOR → C1.1_DISTRACTOR → C1.1.1_INCORRECT → RESTART2 → C1_CORRECT → C2_CORRECT → C3_CORRECT → COMPLETE",3,COMPLETE
"C1_INCORRECT → C1.2_INCORRECT → RESTART1 → C1_DISTRACTOR → C1.1_DISTRACTOR → C1.1.1_INCORRECT → RESTART2 → C1_CORRECT → C2_CORRECT → C3_INCORRECT → RESTART3 → FAILED",4,FAILED
"C1_INCORRECT → C1.2_INCORRECT → RESTART1 → C1_DISTRACTOR → C1.1_DISTRACTOR → C1.1.1_INCORRECT → RESTART2 → C1_CORRECT → C2_CORRECT → C3_DISTRACTOR → RESTART3 → FAILED",4,FAILED
"C1_INCORRECT → C1.2_INCORRECT → RESTART1 → C1_DISTRACTOR → C1.1_DISTRACTOR → C1.1.1_INCORRECT → RESTART2 → C1_CORRECT → C2_INCORRECT → RESTART3 → FAILED",4,FAILED
"C1_INCORRECT → C1.2_INCORRECT → RESTART1 → C1_DISTRACTOR → C1.1_DISTRACTOR → C1.1.1_INCORRECT → RESTART2 → C1_CORRECT → C2_DISTRACTOR → C2.1_CORRECT → C3_CORRECT → COMPLETE",3,COMPLETE
"C1_INCORRECT → C1.2_INCORRECT → RESTART1 → C1_DISTRACTOR → C1.1_DISTRACTOR → C1.1.1_INCORRECT → RESTART2 → C1_CORRECT → C2_DISTRACTOR → C2.1_CORRECT → C3_INCORRECT → RESTART3 → FAILED",4,FAILED
"C1_INCORRECT → C1.2_INCORRECT → RESTART1 → C1_DISTRACTOR → C1.1_DISTRACTOR → C1.1.1_INCORRECT → RESTART2 → C1_CORRECT → C2_DISTRACTOR → C2.1_CORRECT → C3_DISTRACTOR → RESTART3 → FAILED",4,FAILED
"C1_INCORRECT → C1.2_INCORRECT → RESTART1 → C1_DISTRACTOR → C1.1_DISTRACTOR → C1.1.1_INCORRECT → RESTART2 → C1_CORRECT → C2_DISTRACTOR → C2.1_INCORRECT → RESTART3 → FAILED",4,FAILED
"C1_INCORRECT → C1.2_INCORRECT → RESTART1 → C1_DISTRACTOR → C1.1_DISTRACTOR → C1.1.1_INCORRECT → RESTART2 → C1_CORRECT → C2_DISTRACTOR → C2.1_DISTRACTOR → RESTART3 → FAILED",4,FAILED
"C1_INCORRECT → C1.2_INCORRECT → RESTART1 → C1_DISTRACTOR → C1.1_DISTRACTOR → C1.1.1_INCORRECT → RESTART2 → C1_INCORRECT → C1.2_CORRECT → C2_CORRECT → C3_CORRECT → COMPLETE",3,COMPLETE
"C1_INCORRECT → C1.2_INCORRECT → RESTART1 → C1_DISTRACTOR → C1.1_DISTRACTOR → C1.1.1_INCORRECT → RESTART2 → C1_INCORRECT → C1.2_CORRECT → C2_CORRECT → C3_INCORRECT → RESTART3 → FAILED",4,FAILED
"C1_INCORRECT → C1.2_INCORRECT → RESTART1 → C1_DISTRACTOR → C1.1_DISTRACTOR → C1.1.1_INCORRECT → RESTART2 → C1_INCORRECT → C1.2_CORRECT → C2_CORRECT → C3_DISTRACTOR → RESTART3 → FAILED",4,FAILED
"C1_INCORRECT → C1.2_INCORRECT → RESTART1 → C1_DISTRACTOR → C1.1_DISTRACTOR → C1.1.1_INCORRECT → RESTART2 → C1_INCORRECT → C1.2_CORRECT → C2_INCORRECT → RESTART3 → FAILED",4,FAILED
"C1_INCORRECT → C1.2_INCORRECT → RESTART1 → C1_DISTRACTOR → C1.1_DISTRACTOR → C1.1.1_INCORRECT → RESTART2 → C1_INCORRECT → C1.2_CORRECT → C2_DISTRACTOR → C2.1_CORRECT → C3_CORRECT → COMPLETE",3,COMPLETE
"C1_INCORRECT → C1.2_INCORRECT → RESTART1 → C1_DISTRACTOR → C1.1_DISTRACTOR → C1.1.1_INCORRECT → RESTART2 → C1_INCORRECT → C1.2_CORRECT → C2_DISTRACTOR → C2.1_CORRECT → C3_INCORRECT → RESTART3 → FAILED",4,FAILED
"C1_INCORRECT → C1.2_INCORRECT → RESTART1 → C1_DISTRACTOR → C1.1_DISTRACTOR → C1.1.1_INCORRECT → RESTART2 → C1_INCORRECT → C1.2_CORRECT → C2_DISTRACTOR → C2.1_CORRECT → C3_DISTRACTOR → RESTART3 → FAILED",4,FAILED
"C1_INCORRECT → C1.2_INCORRECT → RESTART1 → C1_DISTRACTOR → C1.1_DISTRACTOR → C1.1.1_INCORRECT → RESTART2 → C1_INCORRECT → C1.2_CORRECT → C2_DISTRACTOR → C2.1_INCORRECT → RESTART3 → FAILED",4,FAILED
"C1_INCORRECT → C1.2_INCORRECT → RESTART1 → C1_DISTRACTOR → C1.1_DISTRACTOR → C1.1.1_INCORRECT → RESTART2 → C1_INCORRECT → C1.2_CORRECT → C2_DISTRACTOR → C2.1_DISTRACTOR → RESTART3 → FAILED",4,FAILED
"C1_INCORRECT → C1.2_INCORRECT → RESTART1 → C1_DISTRACTOR → C1.1_DISTRACTOR → C1.1.1_INCORRECT → RESTART2 → C1_INCORRECT → C1.2_INCORRECT → RESTART3 → FAILED",4,FAILED
"C1_INCORRECT → C1.2_INCORRECT → RESTART1 → C1_DISTRACTOR → C1.1_DISTRACTOR → C1.1.1_INCORRECT → RESTART2 → C1_INCORRECT → C1.2_DISTRACTOR → RESTART3 → FAILED",4,FAILED
"C1_INCORRECT → C1.2_INCORRECT → RESTART1 → C1_DISTRACTOR → C1.1_DISTRACTOR → C1.1.1_INCORRECT → RESTART2 → C1_DISTRACTOR → C1.1_CORRECT → C2_CORRECT → C3_CORRECT → COMPLETE",3,COMPLETE
"C1_INCORRECT → C1.2_INCORRECT → RESTART1 → C1_DISTRACTOR → C1.1_DISTRACTOR → C1.1.1_INCORRECT → RESTART2 → C1_DISTRACTOR → C1.1_CORRECT → C2_CORRECT → C3_INCORRECT → RESTART3 → FAILED",4,FAILED
"C1_INCORRECT → C1.2_INCORRECT → RESTART1 → C1_DISTRACTOR → C1.1_DISTRACTOR → C1.1.1_INCORRECT → RESTART2 → C1_DISTRACTOR → C1.1_CORRECT → C2_CORRECT → C3_DISTRACTOR → RESTART3 → FAILED",4,FAILED
"C1_INCORRECT → C1.2_INCORRECT → RESTART1 → C1_DISTRACTOR → C1.1_DISTRACTOR → C1.1.1_INCORRECT → RESTART2 → C1_DISTRACTOR → C1.1_CORRECT → C2_INCORRECT → RESTART3 → FAILED",4,FAILED
"C1_INCORRECT → C1.2_INCORRECT → RESTART1 → C1_DISTRACTOR → C1.1_DISTRACTOR → C1.1.1_INCORRECT → RESTART2 → C1_DISTRACTOR → C1.1_CORRECT → C2_DISTRACTOR → C2.1_CORRECT → C3_CORRECT → COMPLETE",3,COMPLETE
"C1_INCORRECT → C1.2_INCORRECT → RESTART1 → C1_DISTRACTOR → C1.1_DISTRACTOR → C1.1.1_INCORRECT → RESTART2 → C1_DISTRACTOR → C1.1_CORRECT → C2_DISTRACTOR → C2.1_CORRECT → C3_INCORRECT → RESTART3 → FAILED",4,FAILED
"C1_INCORRECT → C1.2_INCORRECT → RESTART1 → C1_DISTRACTOR → C1.1_DISTRACTOR → C1.1.1_INCORRECT → RESTART2 → C1_DISTRACTOR → C1.1_CORRECT → C2_DISTRACTOR → C2.1_CORRECT → C3_DISTRACTOR → RESTART3 → FAILED",4,FAILED
"C1_INCORRECT → C1.2_INCORRECT → RESTART1 → C1_DISTRACTOR → C1.1_DISTRACTOR → C1.1.1_INCORRECT → RESTART2 → C1_DISTRACTOR → C1.1_CORRECT → C2_DISTRACTOR → C2.1_INCORRECT → RESTART3 → FAILED",4,FAILED
"C1_INCORRECT → C1.2_INCORRECT → RESTART1 → C1_DISTRACTOR → C1.1_DISTRACTOR → C1.1.1_INCORRECT → RESTART2 → C1_DISTRACTOR → C1.1_CORRECT → C2_DISTRACTOR → C2.1_DISTRACTOR → RESTART3 → FAILED",4,FAILED
"C1_INCORRECT → C1.2_INCORRECT → RESTART1 → C1_DISTRACTOR → C1.1_DISTRACTOR → C1.1.1_INCORRECT → RESTART2 → C1_DISTRACTOR → C1.1_INCORRECT → RESTART3 → FAILED",4,FAILED
"C1_INCORRECT → C1.2_INCORRECT → RESTART1 → C1_DISTRACTOR → C1.1_DISTRACTOR → C1.1.1_INCORRECT → RESTART2 → C1_DISTRACTOR → C1.1_DISTRACTOR → C1.1.1_CORRECT → C2_CORRECT → C3_CORRECT → COMPLETE",3,COMPLETE
"C1_INCORRECT → C1.2_INCORRECT → RESTART1 → C1_DISTRACTOR → C1.1_DISTRACTOR → C1.1.1_INCORRECT → RESTART2 → C1_DISTRACTOR → C1.1_DISTRACTOR → C1.1.1_CORRECT → C2_CORRECT → C3_INCORRECT → RESTART3 → FAILED",4,FAILED
"C1_INCORRECT → C1.2_INCORRECT → RESTART1 → C1_DISTRACTOR → C1.1_DISTRACTOR → C1.1.1_INCORRECT → RESTART2 → C1_DISTRACTOR → C1.1_DISTRACTOR → C1.1.1_CORRECT → C2_CORRECT → C3_DISTRACTOR → RESTART3 → FAILED",4,FAILED
"C1_INCORRECT → C1.2_INCORRECT → RESTART1 → C1_DISTRACTOR → C1.1_DISTRACTOR → C1.1.1_INCORRECT → RESTART2 → C1_DISTRACTOR → C1.1_DISTRACTOR → C1.1.1_CORRECT → C2_INCORRECT → RESTART3 → FAILED",4,FAILED
"C1_INCORRECT → C1.2_INCORRECT → RESTART1 → C1_DISTRACTOR → C1.1_DISTRACTOR → C1.1.1_INCORRECT → RESTART2 → C1_DISTRACTOR → C1.1_DISTRACTOR → C1.1.1_CORRECT → C2_DISTRACTOR → C2.1_CORRECT → C3_CORRECT → COMPLETE",3,COMPLETE
"C1_INCORRECT → C1.2_INCORRECT → RESTART1 → C1_DISTRACTOR → C1.1_DISTRACTOR → C1.1.1_INCORRECT → RESTART2 → C1_DISTRACTOR → C1.1_DISTRACTOR → C1.1.1_CORRECT → C2_DISTRACTOR → C2.1_CORRECT → C3_INCORRECT → RESTART3 → FAILED",4,FAILED
"C1_INCORRECT → C1.2_INCORRECT → RESTART1 → C1_DISTRACTOR → C1.1_DISTRACTOR → C1.1.1_INCORRECT → RESTART2 → C1_DISTRACTOR → C1.1_DISTRACTOR → C1.1.1_CORRECT → C2_DISTRACTOR → C2.1_CORRECT → C3_DISTRACTOR → RESTART3 → FAILED",4,FAILED
"C1_INCORRECT → C1.2_INCORRECT → RESTART1 → C1_DISTRACTOR → C1.1_DISTRACTOR → C1.1.1_INCORRECT → RESTART2 → C1_DISTRACTOR → C1.1_DISTRACTOR → C1.1.1_CORRECT → C2_DISTRACTOR → C2.1_INCORRECT → RESTART3 → FAILED",4,FAILED
"C1_INCORRECT → C1.2_INCORRECT → RESTART1 → C1_DISTRACTOR → C1.1_DISTRACTOR → C1.1.1_INCORRECT → RESTART2 → C1_DISTRACTOR → C1.1_DISTRACTOR → C1.1.1_CORRECT → C2_DISTRACTOR → C2.1_DISTRACTOR → RESTART3 → FAILED",4,FAILED
"C1_INCORRECT → C1.2_INCORRECT → RESTART1 → C1_DISTRACTOR → C1.1_DISTRACTOR → C1.1.1_INCORRECT → RESTART2 → C1_DISTRACTOR → C1.1_DISTRACTOR → C1.1.1_INCORRECT → RESTART3 → FAILED",4,FAILED
"C1_INCORRECT → C1.2_INCORRECT → RESTART1 → C1_DISTRACTOR → C1.1_DISTRACTOR → C1.1.1_INCORRECT → RESTART2 → C1_DISTRACTOR → C1.1_DISTRACTOR → C1.1.1_DISTRACTOR → RESTART3 → FAILED",4,FAILED
"C1_INCORRECT → C1.2_INCORRECT → RESTART1 → C1_DISTRACTOR → C1.1_DISTRACTOR → C1.1.1_DISTRACTOR → RESTART2 → C1_CORRECT → C2_CORRECT → C3_CORRECT → COMPLETE",3,COMPLETE
"C1_INCORRECT → C1.2_INCORRECT → RESTART1 → C1_DISTRACTOR → C1.1_DISTRACTOR → C1.1.1_DISTRACTOR → RESTART2 → C1_CORRECT → C2_CORRECT → C3_INCORRECT → RESTART3 → FAILED",4,FAILED
"C1_INCORRECT → C1.2_INCORRECT → RESTART1 → C1_DISTRACTOR → C1.1_DISTRACTOR → C1.1.1_DISTRACTOR → RESTART2 → C1_CORRECT → C2_CORRECT → C3_DISTRACTOR → RESTART3 → FAILED",4,FAILED
"C1_INCORRECT → C1.2_INCORRECT → RESTART1 → C1_DISTRACTOR → C1.1_DISTRACTOR → C1.1.1_DISTRACTOR → RESTART2 → C1_CORRECT → C2_INCORRECT → RESTART3 → FAILED",4,FAILED
"C1_INCORRECT → C1.2_INCORRECT → RESTART1 → C1_DISTRACTOR → C1.1_DISTRACTOR → C1.1.1_DISTRACTOR → RESTART2 → C1_CORRECT → C2_DISTRACTOR → C2.1_CORRECT → C3_CORRECT → COMPLETE",3,COMPLETE
"C1_INCORRECT → C1.2_INCORRECT → RESTART1 → C1_DISTRACTOR → C1.1_DISTRACTOR → C1.1.1_DISTRACTOR → RESTART2 → C1_CORRECT → C2_DISTRACTOR → C2.1_CORRECT → C3_INCORRECT → RESTART3 → FAILED",4,FAILED
"C1_INCORRECT → C1.2_INCORRECT → RESTART1 → C1_DISTRACTOR → C1.1_DISTRACTOR → C1.1.1_DISTRACTOR → RESTART2 → C1_CORRECT → C2_DISTRACTOR → C2.1_CORRECT → C3_DISTRACTOR → RESTART3 → FAILED",4,FAILED
"C1_INCORRECT → C1.2_INCORRECT → RESTART1 → C1_DISTRACTOR → C1.1_DISTRACTOR → C1.1.1_DISTRACTOR → RESTART2 → C1_CORRECT → C2_DISTRACTOR → C2.1_INCORRECT → RESTART3 → FAILED",4,FAILED
"C1_INCORRECT → C1.2_INCORRECT → RESTART1 → C1_DISTRACTOR → C1.1_DISTRACTOR → C1.1.1_DISTRACTOR → RESTART2 → C1_CORRECT → C2_DISTRACTOR → C2.1_DISTRACTOR → RESTART3 → FAILED",4,FAILED
"C1_INCORRECT → C1.2_INCORRECT → RESTART1 → C1_DISTRACTOR → C1.1_DISTRACTOR → C1.1.1_DISTRACTOR → RESTART2 → C1_INCORRECT → C1.2_CORRECT → C2_CORRECT → C3_CORRECT → COMPLETE",3,COMPLETE
"C1_INCORRECT → C1.2_INCORRECT → RESTART1 → C1_DISTRACTOR → C1.1_DISTRACTOR → C1.1.1_DISTRACTOR → RESTART2 → C1_INCORRECT → C1.2_CORRECT → C2_CORRECT → C3_INCORRECT → RESTART3 → FAILED",4,FAILED
"C1_INCORRECT → C1.2_INCORRECT → RESTART1 → C1_DISTRACTOR → C1.1_DISTRACTOR → C1.1.1_DISTRACTOR → RESTART2 → C1_INCORRECT → C1.2_CORRECT → C2_CORRECT → C3_DISTRACTOR → RESTART3 → FAILED",4,FAILED
"C1_INCORRECT → C1.2_INCORRECT → RESTART1 → C1_DISTRACTOR → C1.1_DISTRACTOR → C1.1.1_DISTRACTOR → RESTART2 → C1_INCORRECT → C1.2_CORRECT → C2_INCORRECT → RESTART3 → FAILED",4,FAILED
"C1_INCORRECT → C1.2_INCORRECT → RESTART1 → C1_DISTRACTOR → C1.1_DISTRACTOR → C1.1.1_DISTRACTOR → RESTART2 → C1_INCORRECT → C1.2_CORRECT → C2_DISTRACTOR → C2.1_CORRECT → C3_CORRECT → COMPLETE",3,COMPLETE
"C1_INCORRECT → C1.2_INCORRECT → RESTART1 → C1_DISTRACTOR → C1.1_DISTRACTOR → C1.1.1_DISTRACTOR → RESTART2 → C1_INCORRECT → C1.2_CORRECT → C2_DISTRACTOR → C2.1_CORRECT → C3_INCORRECT → RESTART3 → FAILED",4,FAILED
"C1_INCORRECT → C1.2_INCORRECT → RESTART1 → C1_DISTRACTOR → C1.1_DISTRACTOR → C1.1.1_DISTRACTOR → RESTART2 → C1_INCORRECT → C1.2_CORRECT → C2_DISTRACTOR → C2.1_CORRECT → C3_DISTRACTOR → RESTART3 → FAILED",4,FAILED
"C1_INCORRECT → C1.2_INCORRECT → RESTART1 → C1_DISTRACTOR → C1.1_DISTRACTOR → C1.1.1_DISTRACTOR → RESTART2 → C1_INCORRECT → C1.2_CORRECT → C2_DISTRACTOR → C2.1_INCORRECT → RESTART3 → FAILED",4,FAILED
"C1_INCORRECT → C1.2_INCORRECT → RESTART1 → C1_DISTRACTOR → C1.1_DISTRACTOR → C1.1.1_DISTRACTOR → RESTART2 → C1_INCORRECT → C1.2_CORRECT → C2_DISTRACTOR → C2.1_DISTRACTOR → RESTART3 → FAILED",4,FAILED
"C1_INCORRECT → C1.2_INCORRECT → RESTART1 → C1_DISTRACTOR → C1.1_DISTRACTOR → C1.1.1_DISTRACTOR → RESTART2 → C1_INCORRECT → C1.2_INCORRECT → RESTART3 → FAILED",4,FAILED
"C1_INCORRECT → C1.2_INCORRECT → RESTART1 → C1_DISTRACTOR → C1.1_DISTRACTOR → C1.1.1_DISTRACTOR → RESTART2 → C1_INCORRECT → C1.2_DISTRACTOR → RESTART3 → FAILED",4,FAILED
"C1_INCORRECT → C1.2_INCORRECT → RESTART1 → C1_DISTRACTOR → C1.1_DISTRACTOR → C1.1.1_DISTRACTOR → RESTART2 → C1_DISTRACTOR → C1.1_CORRECT → C2_CORRECT → C3_CORRECT → COMPLETE",3,COMPLETE
"C1_INCORRECT → C1.2_INCORRECT → RESTART1 → C1_DISTRACTOR → C1.1_DISTRACTOR → C1.1.1_DISTRACTOR → RESTART2 → C1_DISTRACTOR → C1.1_CORRECT → C2_CORRECT → C3_INCORRECT → RESTART3 → FAILED",4,FAILED
"C1_INCORRECT → C1.2_INCORRECT → RESTART1 → C1_DISTRACTOR → C1.1_DISTRACTOR → C1.1.1_DISTRACTOR → RESTART2 → C1_DISTRACTOR → C1.1_CORRECT → C2_CORRECT → C3_DISTRACTOR → RESTART3 → FAILED",4,FAILED
"C1_INCORRECT → C1.2_INCORRECT → RESTART1 → C1_DISTRACTOR → C1.1_DISTRACTOR → C1.1.1_DISTRACTOR → RESTART2 → C1_DISTRACTOR → C1.1_CORRECT → C2_INCORRECT → RESTART3 → FAILED",4,FAILED
"C1_INCORRECT → C1.2_INCORRECT → RESTART1 → C1_DISTRACTOR → C1.1_DISTRACTOR → C1.1.1_DISTRACTOR → RESTART2 → C1_DISTRACTOR → C1.1_CORRECT → C2_DISTRACTOR → C2.1_CORRECT → C3_CORRECT → COMPLETE",3,COMPLETE
"C1_INCORRECT → C1.2_INCORRECT → RESTART1 → C1_DISTRACTOR → C1.1_DISTRACTOR → C1.1.1_DISTRACTOR → RESTART2 → C1_DISTRACTOR → C1.1_CORRECT → C2_DISTRACTOR → C2.1_CORRECT → C3_INCORRECT → RESTART3 → FAILED",4,FAILED
"C1_INCORRECT → C1.2_INCORRECT → RESTART1 → C1_DISTRACTOR → C1.1_DISTRACTOR → C1.1.1_DISTRACTOR → RESTART2 → C1_DISTRACTOR → C1.1_CORRECT → C2_DISTRACTOR → C2.1_CORRECT → C3_DISTRACTOR → RESTART3 → FAILED",4,FAILED
"C1_INCORRECT → C1.2_INCORRECT → RESTART1 → C1_DISTRACTOR → C1.1_DISTRACTOR → C1.1.1_DISTRACTOR → RESTART2 → C1_DISTRACTOR → C1.1_CORRECT → C2_DISTRACTOR → C2.1_INCORRECT → RESTART3 → FAILED",4,FAILED
"C1_INCORRECT → C1.2_INCORRECT → RESTART1 → C1_DISTRACTOR → C1.1_DISTRACTOR → C1.1.1_DISTRACTOR → RESTART2 → C1_DISTRACTOR → C1.1_CORRECT → C2_DISTRACTOR → C2.1_DISTRACTOR → RESTART3 → FAILED",4,FAILED
"C1_INCORRECT → C1.2_INCORRECT → RESTART1 → C1_DISTRACTOR → C1.1_DISTRACTOR → C1.1.1_DISTRACTOR → RESTART2 → C1_DISTRACTOR → C1.1_INCORRECT → RESTART3 → FAILED",4,FAILED
"C1_INCORRECT → C1.2_INCORRECT → RESTART1 → C1_DISTRACTOR → C1.1_DISTRACTOR → C1.1.1_DISTRACTOR → RESTART2 → C1_DISTRACTOR → C1.1_DISTRACTOR → C1.1.1_CORRECT → C2_CORRECT → C3_CORRECT → COMPLETE",3,COMPLETE
"C1_INCORRECT → C1.2_INCORRECT → RESTART1 → C1_DISTRACTOR → C1.1_DISTRACTOR → C1.1.1_DISTRACTOR → RESTART2 → C1_DISTRACTOR → C1.1_DISTRACTOR → C1.1.1_CORRECT → C2_CORRECT → C3_INCORRECT → RESTART3 → FAILED",4,FAILED
"C1_INCORRECT → C1.2_INCORRECT → RESTART1 → C1_DISTRACTOR → C1.1_DISTRACTOR → C1.1.1_DISTRACTOR → RESTART2 → C1_DISTRACTOR → C1.1_DISTRACTOR → C1.1.1_CORRECT → C2_CORRECT → C3_DISTRACTOR → RESTART3 → FAILED",4,FAILED
"C1_INCORRECT → C1.2_INCORRECT → RESTART1 → C1_DISTRACTOR → C1.1_DISTRACTOR → C1.1.1_DISTRACTOR → RESTART2 → C1_DISTRACTOR → C1.1_DISTRACTOR → C1.1.1_CORRECT → C2_INCORRECT → RESTART3 → FAILED",4,FAILED
"C1_INCORRECT → C1.2_INCORRECT → RESTART1 → C1_DISTRACTOR → C1.1_DISTRACTOR → C1.1.1_DISTRACTOR → RESTART2 → C1_DISTRACTOR → C1.1_DISTRACTOR → C1.1.1_CORRECT → C2_DISTRACTOR → C2.1_CORRECT → C3_CORRECT → COMPLETE",3,COMPLETE
"C1_INCORRECT → C1.2_INCORRECT → RESTART1 → C1_DISTRACTOR → C1.1_DISTRACTOR → C1.1.1_DISTRACTOR → RESTART2 → C1_DISTRACTOR → C1.1_DISTRACTOR → C1.1.1_CORRECT → C2_DISTRACTOR → C2.1_CORRECT → C3_INCORRECT → RESTART3 → FAILED",4,FAILED
"C1_INCORRECT → C1.2_INCORRECT → RESTART1 → C1_DISTRACTOR → C1.1_DISTRACTOR → C1.1.1_DISTRACTOR → RESTART2 → C1_DISTRACTOR → C1.1_DISTRACTOR → C1.1.1_CORRECT → C2_DISTRACTOR → C2.1_CORRECT → C3_DISTRACTOR → RESTART3 → FAILED",4,FAILED
"C1_INCORRECT → C1.2_INCORRECT → RESTART1 → C1_DISTRACTOR → C1.1_DISTRACTOR → C1.1.1_DISTRACTOR → RESTART2 → C1_DISTRACTOR → C1.1_DISTRACTOR → C1.1.1_CORRECT → C2_DISTRACTOR → C2.1_INCORRECT → RESTART3 → FAILED",4,FAILED
"C1_INCORRECT → C1.2_INCORRECT → RESTART1 → C1_DISTRACTOR → C1.1_DISTRACTOR → C1.1.1_DISTRACTOR → RESTART2 → C1_DISTRACTOR → C1.1_DISTRACTOR → C1.1.1_CORRECT → C2_DISTRACTOR → C2.1_DISTRACTOR → RESTART3 → FAILED",4,FAILED
"C1_INCORRECT → C1.2_INCORRECT → RESTART1 → C1_DISTRACTOR → C1.1_DISTRACTOR → C1.1.1_DISTRACTOR → RESTART2 → C1_DISTRACTOR → C1.1_DISTRACTOR → C1.1.1_INCORRECT → RESTART3 → FAILED",4,FAILED
"C1_INCORRECT → C1.2_INCORRECT → RESTART1 → C1_DISTRACTOR → C1.1_DISTRACTOR → C1.1.1_DISTRACTOR → RESTART2 → C1_DISTRACTOR → C1.1_DISTRACTOR → C1.1.1_DISTRACTOR → RESTART3 → FAILED",4,FAILED
"C1_INCORRECT → C1.2_DISTRACTOR → RESTART1 → C1_CORRECT → C2_CORRECT → C3_CORRECT → COMPLETE",2,COMPLETE
"C1_INCORRECT → C1.2_DISTRACTOR → RESTART1 → C1_CORRECT → C2_CORRECT → C3_INCORRECT → RESTART2 → C3_CORRECT → COMPLETE",3,COMPLETE
"C1_INCORRECT → C1.2_DISTRACTOR → RESTART1 → C1_CORRECT → C2_CORRECT → C3_INCORRECT → RESTART2 → C3_INCORRECT → RESTART3 → FAILED",4,FAILED
"C1_INCORRECT → C1.2_DISTRACTOR → RESTART1 → C1_CORRECT → C2_CORRECT → C3_INCORRECT → RESTART2 → C3_DISTRACTOR → RESTART3 → FAILED",4,FAILED
"C1_INCORRECT → C1.2_DISTRACTOR → RESTART1 → C1_CORRECT → C2_CORRECT → C3_DISTRACTOR → RESTART2 → C3_CORRECT → COMPLETE",3,COMPLETE
"C1_INCORRECT → C1.2_DISTRACTOR → RESTART1 → C1_CORRECT → C2_CORRECT → C3_DISTRACTOR → RESTART2 → C3_INCORRECT → RESTART3 → FAILED",4,FAILED
"C1_INCORRECT → C1.2_DISTRACTOR → RESTART1 → C1_CORRECT → C2_CORRECT → C3_DISTRACTOR → RESTART2 → C3_DISTRACTOR → RESTART3 → FAILED",4,FAILED
"C1_INCORRECT → C1.2_DISTRACTOR → RESTART1 → C1_CORRECT → C2_INCORRECT → RESTART2 → C2_CORRECT → C3_CORRECT → COMPLETE",3,COMPLETE
"C1_INCORRECT → C1.2_DISTRACTOR → RESTART1 → C1_CORRECT → C2_INCORRECT → RESTART2 → C2_CORRECT → C3_INCORRECT → RESTART3 → FAILED",4,FAILED
"C1_INCORRECT → C1.2_DISTRACTOR → RESTART1 → C1_CORRECT → C2_INCORRECT → RESTART2 → C2_CORRECT → C3_DISTRACTOR → RESTART3 → FAILED",4,FAILED
"C1_INCORRECT → C1.2_DISTRACTOR → RESTART1 → C1_CORRECT → C2_INCORRECT → RESTART2 → C2_INCORRECT → RESTART3 → FAILED",4,FAILED
"C1_INCORRECT → C1.2_DISTRACTOR → RESTART1 → C1_CORRECT → C2_INCORRECT → RESTART2 → C2_DISTRACTOR → C2.1_CORRECT → C3_CORRECT → COMPLETE",3,COMPLETE
"C1_INCORRECT → C1.2_DISTRACTOR → RESTART1 → C1_CORRECT → C2_INCORRECT → RESTART2 → C2_DISTRACTOR → C2.1_CORRECT → C3_INCORRECT → RESTART3 → FAILED",4,FAILED
"C1_INCORRECT → C1.2_DISTRACTOR → RESTART1 → C1_CORRECT → C2_INCORRECT → RESTART2 → C2_DISTRACTOR → C2.1_CORRECT → C3_DISTRACTOR → RESTART3 → FAILED",4,FAILED
"C1_INCORRECT → C1.2_DISTRACTOR → RESTART1 → C1_CORRECT → C2_INCORRECT → RESTART2 → C2_DISTRACTOR → C2.1_INCORRECT → RESTART3 → FAILED",4,FAILED
"C1_INCORRECT → C1.2_DISTRACTOR → RESTART1 → C1_CORRECT → C2_INCORRECT → RESTART2 → C2_DISTRACTOR → C2.1_DISTRACTOR → RESTART3 → FAILED",4,FAILED
"C1_INCORRECT → C1.2_DISTRACTOR → RESTART1 → C1_CORRECT → C2_DISTRACTOR → C2.1_CORRECT → C3_CORRECT → COMPLETE",2,COMPLETE
"C1_INCORRECT → C1.2_DISTRACTOR → RESTART1 → C1_CORRECT → C2_DISTRACTOR → C2.1_CORRECT → C3_INCORRECT → RESTART2 → C3_CORRECT → COMPLETE",3,COMPLETE
"C1_INCORRECT → C1.2_DISTRACTOR → RESTART1 → C1_CORRECT → C2_DISTRACTOR → C2.1_CORRECT → C3_INCORRECT → RESTART2 → C3_INCORRECT → RESTART3 → FAILED",4,FAILED
"C1_INCORRECT → C1.2_DISTRACTOR → RESTART1 → C1_CORRECT → C2_DISTRACTOR → C2.1_CORRECT → C3_INCORRECT → RESTART2 → C3_DISTRACTOR → RESTART3 → FAILED",4,FAILED
"C1_INCORRECT → C1.2_DISTRACTOR → RESTART1 → C1_CORRECT → C2_DISTRACTOR → C2.1_CORRECT → C3_DISTRACTOR → RESTART2 → C3_CORRECT → COMPLETE",3,COMPLETE
"C1_INCORRECT → C1.2_DISTRACTOR → RESTART1 → C1_CORRECT → C2_DISTRACTOR → C2.1_CORRECT → C3_DISTRACTOR → RESTART2 → C3_INCORRECT → RESTART3 → FAILED",4,FAILED
"C1_INCORRECT → C1.2_DISTRACTOR → RESTART1 → C1_CORRECT → C2_DISTRACTOR → C2.1_CORRECT → C3_DISTRACTOR → RESTART2 → C3_DISTRACTOR → RESTART3 → FAILED",4,FAILED
"C1_INCORRECT → C1.2_DISTRACTOR → RESTART1 → C1_CORRECT → C2_DISTRACTOR → C2.1_INCORRECT → RESTART2 → C2_CORRECT → C3_CORRECT → COMPLETE",3,COMPLETE
"C1_INCORRECT → C1.2_DISTRACTOR → RESTART1 → C1_CORRECT → C2_DISTRACTOR → C2.1_INCORRECT → RESTART2 → C2_CORRECT → C3_INCORRECT → RESTART3 → FAILED",4,FAILED
"C1_INCORRECT → C1.2_DISTRACTOR → RESTART1 → C1_CORRECT → C2_DISTRACTOR → C2.1_INCORRECT → RESTART2 → C2_CORRECT → C3_DISTRACTOR → RESTART3 → FAILED",4,FAILED
"C1_INCORRECT → C1.2_DISTRACTOR → RESTART1 → C1_CORRECT → C2_DISTRACTOR → C2.1_INCORRECT → RESTART2 → C2_INCORRECT → RESTART3 → FAILED",4,FAILED
"C1_INCORRECT → C1.2_DISTRACTOR → RESTART1 → C1_CORRECT → C2_DISTRACTOR → C2.1_INCORRECT → RESTART2 → C2_DISTRACTOR → C2.1_CORRECT → C3_CORRECT → COMPLETE",3,COMPLETE
"C1_INCORRECT → C1.2_DISTRACTOR → RESTART1 → C1_CORRECT → C2_DISTRACTOR → C2.1_INCORRECT → RESTART2 → C2_DISTRACTOR → C2.1_CORRECT → C3_INCORRECT → RESTART3 → FAILED",4,FAILED
"C1_INCORRECT → C1.2_DISTRACTOR → RESTART1 → C1_CORRECT → C2_DISTRACTOR → C2.1_INCORRECT → RESTART2 → C2_DISTRACTOR → C2.1_CORRECT → C3_DISTRACTOR → RESTART3 → FAILED",4,FAILED
"C1_INCORRECT → C1.2_DISTRACTOR → RESTART1 → C1_CORRECT → C2_DISTRACTOR → C2.1_INCORRECT → RESTART2 → C2_DISTRACTOR → C2.1_INCORRECT → RESTART3 → FAILED",4,FAILED
"C1_INCORRECT → C1.2_DISTRACTOR → RESTART1 → C1_CORRECT → C2_DISTRACTOR → C2.1_INCORRECT → RESTART2 → C2_DISTRACTOR → C2.1_DISTRACTOR → RESTART3 → FAILED",4,FAILED
"C1_INCORRECT → C1.2_DISTRACTOR → RESTART1 → C1_CORRECT → C2_DISTRACTOR → C2.1_DISTRACTOR → RESTART2 → C2_CORRECT → C3_CORRECT → COMPLETE",3,COMPLETE
"C1_INCORRECT → C1.2_DISTRACTOR → RESTART1 → C1_CORRECT → C2_DISTRACTOR → C2.1_DISTRACTOR → RESTART2 → C2_CORRECT → C3_INCORRECT → RESTART3 → FAILED",4,FAILED
"C1_INCORRECT → C1.2_DISTRACTOR → RESTART1 → C1_CORRECT → C2_DISTRACTOR → C2.1_DISTRACTOR → RESTART2 → C2_CORRECT → C3_DISTRACTOR → RESTART3 → FAILED",4,FAILED
"C1_INCORRECT → C1.2_DISTRACTOR → RESTART1 → C1_CORRECT → C2_DISTRACTOR → C2.1_DISTRACTOR → RESTART2 → C2_INCORRECT → RESTART3 → FAILED",4,FAILED
"C1_INCORRECT → C1.2_DISTRACTOR → RESTART1 → C1_CORRECT → C2_DISTRACTOR → C2.1_DISTRACTOR → RESTART2 → C2_DISTRACTOR → C2.1_CORRECT → C3_CORRECT → COMPLETE",3,COMPLETE
"C1_INCORRECT → C1.2_DISTRACTOR → RESTART1 → C1_CORRECT → C2_DISTRACTOR → C2.1_DISTRACTOR → RESTART2 → C2_DISTRACTOR → C2.1_CORRECT → C3_INCORRECT → RESTART3 → FAILED",4,FAILED
"C1_INCORRECT → C1.2_DISTRACTOR → RESTART1 → C1_CORRECT → C2_DISTRACTOR → C2.1_DISTRACTOR → RESTART2 → C2_DISTRACTOR → C2.1_CORRECT → C3_DISTRACTOR → RESTART3 → FAILED",4,FAILED
"C1_INCORRECT → C1.2_DISTRACTOR → RESTART1 → C1_CORRECT → C2_DISTRACTOR → C2.1_DISTRACTOR → RESTART2 → C2_DISTRACTOR → C2.1_INCORRECT → RESTART3 → FAILED",4,FAILED
"C1_INCORRECT → C1.2_DISTRACTOR → RESTART1 → C1_CORRECT → C2_DISTRACTOR → C2.1_DISTRACTOR → RESTART2 → C2_DISTRACTOR → C2.1_DISTRACTOR → RESTART3 → FAILED",4,FAILED
"C1_INCORRECT → C1.2_DISTRACTOR → RESTART1 → C1_INCORRECT → C1.2_CORRECT → C2_CORRECT → C3_CORRECT → COMPLETE",2,COMPLETE
"C1_INCORRECT → C1.2_DISTRACTOR → RESTART1 → C1_INCORRECT → C1.2_CORRECT → C2_CORRECT → C3_INCORRECT → RESTART2 → C3_CORRECT → COMPLETE",3,COMPLETE
"C1_INCORRECT → C1.2_DISTRACTOR → RESTART1 → C1_INCORRECT → C1.2_CORRECT → C2_CORRECT → C3_INCORRECT → RESTART2 → C3_INCORRECT → RESTART3 → FAILED",4,FAILED
"C1_INCORRECT → C1.2_DISTRACTOR → RESTART1 → C1_INCORRECT → C1.2_CORRECT → C2_CORRECT → C3_INCORRECT → RESTART2 → C3_DISTRACTOR → RESTART3 → FAILED",4,FAILED
"C1_INCORRECT → C1.2_DISTRACTOR → RESTART1 → C1_INCORRECT → C1.2_CORRECT → C2_CORRECT → C3_DISTRACTOR → RESTART2 → C3_CORRECT → COMPLETE",3,COMPLETE
"C1_INCORRECT → C1.2_DISTRACTOR → RESTART1 → C1_INCORRECT → C1.2_CORRECT → C2_CORRECT → C3_DISTRACTOR → RESTART2 → C3_INCORRECT → RESTART3 → FAILED",4,FAILED
"C1_INCORRECT → C1.2_DISTRACTOR → RESTART1 → C1_INCORRECT → C1.2_CORRECT → C2_CORRECT → C3_DISTRACTOR → RESTART2 → C3_DISTRACTOR → RESTART3 → FAILED",4,FAILED
"C1_INCORRECT → C1.2_DISTRACTOR → RESTART1 → C1_INCORRECT → C1.2_CORRECT → C2_INCORRECT → RESTART2 → C2_CORRECT → C3_CORRECT → COMPLETE",3,COMPLETE
"C1_INCORRECT → C1.2_DISTRACTOR → RESTART1 → C1_INCORRECT → C1.2_CORRECT → C2_INCORRECT → RESTART2 → C2_CORRECT → C3_INCORRECT → RESTART3 → FAILED",4,FAILED
"C1_INCORRECT → C1.2_DISTRACTOR → RESTART1 → C1_INCORRECT → C1.2_CORRECT → C2_INCORRECT → RESTART2 → C2_CORRECT → C3_DISTRACTOR → RESTART3 → FAILED",4,FAILED
"C1_INCORRECT → C1.2_DISTRACTOR → RESTART1 → C1_INCORRECT → C1.2_CORRECT → C2_INCORRECT → RESTART2 → C2_INCORRECT → RESTART3 → FAILED",4,FAILED
"C1_INCORRECT → C1.2_DISTRACTOR → RESTART1 → C1_INCORRECT → C1.2_CORRECT → C2_INCORRECT → RESTART2 → C2_DISTRACTOR → C2.1_CORRECT → C3_CORRECT → COMPLETE",3,COMPLETE
"C1_INCORRECT → C1.2_DISTRACTOR → RESTART1 → C1_INCORRECT → C1.2_CORRECT → C2_INCORRECT → RESTART2 → C2_DISTRACTOR → C2.1_CORRECT → C3_INCORRECT → RESTART3 → FAILED",4,FAILED
"C1_INCORRECT → C1.2_DISTRACTOR → RESTART1 → C1_INCORRECT → C1.2_CORRECT → C2_INCORRECT → RESTART2 → C2_DISTRACTOR → C2.1_CORRECT → C3_DISTRACTOR → RESTART3 → FAILED",4,FAILED
"C1_INCORRECT → C1.2_DISTRACTOR → RESTART1 → C1_INCORRECT → C1.2_CORRECT → C2_INCORRECT → RESTART2 → C2_DISTRACTOR → C2.1_INCORRECT → RESTART3 → FAILED",4,FAILED
"C1_INCORRECT → C1.2_DISTRACTOR → RESTART1 → C1_INCORRECT → C1.2_CORRECT → C2_INCORRECT → RESTART2 → C2_DISTRACTOR → C2.1_DISTRACTOR → RESTART3 → FAILED",4,FAILED
"C1_INCORRECT → C1.2_DISTRACTOR → RESTART1 → C1_INCORRECT → C1.2_CORRECT → C2_DISTRACTOR → C2.1_CORRECT → C3_CORRECT → COMPLETE",2,COMPLETE
"C1_INCORRECT → C1.2_DISTRACTOR → RESTART1 → C1_INCORRECT → C1.2_CORRECT → C2_DISTRACTOR → C2.1_CORRECT → C3_INCORRECT → RESTART2 → C3_CORRECT → COMPLETE",3,COMPLETE
"C1_INCORRECT → C1.2_DISTRACTOR → RESTART1 → C1_INCORRECT → C1.2_CORRECT → C2_DISTRACTOR → C2.1_CORRECT → C3_INCORRECT → RESTART2 → C3_INCORRECT → RESTART3 → FAILED",4,FAILED
"C1_INCORRECT → C1.2_DISTRACTOR → RESTART1 → C1_INCORRECT → C1.2_CORRECT → C2_DISTRACTOR → C2.1_CORRECT → C3_INCORRECT → RESTART2 → C3_DISTRACTOR → RESTART3 → FAILED",4,FAILED
"C1_INCORRECT → C1.2_DISTRACTOR → RESTART1 → C1_INCORRECT → C1.2_CORRECT → C2_DISTRACTOR → C2.1_CORRECT → C3_DISTRACTOR → RESTART2 → C3_CORRECT → COMPLETE",3,COMPLETE
"C1_INCORRECT → C1.2_DISTRACTOR → RESTART1 → C1_INCORRECT → C1.2_CORRECT → C2_DISTRACTOR → C2.1_CORRECT → C3_DISTRACTOR → RESTART2 → C3_INCORRECT → RESTART3 → FAILED",4,FAILED
"C1_INCORRECT → C1.2_DISTRACTOR → RESTART1 → C1_INCORRECT → C1.2_CORRECT → C2_DISTRACTOR → C2.1_CORRECT → C3_DISTRACTOR → RESTART2 → C3_DISTRACTOR → RESTART3 → FAILED",4,FAILED
"C1_INCORRECT → C1.2_DISTRACTOR → RESTART1 → C1_INCORRECT → C1.2_CORRECT → C2_DISTRACTOR → C2.1_INCORRECT → RESTART2 → C2_CORRECT → C3_CORRECT → COMPLETE",3,COMPLETE
"C1_INCORRECT → C1.2_DISTRACTOR → RESTART1 → C1_INCORRECT → C1.2_CORRECT → C2_DISTRACTOR → C2.1_INCORRECT → RESTART2 → C2_CORRECT → C3_INCORRECT → RESTART3 → FAILED",4,FAILED
"C1_INCORRECT → C1.2_DISTRACTOR → RESTART1 → C1_INCORRECT → C1.2_CORRECT → C2_DISTRACTOR → C2.1_INCORRECT → RESTART2 → C2_CORRECT → C3_DISTRACTOR → RESTART3 → FAILED",4,FAILED
"C1_INCORRECT → C1.2_DISTRACTOR → RESTART1 → C1_INCORRECT → C1.2_CORRECT → C2_DISTRACTOR → C2.1_INCORRECT → RESTART2 → C2_INCORRECT → RESTART3 → FAILED",4,FAILED
"C1_INCORRECT → C1.2_DISTRACTOR → RESTART1 → C1_INCORRECT → C1.2_CORRECT → C2_DISTRACTOR → C2.1_INCORRECT → RESTART2 → C2_DISTRACTOR → C2.1_CORRECT → C3_CORRECT → COMPLETE",3,COMPLETE
"C1_INCORRECT → C1.2_DISTRACTOR → RESTART1 → C1_INCORRECT → C1.2_CORRECT → C2_DISTRACTOR → C2.1_INCORRECT → RESTART2 → C2_DISTRACTOR → C2.1_CORRECT → C3_INCORRECT → RESTART3 → FAILED",4,FAILED
"C1_INCORRECT → C1.2_DISTRACTOR → RESTART1 → C1_INCORRECT → C1.2_CORRECT → C2_DISTRACTOR → C2.1_INCORRECT → RESTART2 → C2_DISTRACTOR → C2.1_CORRECT → C3_DISTRACTOR → RESTART3 → FAILED",4,FAILED
"C1_INCORRECT → C1.2_DISTRACTOR → RESTART1 → C1_INCORRECT → C1.2_CORRECT → C2_DISTRACTOR → C2.1_INCORRECT → RESTART2 → C2_DISTRACTOR → C2.1_INCORRECT → RESTART3 → FAILED",4,FAILED
"C1_INCORRECT → C1.2_DISTRACTOR → RESTART1 → C1_INCORRECT → C1.2_CORRECT → C2_DISTRACTOR → C2.1_INCORRECT → RESTART2 → C2_DISTRACTOR → C2.1_DISTRACTOR → RESTART3 → FAILED",4,FAILED
"C1_INCORRECT → C1.2_DISTRACTOR → RESTART1 → C1_INCORRECT → C1.2_CORRECT → C2_DISTRACTOR → C2.1_DISTRACTOR → RESTART2 → C2_CORRECT → C3_CORRECT → COMPLETE",3,COMPLETE
"C1_INCORRECT → C1.2_DISTRACTOR → RESTART1 → C1_INCORRECT → C1.2_CORRECT → C2_DISTRACTOR → C2.1_DISTRACTOR → RESTART2 → C2_CORRECT → C3_INCORRECT → RESTART3 → FAILED",4,FAILED
"C1_INCORRECT → C1.2_DISTRACTOR → RESTART1 → C1_INCORRECT → C1.2_CORRECT → C2_DISTRACTOR → C2.1_DISTRACTOR → RESTART2 → C2_CORRECT → C3_DISTRACTOR → RESTART3 → FAILED",4,FAILED
"C1_INCORRECT → C1.2_DISTRACTOR → RESTART1 → C1_INCORRECT → C1.2_CORRECT → C2_DISTRACTOR → C2.1_DISTRACTOR → RESTART2 → C2_INCORRECT → RESTART3 → FAILED",4,FAILED
"C1_INCORRECT → C1.2_DISTRACTOR → RESTART1 → C1_INCORRECT → C1.2_CORRECT → C2_DISTRACTOR → C2.1_DISTRACTOR → RESTART2 → C2_DISTRACTOR → C2.1_CORRECT → C3_CORRECT → COMPLETE",3,COMPLETE
"C1_INCORRECT → C1.2_DISTRACTOR → RESTART1 → C1_INCORRECT → C1.2_CORRECT → C2_DISTRACTOR → C2.1_DISTRACTOR → RESTART2 → C2_DISTRACTOR → C2.1_CORRECT → C3_INCORRECT → RESTART3 → FAILED",4,FAILED
"C1_INCORRECT → C1.2_DISTRACTOR → RESTART1 → C1_INCORRECT → C1.2_CORRECT → C2_DISTRACTOR → C2.1_DISTRACTOR → RESTART2 → C2_DISTRACTOR → C2.1_CORRECT → C3_DISTRACTOR → RESTART3 → FAILED",4,FAILED
"C1_INCORRECT → C1.2_DISTRACTOR → RESTART1 → C1_INCORRECT → C1.2_CORRECT → C2_DISTRACTOR → C2.1_DISTRACTOR → RESTART2 → C2_DISTRACTOR → C2.1_INCORRECT → RESTART3 → FAILED",4,FAILED
"C1_INCORRECT → C1.2_DISTRACTOR → RESTART1 → C1_INCORRECT → C1.2_CORRECT → C2_DISTRACTOR → C2.1_DISTRACTOR → RESTART2 → C2_DISTRACTOR → C2.1_DISTRACTOR → RESTART3 → FAILED",4,FAILED
"C1_INCORRECT → C1.2_DISTRACTOR → RESTART1 → C1_INCORRECT → C1.2_INCORRECT → RESTART2 → C1_CORRECT → C2_CORRECT → C3_CORRECT → COMPLETE",3,COMPLETE
"C1_INCORRECT → C1.2_DISTRACTOR → RESTART1 → C1_INCORRECT → C1.2_INCORRECT → RESTART2 → C1_CORRECT → C2_CORRECT → C3_INCORRECT → RESTART3 → FAILED",4,FAILED
"C1_INCORRECT → C1.2_DISTRACTOR → RESTART1 → C1_INCORRECT → C1.2_INCORRECT → RESTART2 → C1_CORRECT → C2_CORRECT → C3_DISTRACTOR → RESTART3 → FAILED",4,FAILED
"C1_INCORRECT → C1.2_DISTRACTOR → RESTART1 → C1_INCORRECT → C1.2_INCORRECT → RESTART2 → C1_CORRECT → C2_INCORRECT → RESTART3 → FAILED",4,FAILED
"C1_INCORRECT → C1.2_DISTRACTOR → RESTART1 → C1_INCORRECT → C1.2_INCORRECT → RESTART2 → C1_CORRECT → C2_DISTRACTOR → C2.1_CORRECT → C3_CORRECT → COMPLETE",3,COMPLETE
"C1_INCORRECT → C1.2_DISTRACTOR → RESTART1 → C1_INCORRECT → C1.2_INCORRECT → RESTART2 → C1_CORRECT → C2_DISTRACTOR → C2.1_CORRECT → C3_INCORRECT → RESTART3 → FAILED",4,FAILED
"C1_INCORRECT → C1.2_DISTRACTOR → RESTART1 → C1_INCORRECT → C1.2_INCORRECT → RESTART2 → C1_CORRECT → C2_DISTRACTOR → C2.1_CORRECT → C3_DISTRACTOR → RESTART3 → FAILED",4,FAILED
"C1_INCORRECT → C1.2_DISTRACTOR → RESTART1 → C1_INCORRECT → C1.2_INCORRECT → RESTART2 → C1_CORRECT → C2_DISTRACTOR → C2.1_INCORRECT → RESTART3 → FAILED",4,FAILED
"C1_INCORRECT → C1.2_DISTRACTOR → RESTART1 → C1_INCORRECT → C1.2_INCORRECT → RESTART2 → C1_CORRECT → C2_DISTRACTOR → C2.1_DISTRACTOR → RESTART3 → FAILED",4,FAILED
"C1_INCORRECT → C1.2_DISTRACTOR → RESTART1 → C1_INCORRECT → C1.2_INCORRECT → RESTART2 → C1_INCORRECT → C1.2_CORRECT → C2_CORRECT → C3_CORRECT → COMPLETE",3,COMPLETE
"C1_INCORRECT → C1.2_DISTRACTOR → RESTART1 → C1_INCORRECT → C1.2_INCORRECT → RESTART2 → C1_INCORRECT → C1.2_CORRECT → C2_CORRECT → C3_INCORRECT → RESTART3 → FAILED",4,FAILED
"C1_INCORRECT → C1.2_DISTRACTOR → RESTART1 → C1_INCORRECT → C1.2_INCORRECT → RESTART2 → C1_INCORRECT → C1.2_CORRECT → C2_CORRECT → C3_DISTRACTOR → RESTART3 → FAILED",4,FAILED
"C1_INCORRECT → C1.2_DISTRACTOR → RESTART1 → C1_INCORRECT → C1.2_INCORRECT → RESTART2 → C1_INCORRECT → C1.2_CORRECT → C2_INCORRECT → RESTART3 → FAILED",4,FAILED
"C1_INCORRECT → C1.2_DISTRACTOR → RESTART1 → C1_INCORRECT → C1.2_INCORRECT → RESTART2 → C1_INCORRECT → C1.2_CORRECT → C2_DISTRACTOR → C2.1_CORRECT → C3_CORRECT → COMPLETE",3,COMPLETE
"C1_INCORRECT → C1.2_DISTRACTOR → RESTART1 → C1_INCORRECT → C1.2_INCORRECT → RESTART2 → C1_INCORRECT → C1.2_CORRECT → C2_DISTRACTOR → C2.1_CORRECT → C3_INCORRECT → RESTART3 → FAILED",4,FAILED
"C1_INCORRECT → C1.2_DISTRACTOR → RESTART1 → C1_INCORRECT → C1.2_INCORRECT → RESTART2 → C1_INCORRECT → C1.2_CORRECT → C2_DISTRACTOR → C2.1_CORRECT → C3_DISTRACTOR → RESTART3 → FAILED",4,FAILED
"C1_INCORRECT → C1.2_DISTRACTOR → RESTART1 → C1_INCORRECT → C1.2_INCORRECT → RESTART2 → C1_INCORRECT → C1.2_CORRECT → C2_DISTRACTOR → C2.1_INCORRECT → RESTART3 → FAILED",4,FAILED
"C1_INCORRECT → C1.2_DISTRACTOR → RESTART1 → C1_INCORRECT → C1.2_INCORRECT → RESTART2 → C1_INCORRECT → C1.2_CORRECT → C2_DISTRACTOR → C2.1_DISTRACTOR → RESTART3 → FAILED",4,FAILED
"C1_INCORRECT → C1.2_DISTRACTOR → RESTART1 → C1_INCORRECT → C1.2_INCORRECT → RESTART2 → C1_INCORRECT → C1.2_INCORRECT → RESTART3 → FAILED",4,FAILED
"C1_INCORRECT → C1.2_DISTRACTOR → RESTART1 → C1_INCORRECT → C1.2_INCORRECT → RESTART2 → C1_INCORRECT → C1.2_DISTRACTOR → RESTART3 → FAILED",4,FAILED
"C1_INCORRECT → C1.2_DISTRACTOR → RESTART1 → C1_INCORRECT → C1.2_INCORRECT → RESTART2 → C1_DISTRACTOR → C1.1_CORRECT → C2_CORRECT → C3_CORRECT → COMPLETE",3,COMPLETE
"C1_INCORRECT → C1.2_DISTRACTOR → RESTART1 → C1_INCORRECT → C1.2_INCORRECT → RESTART2 → C1_DISTRACTOR → C1.1_CORRECT → C2_CORRECT → C3_INCORRECT → RESTART3 → FAILED",4,FAILED
"C1_INCORRECT → C1.2_DISTRACTOR → RESTART1 → C1_INCORRECT → C1.2_INCORRECT → RESTART2 → C1_DISTRACTOR → C1.1_CORRECT → C2_CORRECT → C3_DISTRACTOR → RESTART3 → FAILED",4,FAILED
"C1_INCORRECT → C1.2_DISTRACTOR → RESTART1 → C1_INCORRECT → C1.2_INCORRECT → RESTART2 → C1_DISTRACTOR → C1.1_CORRECT → C2_INCORRECT → RESTART3 → FAILED",4,FAILED
"C1_INCORRECT → C1.2_DISTRACTOR → RESTART1 → C1_INCORRECT → C1.2_INCORRECT → RESTART2 → C1_DISTRACTOR → C1.1_CORRECT → C2_DISTRACTOR → C2.1_CORRECT → C3_CORRECT → COMPLETE",3,COMPLETE
"C1_INCORRECT → C1.2_DISTRACTOR → RESTART1 → C1_INCORRECT → C1.2_INCORRECT → RESTART2 → C1_DISTRACTOR → C1.1_CORRECT → C2_DISTRACTOR → C2.1_CORRECT → C3_INCORRECT → RESTART3 → FAILED",4,FAILED
"C1_INCORRECT → C1.2_DISTRACTOR → RESTART1 → C1_INCORRECT → C1.2_INCORRECT → RESTART2 → C1_DISTRACTOR → C1.1_CORRECT → C2_DISTRACTOR → C2.1_CORRECT → C3_DISTRACTOR → RESTART3 → FAILED",4,FAILED
"C1_INCORRECT → C1.2_DISTRACTOR → RESTART1 → C1_INCORRECT → C1.2_INCORRECT → RESTART2 → C1_DISTRACTOR → C1.1_CORRECT → C2_DISTRACTOR → C2.1_INCORRECT → RESTART3 → FAILED",4,FAILED
"C1_INCORRECT → C1.2_DISTRACTOR → RESTART1 → C1_INCORRECT → C1.2_INCORRECT → RESTART2 → C1_DISTRACTOR → C1.1_CORRECT → C2_DISTRACTOR → C2.1_DISTRACTOR → RESTART3 → FAILED",4,FAILED
"C1_INCORRECT → C1.2_DISTRACTOR → RESTART1 → C1_INCORRECT → C1.2_INCORRECT → RESTART2 → C1_DISTRACTOR → C1.1_INCORRECT → RESTART3 → FAILED",4,FAILED
"C1_INCORRECT → C1.2_DISTRACTOR → RESTART1 → C1_INCORRECT → C1.2_INCORRECT → RESTART2 → C1_DISTRACTOR → C1.1_DISTRACTOR → C1.1.1_CORRECT → C2_CORRECT → C3_CORRECT → COMPLETE",3,COMPLETE
"C1_INCORRECT → C1.2_DISTRACTOR → RESTART1 → C1_INCORRECT → C1.2_INCORRECT → RESTART2 → C1_DISTRACTOR → C1.1_DISTRACTOR → C1.1.1_CORRECT → C2_CORRECT → C3_INCORRECT → RESTART3 → FAILED",4,FAILED
"C1_INCORRECT → C1.2_DISTRACTOR → RESTART1 → C1_INCORRECT → C1.2_INCORRECT → RESTART2 → C1_DISTRACTOR → C1.1_DISTRACTOR → C1.1.1_CORRECT → C2_CORRECT → C3_DISTRACTOR → RESTART3 → FAILED",4,FAILED
"C1_INCORRECT → C1.2_DISTRACTOR → RESTART1 → C1_INCORRECT → C1.2_INCORRECT → RESTART2 → C1_DISTRACTOR → C1.1_DISTRACTOR → C1.1.1_CORRECT → C2_INCORRECT → RESTART3 → FAILED",4,FAILED
"C1_INCORRECT → C1.2_DISTRACTOR → RESTART1 → C1_INCORRECT → C1.2_INCORRECT → RESTART2 → C1_DISTRACTOR → C1.1_DISTRACTOR → C1.1.1_CORRECT → C2_DISTRACTOR → C2.1_CORRECT → C3_CORRECT → COMPLETE",3,COMPLETE
"C1_INCORRECT → C1.2_DISTRACTOR → RESTART1 → C1_INCORRECT → C1.2_INCORRECT → RESTART2 → C1_DISTRACTOR → C1.1_DISTRACTOR → C1.1.1_CORRECT → C2_DISTRACTOR → C2.1_CORRECT → C3_INCORRECT → RESTART3 → FAILED",4,FAILED
"C1_INCORRECT → C1.2_DISTRACTOR → RESTART1 → C1_INCORRECT → C1.2_INCORRECT → RESTART2 → C1_DISTRACTOR → C1.1_DISTRACTOR → C1.1.1_CORRECT → C2_DISTRACTOR → C2.1_CORRECT → C3_DISTRACTOR → RESTART3 → FAILED",4,FAILED
"C1_INCORRECT → C1.2_DISTRACTOR → RESTART1 → C1_INCORRECT → C1.2_INCORRECT → RESTART2 → C1_DISTRACTOR → C1.1_DISTRACTOR → C1.1.1_CORRECT → C2_DISTRACTOR → C2.1_INCORRECT → RESTART3 → FAILED",4,FAILED
"C1_INCORRECT → C1.2_DISTRACTOR → RESTART1 → C1_INCORRECT → C1.2_INCORRECT → RESTART2 → C1_DISTRACTOR → C1.1_DISTRACTOR → C1.1.1_CORRECT → C2_DISTRACTOR → C2.1_DISTRACTOR → RESTART3 → FAILED",4,FAILED
"C1_INCORRECT → C1.2_DISTRACTOR → RESTART1 → C1_INCORRECT → C1.2_INCORRECT → RESTART2 → C1_DISTRACTOR → C1.1_DISTRACTOR → C1.1.1_INCORRECT → RESTART3 → FAILED",4,FAILED
"C1_INCORRECT → C1.2_DISTRACTOR → RESTART1 → C1_INCORRECT → C1.2_INCORRECT → RESTART2 → C1_DISTRACTOR → C1.1_DISTRACTOR → C1.1.1_DISTRACTOR → RESTART3 → FAILED",4,FAILED
"C1_INCORRECT → C1.2_DISTRACTOR → RESTART1 → C1_INCORRECT → C1.2_DISTRACTOR → RESTART2 → C1_CORRECT → C2_CORRECT → C3_CORRECT → COMPLETE",3,COMPLETE
"C1_INCORRECT → C1.2_DISTRACTOR → RESTART1 → C1_INCORRECT → C1.2_DISTRACTOR → RESTART2 → C1_CORRECT → C2_CORRECT → C3_INCORRECT → RESTART3 → FAILED",4,FAILED
"C1_INCORRECT → C1.2_DISTRACTOR → RESTART1 → C1_INCORRECT → C1.2_DISTRACTOR → RESTART2 → C1_CORRECT → C2_CORRECT → C3_DISTRACTOR → RESTART3 → FAILED",4,FAILED
"C1_INCORRECT → C1.2_DISTRACTOR → RESTART1 → C1_INCORRECT → C1.2_DISTRACTOR → RESTART2 → C1_CORRECT → C2_INCORRECT → RESTART3 → FAILED",4,FAILED
"C1_INCORRECT → C1.2_DISTRACTOR → RESTART1 → C1_INCORRECT → C1.2_DISTRACTOR → RESTART2 → C1_CORRECT → C2_DISTRACTOR → C2.1_CORRECT → C3_CORRECT → COMPLETE",3,COMPLETE
"C1_INCORRECT → C1.2_DISTRACTOR → RESTART1 → C1_INCORRECT → C1.2_DISTRACTOR → RESTART2 → C1_CORRECT → C2_DISTRACTOR → C2.1_CORRECT → C3_INCORRECT → RESTART3 → FAILED",4,FAILED
"C1_INCORRECT → C1.2_DISTRACTOR → RESTART1 → C1_INCORRECT → C1.2_DISTRACTOR → RESTART2 → C1_CORRECT → C2_DISTRACTOR → C2.1_CORRECT → C3_DISTRACTOR → RESTART3 → FAILED",4,FAILED
"C1_INCORRECT → C1.2_DISTRACTOR → RESTART1 → C1_INCORRECT → C1.2_DISTRACTOR → RESTART2 → C1_CORRECT → C2_DISTRACTOR → C2.1_INCORRECT → RESTART3 → FAILED",4,FAILED
"C1_INCORRECT → C1.2_DISTRACTOR → RESTART1 → C1_INCORRECT → C1.2_DISTRACTOR → RESTART2 → C1_CORRECT → C2_DISTRACTOR → C2.1_DISTRACTOR → RESTART3 → FAILED",4,FAILED
"C1_INCORRECT → C1.2_DISTRACTOR → RESTART1 → C1_INCORRECT → C1.2_DISTRACTOR → RESTART2 → C1_INCORRECT → C1.2_CORRECT → C2_CORRECT → C3_CORRECT → COMPLETE",3,COMPLETE
"C1_INCORRECT → C1.2_DISTRACTOR → RESTART1 → C1_INCORRECT → C1.2_DISTRACTOR → RESTART2 → C1_INCORRECT → C1.2_CORRECT → C2_CORRECT → C3_INCORRECT → RESTART3 → FAILED",4,FAILED
"C1_INCORRECT → C1.2_DISTRACTOR → RESTART1 → C1_INCORRECT → C1.2_DISTRACTOR → RESTART2 → C1_INCORRECT → C1.2_CORRECT → C2_CORRECT → C3_DISTRACTOR → RESTART3 → FAILED",4,FAILED
"C1_INCORRECT → C1.2_DISTRACTOR → RESTART1 → C1_INCORRECT → C1.2_DISTRACTOR → RESTART2 → C1_INCORRECT → C1.2_CORRECT → C2_INCORRECT → RESTART3 → FAILED",4,FAILED
"C1_INCORRECT → C1.2_DISTRACTOR → RESTART1 → C1_INCORRECT → C1.2_DISTRACTOR → RESTART2 → C1_INCORRECT → C1.2_CORRECT → C2_DISTRACTOR → C2.1_CORRECT → C3_CORRECT → COMPLETE",3,COMPLETE
"C1_INCORRECT → C1.2_DISTRACTOR → RESTART1 → C1_INCORRECT → C1.2_DISTRACTOR → RESTART2 → C1_INCORRECT → C1.2_CORRECT → C2_DISTRACTOR → C2.1_CORRECT → C3_INCORRECT → RESTART3 → FAILED",4,FAILED
"C1_INCORRECT → C1.2_DISTRACTOR → RESTART1 → C1_INCORRECT → C1.2_DISTRACTOR → RESTART2 → C1_INCORRECT → C1.2_CORRECT → C2_DISTRACTOR → C2.1_CORRECT → C3_DISTRACTOR → RESTART3 → FAILED",4,FAILED
"C1_INCORRECT → C1.2_DISTRACTOR → RESTART1 → C1_INCORRECT → C1.2_DISTRACTOR → RESTART2 → C1_INCORRECT → C1.2_CORRECT → C2_DISTRACTOR → C2.1_INCORRECT → RESTART3 → FAILED",4,FAILED
"C1_INCORRECT → C1.2_DISTRACTOR → RESTART1 → C1_INCORRECT → C1.2_DISTRACTOR → RESTART2 → C1_INCORRECT → C1.2_CORRECT → C2_DISTRACTOR → C2.1_DISTRACTOR → RESTART3 → FAILED",4,FAILED
"C1_INCORRECT → C1.2_DISTRACTOR → RESTART1 → C1_INCORRECT → C1.2_DISTRACTOR → RESTART2 → C1_INCORRECT → C1.2_INCORRECT → RESTART3 → FAILED",4,FAILED
"C1_INCORRECT → C1.2_DISTRACTOR → RESTART1 → C1_INCORRECT → C1.2_DISTRACTOR → RESTART2 → C1_INCORRECT → C1.2_DISTRACTOR → RESTART3 → FAILED",4,FAILED
"C1_INCORRECT → C1.2_DISTRACTOR → RESTART1 → C1_INCORRECT → C1.2_DISTRACTOR → RESTART2 → C1_DISTRACTOR → C1.1_CORRECT → C2_CORRECT → C3_CORRECT → COMPLETE",3,COMPLETE
"C1_INCORRECT → C1.2_DISTRACTOR → RESTART1 → C1_INCORRECT → C1.2_DISTRACTOR → RESTART2 → C1_DISTRACTOR → C1.1_CORRECT → C2_CORRECT → C3_INCORRECT → RESTART3 → FAILED",4,FAILED
"C1_INCORRECT → C1.2_DISTRACTOR → RESTART1 → C1_INCORRECT → C1.2_DISTRACTOR → RESTART2 → C1_DISTRACTOR → C1.1_CORRECT → C2_CORRECT → C3_DISTRACTOR → RESTART3 → FAILED",4,FAILED
"C1_INCORRECT → C1.2_DISTRACTOR → RESTART1 → C1_INCORRECT → C1.2_DISTRACTOR → RESTART2 → C1_DISTRACTOR → C1.1_CORRECT → C2_INCORRECT → RESTART3 → FAILED",4,FAILED
"C1_INCORRECT → C1.2_DISTRACTOR → RESTART1 → C1_INCORRECT → C1.2_DISTRACTOR → RESTART2 → C1_DISTRACTOR → C1.1_CORRECT → C2_DISTRACTOR → C2.1_CORRECT → C3_CORRECT → COMPLETE",3,COMPLETE
"C1_INCORRECT → C1.2_DISTRACTOR → RESTART1 → C1_INCORRECT → C1.2_DISTRACTOR → RESTART2 → C1_DISTRACTOR → C1.1_CORRECT → C2_DISTRACTOR → C2.1_CORRECT → C3_INCORRECT → RESTART3 → FAILED",4,FAILED
"C1_INCORRECT → C1.2_DISTRACTOR → RESTART1 → C1_INCORRECT → C1.2_DISTRACTOR → RESTART2 → C1_DISTRACTOR → C1.1_CORRECT → C2_DISTRACTOR → C2.1_CORRECT → C3_DISTRACTOR → RESTART3 → FAILED",4,FAILED
"C1_INCORRECT → C1.2_DISTRACTOR → RESTART1 → C1_INCORRECT → C1.2_DISTRACTOR → RESTART2 → C1_DISTRACTOR → C1.1_CORRECT → C2_DISTRACTOR → C2.1_INCORRECT → RESTART3 → FAILED",4,FAILED
"C1_INCORRECT → C1.2_DISTRACTOR → RESTART1 → C1_INCORRECT → C1.2_DISTRACTOR → RESTART2 → C1_DISTRACTOR → C1.1_CORRECT → C2_DISTRACTOR → C2.1_DISTRACTOR → RESTART3 → FAILED",4,FAILED
"C1_INCORRECT → C1.2_DISTRACTOR → RESTART1 → C1_INCORRECT → C1.2_DISTRACTOR → RESTART2 → C1_DISTRACTOR → C1.1_INCORRECT → RESTART3 → FAILED",4,FAILED
"C1_INCORRECT → C1.2_DISTRACTOR → RESTART1 → C1_INCORRECT → C1.2_DISTRACTOR → RESTART2 → C1_DISTRACTOR → C1.1_DISTRACTOR → C1.1.1_CORRECT → C2_CORRECT → C3_CORRECT → COMPLETE",3,COMPLETE
"C1_INCORRECT → C1.2_DISTRACTOR → RESTART1 → C1_INCORRECT → C1.2_DISTRACTOR → RESTART2 → C1_DISTRACTOR → C1.1_DISTRACTOR → C1.1.1_CORRECT → C2_CORRECT → C3_INCORRECT → RESTART3 → FAILED",4,FAILED
"C1_INCORRECT → C1.2_DISTRACTOR → RESTART1 → C1_INCORRECT → C1.2_DISTRACTOR → RESTART2 → C1_DISTRACTOR → C1.1_DISTRACTOR → C1.1.1_CORRECT → C2_CORRECT → C3_DISTRACTOR → RESTART3 → FAILED",4,FAILED
"C1_INCORRECT → C1.2_DISTRACTOR → RESTART1 → C1_INCORRECT → C1.2_DISTRACTOR → RESTART2 → C1_DISTRACTOR → C1.1_DISTRACTOR → C1.1.1_CORRECT → C2_INCORRECT → RESTART3 → FAILED",4,FAILED
"C1_INCORRECT → C1.2_DISTRACTOR → RESTART1 → C1_INCORRECT → C1.2_DISTRACTOR → RESTART2 → C1_DISTRACTOR → C1.1_DISTRACTOR → C1.1.1_CORRECT → C2_DISTRACTOR → C2.1_CORRECT → C3_CORRECT → COMPLETE",3,COMPLETE
"C1_INCORRECT → C1.2_DISTRACTOR → RESTART1 → C1_INCORRECT → C1.2_DISTRACTOR → RESTART2 → C1_DISTRACTOR → C1.1_DISTRACTOR → C1.1.1_CORRECT → C2_DISTRACTOR → C2.1_CORRECT → C3_INCORRECT → RESTART3 → FAILED",4,FAILED
"C1_INCORRECT → C1.2_DISTRACTOR → RESTART1 → C1_INCORRECT → C1.2_DISTRACTOR → RESTART2 → C1_DISTRACTOR → C1.1_DISTRACTOR → C1.1.1_CORRECT → C2_DISTRACTOR → C2.1_CORRECT → C3_DISTRACTOR → RESTART3 → FAILED",4,FAILED
"C1_INCORRECT → C1.2_DISTRACTOR → RESTART1 → C1_INCORRECT → C1.2_DISTRACTOR → RESTART2 → C1_DISTRACTOR → C1.1_DISTRACTOR → C1.1.1_CORRECT → C2_DISTRACTOR → C2.1_INCORRECT → RESTART3 → FAILED",4,FAILED
"C1_INCORRECT → C1.2_DISTRACTOR → RESTART1 → C1_INCORRECT → C1.2_DISTRACTOR → RESTART2 → C1_DISTRACTOR → C1.1_DISTRACTOR → C1.1.1_CORRECT → C2_DISTRACTOR → C2.1_DISTRACTOR → RESTART3 → FAILED",4,FAILED
"C1_INCORRECT → C1.2_DISTRACTOR → RESTART1 → C1_INCORRECT → C1.2_DISTRACTOR → RESTART2 → C1_DISTRACTOR → C1.1_DISTRACTOR → C1.1.1_INCORRECT → RESTART3 → FAILED",4,FAILED
"C1_INCORRECT → C1.2_DISTRACTOR → RESTART1 → C1_INCORRECT → C1.2_DISTRACTOR → RESTART2 → C1_DISTRACTOR → C1.1_DISTRACTOR → C1.1.1_DISTRACTOR → RESTART3 → FAILED",4,FAILED
"C1_INCORRECT → C1.2_DISTRACTOR → RESTART1 → C1_DISTRACTOR → C1.1_CORRECT → C2_CORRECT → C3_CORRECT → COMPLETE",2,COMPLETE
"C1_INCORRECT → C1.2_DISTRACTOR → RESTART1 → C1_DISTRACTOR → C1.1_CORRECT → C2_CORRECT → C3_INCORRECT → RESTART2 → C3_CORRECT → COMPLETE",3,COMPLETE
"C1_INCORRECT → C1.2_DISTRACTOR → RESTART1 → C1_DISTRACTOR → C1.1_CORRECT → C2_CORRECT → C3_INCORRECT → RESTART2 → C3_INCORRECT → RESTART3 → FAILED",4,FAILED
"C1_INCORRECT → C1.2_DISTRACTOR → RESTART1 → C1_DISTRACTOR → C1.1_CORRECT → C2_CORRECT → C3_INCORRECT → RESTART2 → C3_DISTRACTOR → RESTART3 → FAILED",4,FAILED
"C1_INCORRECT → C1.2_DISTRACTOR → RESTART1 → C1_DISTRACTOR → C1.1_CORRECT → C2_CORRECT → C3_DISTRACTOR → RESTART2 → C3_CORRECT → COMPLETE",3,COMPLETE
"C1_INCORRECT → C1.2_DISTRACTOR → RESTART1 → C1_DISTRACTOR → C1.1_CORRECT → C2_CORRECT → C3_DISTRACTOR → RESTART2 → C3_INCORRECT → RESTART3 → FAILED",4,FAILED
"C1_INCORRECT → C1.2_DISTRACTOR → RESTART1 → C1_DISTRACTOR → C1.1_CORRECT → C2_CORRECT → C3_DISTRACTOR → RESTART2 → C3_DISTRACTOR → RESTART3 → FAILED",4,FAILED
"C1_INCORRECT → C1.2_DISTRACTOR → RESTART1 → C1_DISTRACTOR → C1.1_CORRECT → C2_INCORRECT → RESTART2 → C2_CORRECT → C3_CORRECT → COMPLETE",3,COMPLETE
"C1_INCORRECT → C1.2_DISTRACTOR → RESTART1 → C1_DISTRACTOR → C1.1_CORRECT → C2_INCORRECT → RESTART2 → C2_CORRECT → C3_INCORRECT → RESTART3 → FAILED",4,FAILED
"C1_INCORRECT → C1.2_DISTRACTOR → RESTART1 → C1_DISTRACTOR → C1.1_CORRECT → C2_INCORRECT → RESTART2 → C2_CORRECT → C3_DISTRACTOR → RESTART3 → FAILED",4,FAILED
"C1_INCORRECT → C1.2_DISTRACTOR → RESTART1 → C1_DISTRACTOR → C1.1_CORRECT → C2_INCORRECT → RESTART2 → C2_INCORRECT → RESTART3 → FAILED",4,FAILED
"C1_INCORRECT → C1.2_DISTRACTOR → RESTART1 → C1_DISTRACTOR → C1.1_CORRECT → C2_INCORRECT → RESTART2 → C2_DISTRACTOR → C2.1_CORRECT → C3_CORRECT → COMPLETE",3,COMPLETE
"C1_INCORRECT → C1.2_DISTRACTOR → RESTART1 → C1_DISTRACTOR → C1.1_CORRECT → C2_INCORRECT → RESTART2 → C2_DISTRACTOR → C2.1_CORRECT → C3_INCORRECT → RESTART3 → FAILED",4,FAILED
"C1_INCORRECT → C1.2_DISTRACTOR → RESTART1 → C1_DISTRACTOR → C1.1_CORRECT → C2_INCORRECT → RESTART2 → C2_DISTRACTOR → C2.1_CORRECT → C3_DISTRACTOR → RESTART3 → FAILED",4,FAILED
"C1_INCORRECT → C1.2_DISTRACTOR → RESTART1 → C1_DISTRACTOR → C1.1_CORRECT → C2_INCORRECT → RESTART2 → C2_DISTRACTOR → C2.1_INCORRECT → RESTART3 → FAILED",4,FAILED
"C1_INCORRECT → C1.2_DISTRACTOR → RESTART1 → C1_DISTRACTOR → C1.1_CORRECT → C2_INCORRECT → RESTART2 → C2_DISTRACTOR → C2.1_DISTRACTOR → RESTART3 → FAILED",4,FAILED
"C1_INCORRECT → C1.2_DISTRACTOR → RESTART1 → C1_DISTRACTOR → C1.1_CORRECT → C2_DISTRACTOR → C2.1_CORRECT → C3_CORRECT → COMPLETE",2,COMPLETE
"C1_INCORRECT → C1.2_DISTRACTOR → RESTART1 → C1_DISTRACTOR → C1.1_CORRECT → C2_DISTRACTOR → C2.1_CORRECT → C3_INCORRECT → RESTART2 → C3_CORRECT → COMPLETE",3,COMPLETE
"C1_INCORRECT → C1.2_DISTRACTOR → RESTART1 → C1_DISTRACTOR → C1.1_CORRECT → C2_DISTRACTOR → C2.1_CORRECT → C3_INCORRECT → RESTART2 → C3_INCORRECT → RESTART3 → FAILED",4,FAILED
"C1_INCORRECT → C1.2_DISTRACTOR → RESTART1 → C1_DISTRACTOR → C1.1_CORRECT → C2_DISTRACTOR → C2.1_CORRECT → C3_INCORRECT → RESTART2 → C3_DISTRACTOR → RESTART3 → FAILED",4,FAILED
"C1_INCORRECT → C1.2_DISTRACTOR → RESTART1 → C1_DISTRACTOR → C1.1_CORRECT → C2_DISTRACTOR → C2.1_CORRECT → C3_DISTRACTOR → RESTART2 → C3_CORRECT → COMPLETE",3,COMPLETE
"C1_INCORRECT → C1.2_DISTRACTOR → RESTART1 → C1_DISTRACTOR → C1.1_CORRECT → C2_DISTRACTOR → C2.1_CORRECT → C3_DISTRACTOR → RESTART2 → C3_INCORRECT → RESTART3 → FAILED",4,FAILED
"C1_INCORRECT → C1.2_DISTRACTOR → RESTART1 → C1_DISTRACTOR → C1.1_CORRECT → C2_DISTRACTOR → C2.1_CORRECT → C3_DISTRACTOR → RESTART2 → C3_DISTRACTOR → RESTART3 → FAILED",4,FAILED
"C1_INCORRECT → C1.2_DISTRACTOR → RESTART1 → C1_DISTRACTOR → C1.1_CORRECT → C2_DISTRACTOR → C2.1_INCORRECT → RESTART2 → C2_CORRECT → C3_CORRECT → COMPLETE",3,COMPLETE
"C1_INCORRECT → C1.2_DISTRACTOR → RESTART1 → C1_DISTRACTOR → C1.1_CORRECT → C2_DISTRACTOR → C2.1_INCORRECT → RESTART2 → C2_CORRECT → C3_INCORRECT → RESTART3 → FAILED",4,FAILED
"C1_INCORRECT → C1.2_DISTRACTOR → RESTART1 → C1_DISTRACTOR → C1.1_CORRECT → C2_DISTRACTOR → C2.1_INCORRECT → RESTART2 → C2_CORRECT → C3_DISTRACTOR → RESTART3 → FAILED",4,FAILED
"C1_INCORRECT → C1.2_DISTRACTOR → RESTART1 → C1_DISTRACTOR → C1.1_CORRECT → C2_DISTRACTOR → C2.1_INCORRECT → RESTART2 → C2_INCORRECT → RESTART3 → FAILED",4,FAILED
"C1_INCORRECT → C1.2_DISTRACTOR → RESTART1 → C1_DISTRACTOR → C1.1_CORRECT → C2_DISTRACTOR → C2.1_INCORRECT → RESTART2 → C2_DISTRACTOR → C2.1_CORRECT → C3_CORRECT → COMPLETE",3,COMPLETE
"C1_INCORRECT → C1.2_DISTRACTOR → RESTART1 → C1_DISTRACTOR → C1.1_CORRECT → C2_DISTRACTOR → C2.1_INCORRECT → RESTART2 → C2_DISTRACTOR → C2.1_CORRECT → C3_INCORRECT → RESTART3 → FAILED",4,FAILED
"C1_INCORRECT → C1.2_DISTRACTOR → RESTART1 → C1_DISTRACTOR → C1.1_CORRECT → C2_DISTRACTOR → C2.1_INCORRECT → RESTART2 → C2_DISTRACTOR → C2.1_CORRECT → C3_DISTRACTOR → RESTART3 → FAILED",4,FAILED
"C1_INCORRECT → C1.2_DISTRACTOR → RESTART1 → C1_DISTRACTOR → C1.1_CORRECT → C2_DISTRACTOR → C2.1_INCORRECT → RESTART2 → C2_DISTRACTOR → C2.1_INCORRECT → RESTART3 → FAILED",4,FAILED
"C1_INCORRECT → C1.2_DISTRACTOR → RESTART1 → C1_DISTRACTOR → C1.1_CORRECT → C2_DISTRACTOR → C2.1_INCORRECT → RESTART2 → C2_DISTRACTOR → C2.1_DISTRACTOR → RESTART3 → FAILED",4,FAILED
"C1_INCORRECT → C1.2_DISTRACTOR → RESTART1 → C1_DISTRACTOR → C1.1_CORRECT → C2_DISTRACTOR → C2.1_DISTRACTOR → RESTART2 → C2_CORRECT → C3_CORRECT → COMPLETE",3,COMPLETE
"C1_INCORRECT → C1.2_DISTRACTOR → RESTART1 → C1_DISTRACTOR → C1.1_CORRECT → C2_DISTRACTOR → C2.1_DISTRACTOR → RESTART2 → C2_CORRECT → C3_INCORRECT → RESTART3 → FAILED",4,FAILED
"C1_INCORRECT → C1.2_DISTRACTOR → RESTART1 → C1_DISTRACTOR → C1.1_CORRECT → C2_DISTRACTOR → C2.1_DISTRACTOR → RESTART2 → C2_CORRECT → C3_DISTRACTOR → RESTART3 → FAILED",4,FAILED
"C1_INCORRECT → C1.2_DISTRACTOR → RESTART1 → C1_DISTRACTOR → C1.1_CORRECT → C2_DISTRACTOR → C2.1_DISTRACTOR → RESTART2 → C2_INCORRECT → RESTART3 → FAILED",4,FAILED
"C1_INCORRECT → C1.2_DISTRACTOR → RESTART1 → C1_DISTRACTOR → C1.1_CORRECT → C2_DISTRACTOR → C2.1_DISTRACTOR → RESTART2 → C2_DISTRACTOR → C2.1_CORRECT → C3_CORRECT → COMPLETE",3,COMPLETE
"C1_INCORRECT → C1.2_DISTRACTOR → RESTART1 → C1_DISTRACTOR → C1.1_CORRECT → C2_DISTRACTOR → C2.1_DISTRACTOR → RESTART2 → C2_DISTRACTOR → C2.1_CORRECT → C3_INCORRECT → RESTART3 → FAILED",4,FAILED
"C1_INCORRECT → C1.2_DISTRACTOR → RESTART1 → C1_DISTRACTOR → C1.1_CORRECT → C2_DISTRACTOR → C2.1_DISTRACTOR → RESTART2 → C2_DISTRACTOR → C2.1_CORRECT → C3_DISTRACTOR → RESTART3 → FAILED",4,FAILED
"C1_INCORRECT → C1.2_DISTRACTOR → RESTART1 → C1_DISTRACTOR → C1.1_CORRECT → C2_DISTRACTOR → C2.1_DISTRACTOR → RESTART2 → C2_DISTRACTOR → C2.1_INCORRECT → RESTART3 → FAILED",4,FAILED
"C1_INCORRECT → C1.2_DISTRACTOR → RESTART1 → C1_DISTRACTOR → C1.1_CORRECT → C2_DISTRACTOR → C2.1_DISTRACTOR → RESTART2 → C2_DISTRACTOR → C2.1_DISTRACTOR → RESTART3 → FAILED",4,FAILED
"C1_INCORRECT → C1.2_DISTRACTOR → RESTART1 → C1_DISTRACTOR → C1.1_INCORRECT → RESTART2 → C1_CORRECT → C2_CORRECT → C3_CORRECT → COMPLETE",3,COMPLETE
"C1_INCORRECT → C1.2_DISTRACTOR → RESTART1 → C1_DISTRACTOR → C1.1_INCORRECT → RESTART2 → C1_CORRECT → C2_CORRECT → C3_INCORRECT → RESTART3 → FAILED",4,FAILED
"C1_INCORRECT → C1.2_DISTRACTOR → RESTART1 → C1_DISTRACTOR → C1.1_INCORRECT → RESTART2 → C1_CORRECT → C2_CORRECT → C3_DISTRACTOR → RESTART3 → FAILED",4,FAILED
"C1_INCORRECT → C1.2_DISTRACTOR → RESTART1 → C1_DISTRACTOR → C1.1_INCORRECT → RESTART2 → C1_CORRECT → C2_INCORRECT → RESTART3 → FAILED",4,FAILED
"C1_INCORRECT → C1.2_DISTRACTOR → RESTART1 → C1_DISTRACTOR → C1.1_INCORRECT → RESTART2 → C1_CORRECT → C2_DISTRACTOR → C2.1_CORRECT → C3_CORRECT → COMPLETE",3,COMPLETE
"C1_INCORRECT → C1.2_DISTRACTOR → RESTART1 → C1_DISTRACTOR → C1.1_INCORRECT → RESTART2 → C1_CORRECT → C2_DISTRACTOR → C2.1_CORRECT → C3_INCORRECT → RESTART3 → FAILED",4,FAILED
"C1_INCORRECT → C1.2_DISTRACTOR → RESTART1 → C1_DISTRACTOR → C1.1_INCORRECT → RESTART2 → C1_CORRECT → C2_DISTRACTOR → C2.1_CORRECT → C3_DISTRACTOR → RESTART3 → FAILED",4,FAILED
"C1_INCORRECT → C1.2_DISTRACTOR → RESTART1 → C1_DISTRACTOR → C1.1_INCORRECT → RESTART2 → C1_CORRECT → C2_DISTRACTOR → C2.1_INCORRECT → RESTART3 → FAILED",4,FAILED
"C1_INCORRECT → C1.2_DISTRACTOR → RESTART1 → C1_DISTRACTOR → C1.1_INCORRECT → RESTART2 → C1_CORRECT → C2_DISTRACTOR → C2.1_DISTRACTOR → RESTART3 → FAILED",4,FAILED
"C1_INCORRECT → C1.2_DISTRACTOR → RESTART1 → C1_DISTRACTOR → C1.1_INCORRECT → RESTART2 → C1_INCORRECT → C1.2_CORRECT → C2_CORRECT → C3_CORRECT → COMPLETE",3,COMPLETE
"C1_INCORRECT → C1.2_DISTRACTOR → RESTART1 → C1_DISTRACTOR → C1.1_INCORRECT → RESTART2 → C1_INCORRECT → C1.2_CORRECT → C2_CORRECT → C3_INCORRECT → RESTART3 → FAILED",4,FAILED
"C1_INCORRECT → C1.2_DISTRACTOR → RESTART1 → C1_DISTRACTOR → C1.1_INCORRECT → RESTART2 → C1_INCORRECT → C1.2_CORRECT → C2_CORRECT → C3_DISTRACTOR → RESTART3 → FAILED",4,FAILED
"C1_INCORRECT → C1.2_DISTRACTOR → RESTART1 → C1_DISTRACTOR → C1.1_INCORRECT → RESTART2 → C1_INCORRECT → C1.2_CORRECT → C2_INCORRECT → RESTART3 → FAILED",4,FAILED
"C1_INCORRECT → C1.2_DISTRACTOR → RESTART1 → C1_DISTRACTOR → C1.1_INCORRECT → RESTART2 → C1_INCORRECT → C1.2_CORRECT → C2_DISTRACTOR → C2.1_CORRECT → C3_CORRECT → COMPLETE",3,COMPLETE
"C1_INCORRECT → C1.2_DISTRACTOR → RESTART1 → C1_DISTRACTOR → C1.1_INCORRECT → RESTART2 → C1_INCORRECT → C1.2_CORRECT → C2_DISTRACTOR → C2.1_CORRECT → C3_INCORRECT → RESTART3 → FAILED",4,FAILED
"C1_INCORRECT → C1.2_DISTRACTOR → RESTART1 → C1_DISTRACTOR → C1.1_INCORRECT → RESTART2 → C1_INCORRECT → C1.2_CORRECT → C2_DISTRACTOR → C2.1_CORRECT → C3_DISTRACTOR → RESTART3 → FAILED",4,FAILED
"C1_INCORRECT → C1.2_DISTRACTOR → RESTART1 → C1_DISTRACTOR → C1.1_INCORRECT → RESTART2 → C1_INCORRECT → C1.2_CORRECT → C2_DISTRACTOR → C2.1_INCORRECT → RESTART3 → FAILED",4,FAILED
"C1_INCORRECT → C1.2_DISTRACTOR → RESTART1 → C1_DISTRACTOR → C1.1_INCORRECT → RESTART2 → C1_INCORRECT → C1.2_CORRECT → C2_DISTRACTOR → C2.1_DISTRACTOR → RESTART3 → FAILED",4,FAILED
"C1_INCORRECT → C1.2_DISTRACTOR → RESTART1 → C1_DISTRACTOR → C1.1_INCORRECT → RESTART2 → C1_INCORRECT → C1.2_INCORRECT → RESTART3 → FAILED",4,FAILED
"C1_INCORRECT → C1.2_DISTRACTOR → RESTART1 → C1_DISTRACTOR → C1.1_INCORRECT → RESTART2 → C1_INCORRECT → C1.2_DISTRACTOR → RESTART3 → FAILED",4,FAILED
"C1_INCORRECT → C1.2_DISTRACTOR → RESTART1 → C1_DISTRACTOR → C1.1_INCORRECT → RESTART2 → C1_DISTRACTOR → C1.1_CORRECT → C2_CORRECT → C3_CORRECT → COMPLETE",3,COMPLETE
"C1_INCORRECT → C1.2_DISTRACTOR → RESTART1 → C1_DISTRACTOR → C1.1_INCORRECT → RESTART2 → C1_DISTRACTOR → C1.1_CORRECT → C2_CORRECT → C3_INCORRECT → RESTART3 → FAILED",4,FAILED
"C1_INCORRECT → C1.2_DISTRACTOR → RESTART1 → C1_DISTRACTOR → C1.1_INCORRECT → RESTART2 → C1_DISTRACTOR → C1.1_CORRECT → C2_CORRECT → C3_DISTRACTOR → RESTART3 → FAILED",4,FAILED
"C1_INCORRECT → C1.2_DISTRACTOR → RESTART1 → C1_DISTRACTOR → C1.1_INCORRECT → RESTART2 → C1_DISTRACTOR → C1.1_CORRECT → C2_INCORRECT → RESTART3 → FAILED",4,FAILED
"C1_INCORRECT → C1.2_DISTRACTOR → RESTART1 → C1_DISTRACTOR → C1.1_INCORRECT → RESTART2 → C1_DISTRACTOR → C1.1_CORRECT → C2_DISTRACTOR → C2.1_CORRECT → C3_CORRECT → COMPLETE",3,COMPLETE
"C1_INCORRECT → C1.2_DISTRACTOR → RESTART1 → C1_DISTRACTOR → C1.1_INCORRECT → RESTART2 → C1_DISTRACTOR → C1.1_CORRECT → C2_DISTRACTOR → C2.1_CORRECT → C3_INCORRECT → RESTART3 → FAILED",4,FAILED
"C1_INCORRECT → C1.2_DISTRACTOR → RESTART1 → C1_DISTRACTOR → C1.1_INCORRECT → RESTART2 → C1_DISTRACTOR → C1.1_CORRECT → C2_DISTRACTOR → C2.1_CORRECT → C3_DISTRACTOR → RESTART3 → FAILED",4,FAILED
"C1_INCORRECT → C1.2_DISTRACTOR → RESTART1 → C1_DISTRACTOR → C1.1_INCORRECT → RESTART2 → C1_DISTRACTOR → C1.1_CORRECT → C2_DISTRACTOR → C2.1_INCORRECT → RESTART3 → FAILED",4,FAILED
"C1_INCORRECT → C1.2_DISTRACTOR → RESTART1 → C1_DISTRACTOR → C1.1_INCORRECT → RESTART2 → C1_DISTRACTOR → C1.1_CORRECT → C2_DISTRACTOR → C2.1_DISTRACTOR → RESTART3 → FAILED",4,FAILED
"C1_INCORRECT → C1.2_DISTRACTOR → RESTART1 → C1_DISTRACTOR → C1.1_INCORRECT → RESTART2 → C1_DISTRACTOR → C1.1_INCORRECT → RESTART3 → FAILED",4,FAILED
"C1_INCORRECT → C1.2_DISTRACTOR → RESTART1 → C1_DISTRACTOR → C1.1_INCORRECT → RESTART2 → C1_DISTRACTOR → C1.1_DISTRACTOR → C1.1.1_CORRECT → C2_CORRECT → C3_CORRECT → COMPLETE",3,COMPLETE
"C1_INCORRECT → C1.2_DISTRACTOR → RESTART1 → C1_DISTRACTOR → C1.1_INCORRECT → RESTART2 → C1_DISTRACTOR → C1.1_DISTRACTOR → C1.1.1_CORRECT → C2_CORRECT → C3_INCORRECT → RESTART3 → FAILED",4,FAILED
"C1_INCORRECT → C1.2_DISTRACTOR → RESTART1 → C1_DISTRACTOR → C1.1_INCORRECT → RESTART2 → C1_DISTRACTOR → C1.1_DISTRACTOR → C1.1.1_CORRECT → C2_CORRECT → C3_DISTRACTOR → RESTART3 → FAILED",4,FAILED
"C1_INCORRECT → C1.2_DISTRACTOR → RESTART1 → C1_DISTRACTOR → C1.1_INCORRECT → RESTART2 → C1_DISTRACTOR → C1.1_DISTRACTOR → C1.1.1_CORRECT → C2_INCORRECT → RESTART3 → FAILED",4,FAILED
"C1_INCORRECT → C1.2_DISTRACTOR → RESTART1 → C1_DISTRACTOR → C1.1_INCORRECT → RESTART2 → C1_DISTRACTOR → C1.1_DISTRACTOR → C1.1.1_CORRECT → C2_DISTRACTOR → C2.1_CORRECT → C3_CORRECT → COMPLETE",3,COMPLETE
"C1_INCORRECT → C1.2_DISTRACTOR → RESTART1 → C1_DISTRACTOR → C1.1_INCORRECT → RESTART2 → C1_DISTRACTOR → C1.1_DISTRACTOR → C1.1.1_CORRECT → C2_DISTRACTOR → C2.1_CORRECT → C3_INCORRECT → RESTART3 → FAILED",4,FAILED
"C1_INCORRECT → C1.2_DISTRACTOR → RESTART1 → C1_DISTRACTOR → C1.1_INCORRECT → RESTART2 → C1_DISTRACTOR → C1.1_DISTRACTOR → C1.1.1_CORRECT → C2_DISTRACTOR → C2.1_CORRECT → C3_DISTRACTOR → RESTART3 → FAILED",4,FAILED
"C1_INCORRECT → C1.2_DISTRACTOR → RESTART1 → C1_DISTRACTOR → C1.1_INCORRECT → RESTART2 → C1_DISTRACTOR → C1.1_DISTRACTOR → C1.1.1_CORRECT → C2_DISTRACTOR → C2.1_INCORRECT → RESTART3 → FAILED",4,FAILED
"C1_INCORRECT → C1.2_DISTRACTOR → RESTART1 → C1_DISTRACTOR → C1.1_INCORRECT → RESTART2 → C1_DISTRACTOR → C1.1_DISTRACTOR → C1.1.1_CORRECT → C2_DISTRACTOR → C2.1_DISTRACTOR → RESTART3 → FAILED",4,FAILED
"C1_INCORRECT → C1.2_DISTRACTOR → RESTART1 → C1_DISTRACTOR → C1.1_INCORRECT → RESTART2 → C1_DISTRACTOR → C1.1_DISTRACTOR → C1.1.1_INCORRECT → RESTART3 → FAILED",4,FAILED
"C1_INCORRECT → C1.2_DISTRACTOR → RESTART1 → C1_DISTRACTOR → C1.1_INCORRECT → RESTART2 → C1_DISTRACTOR → C1.1_DISTRACTOR → C1.1.1_DISTRACTOR → RESTART3 → FAILED",4,FAILED
"C1_INCORRECT → C1.2_DISTRACTOR → RESTART1 → C1_DISTRACTOR → C1.1_DISTRACTOR → C1.1.1_CORRECT → C2_CORRECT → C3_CORRECT → COMPLETE",2,COMPLETE
"C1_INCORRECT → C1.2_DISTRACTOR → RESTART1 → C1_DISTRACTOR → C1.1_DISTRACTOR → C1.1.1_CORRECT → C2_CORRECT → C3_INCORRECT → RESTART2 → C3_CORRECT → COMPLETE",3,COMPLETE
"C1_INCORRECT → C1.2_DISTRACTOR → RESTART1 → C1_DISTRACTOR → C1.1_DISTRACTOR → C1.1.1_CORRECT → C2_CORRECT → C3_INCORRECT → RESTART2 → C3_INCORRECT → RESTART3 → FAILED",4,FAILED
"C1_INCORRECT → C1.2_DISTRACTOR → RESTART1 → C1_DISTRACTOR → C1.1_DISTRACTOR → C1.1.1_CORRECT → C2_CORRECT → C3_INCORRECT → RESTART2 → C3_DISTRACTOR → RESTART3 → FAILED",4,FAILED
"C1_INCORRECT → C1.2_DISTRACTOR → RESTART1 → C1_DISTRACTOR → C1.1_DISTRACTOR → C1.1.1_CORRECT → C2_CORRECT → C3_DISTRACTOR → RESTART2 → C3_CORRECT → COMPLETE",3,COMPLETE
"C1_INCORRECT → C1.2_DISTRACTOR → RESTART1 → C1_DISTRACTOR → C1.1_DISTRACTOR → C1.1.1_CORRECT → C2_CORRECT → C3_DISTRACTOR → RESTART2 → C3_INCORRECT → RESTART3 → FAILED",4,FAILED
"C1_INCORRECT → C1.2_DISTRACTOR → RESTART1 → C1_DISTRACTOR → C1.1_DISTRACTOR → C1.1.1_CORRECT → C2_CORRECT → C3_DISTRACTOR → RESTART2 → C3_DISTRACTOR → RESTART3 → FAILED",4,FAILED
"C1_INCORRECT → C1.2_DISTRACTOR → RESTART1 → C1_DISTRACTOR → C1.1_DISTRACTOR → C1.1.1_CORRECT → C2_INCORRECT → RESTART2 → C2_CORRECT → C3_CORRECT → COMPLETE",3,COMPLETE
"C1_INCORRECT → C1.2_DISTRACTOR → RESTART1 → C1_DISTRACTOR → C1.1_DISTRACTOR → C1.1.1_CORRECT → C2_INCORRECT → RESTART2 → C2_CORRECT → C3_INCORRECT → RESTART3 → FAILED",4,FAILED
"C1_INCORRECT → C1.2_DISTRACTOR → RESTART1 → C1_DISTRACTOR → C1.1_DISTRACTOR → C1.1.1_CORRECT → C2_INCORRECT → RESTART2 → C2_CORRECT → C3_DISTRACTOR → RESTART3 → FAILED",4,FAILED
"C1_INCORRECT → C1.2_DISTRACTOR → RESTART1 → C1_DISTRACTOR → C1.1_DISTRACTOR → C1.1.1_CORRECT → C2_INCORRECT → RESTART2 → C2_INCORRECT → RESTART3 → FAILED",4,FAILED
"C1_INCORRECT → C1.2_DISTRACTOR → RESTART1 → C1_DISTRACTOR → C1.1_DISTRACTOR → C1.1.1_CORRECT → C2_INCORRECT → RESTART2 → C2_DISTRACTOR → C2.1_CORRECT → C3_CORRECT → COMPLETE",3,COMPLETE
"C1_INCORRECT → C1.2_DISTRACTOR → RESTART1 → C1_DISTRACTOR → C1.1_DISTRACTOR → C1.1.1_CORRECT → C2_INCORRECT → RESTART2 → C2_DISTRACTOR → C2.1_CORRECT → C3_INCORRECT → RESTART3 → FAILED",4,FAILED
"C1_INCORRECT → C1.2_DISTRACTOR → RESTART1 → C1_DISTRACTOR → C1.1_DISTRACTOR → C1.1.1_CORRECT → C2_INCORRECT → RESTART2 → C2_DISTRACTOR → C2.1_CORRECT → C3_DISTRACTOR → RESTART3 → FAILED",4,FAILED
"C1_INCORRECT → C1.2_DISTRACTOR → RESTART1 → C1_DISTRACTOR → C1.1_DISTRACTOR → C1.1.1_CORRECT → C2_INCORRECT → RESTART2 → C2_DISTRACTOR → C2.1_INCORRECT → RESTART3 → FAILED",4,FAILED
"C1_INCORRECT → C1.2_DISTRACTOR → RESTART1 → C1_DISTRACTOR → C1.1_DISTRACTOR → C1.1.1_CORRECT → C2_INCORRECT → RESTART2 → C2_DISTRACTOR → C2.1_DISTRACTOR → RESTART3 → FAILED",4,FAILED
"C1_INCORRECT → C1.2_DISTRACTOR → RESTART1 → C1_DISTRACTOR → C1.1_DISTRACTOR → C1.1.1_CORRECT → C2_DISTRACTOR → C2.1_CORRECT → C3_CORRECT → COMPLETE",2,COMPLETE
"C1_INCORRECT → C1.2_DISTRACTOR → RESTART1 → C1_DISTRACTOR → C1.1_DISTRACTOR → C1.1.1_CORRECT → C2_DISTRACTOR → C2.1_CORRECT → C3_INCORRECT → RESTART2 → C3_CORRECT → COMPLETE",3,COMPLETE
"C1_INCORRECT → C1.2_DISTRACTOR → RESTART1 → C1_DISTRACTOR → C1.1_DISTRACTOR → C1.1.1_CORRECT → C2_DISTRACTOR → C2.1_CORRECT → C3_INCORRECT → RESTART2 → C3_INCORRECT → RESTART3 → FAILED",4,FAILED
"C1_INCORRECT → C1.2_DISTRACTOR → RESTART1 → C1_DISTRACTOR → C1.1_DISTRACTOR → C1.1.1_CORRECT → C2_DISTRACTOR → C2.1_CORRECT → C3_INCORRECT → RESTART2 → C3_DISTRACTOR → RESTART3 → FAILED",4,FAILED
"C1_INCORRECT → C1.2_DISTRACTOR → RESTART1 → C1_DISTRACTOR → C1.1_DISTRACTOR → C1.1.1_CORRECT → C2_DISTRACTOR → C2.1_CORRECT → C3_DISTRACTOR → RESTART2 → C3_CORRECT → COMPLETE",3,COMPLETE
"C1_INCORRECT → C1.2_DISTRACTOR → RESTART1 → C1_DISTRACTOR → C1.1_DISTRACTOR → C1.1.1_CORRECT → C2_DISTRACTOR → C2.1_CORRECT → C3_DISTRACTOR → RESTART2 → C3_INCORRECT → RESTART3 → FAILED",4,FAILED
"C1_INCORRECT → C1.2_DISTRACTOR → RESTART1 → C1_DISTRACTOR → C1.1_DISTRACTOR → C1.1.1_CORRECT → C2_DISTRACTOR → C2.1_CORRECT → C3_DISTRACTOR → RESTART2 → C3_DISTRACTOR → RESTART3 → FAILED",4,FAILED
"C1_INCORRECT → C1.2_DISTRACTOR → RESTART1 → C1_DISTRACTOR → C1.1_DISTRACTOR → C1.1.1_CORRECT → C2_DISTRACTOR → C2.1_INCORRECT → RESTART2 → C2_CORRECT → C3_CORRECT → COMPLETE",3,COMPLETE
"C1_INCORRECT → C1.2_DISTRACTOR → RESTART1 → C1_DISTRACTOR → C1.1_DISTRACTOR → C1.1.1_CORRECT → C2_DISTRACTOR → C2.1_INCORRECT → RESTART2 → C2_CORRECT → C3_INCORRECT → RESTART3 → FAILED",4,FAILED
"C1_INCORRECT → C1.2_DISTRACTOR → RESTART1 → C1_DISTRACTOR → C1.1_DISTRACTOR → C1.1.1_CORRECT → C2_DISTRACTOR → C2.1_INCORRECT → RESTART2 → C2_CORRECT → C3_DISTRACTOR → RESTART3 → FAILED",4,FAILED
"C1_INCORRECT → C1.2_DISTRACTOR → RESTART1 → C1_DISTRACTOR → C1.1_DISTRACTOR → C1.1.1_CORRECT → C2_DISTRACTOR → C2.1_INCORRECT → RESTART2 → C2_INCORRECT → RESTART3 → FAILED",4,FAILED
"C1_INCORRECT → C1.2_DISTRACTOR → RESTART1 → C1_DISTRACTOR → C1.1_DISTRACTOR → C1.1.1_CORRECT → C2_DISTRACTOR → C2.1_INCORRECT → RESTART2 → C2_DISTRACTOR → C2.1_CORRECT → C3_CORRECT → COMPLETE",3,COMPLETE
"C1_INCORRECT → C1.2_DISTRACTOR → RESTART1 → C1_DISTRACTOR → C1.1_DISTRACTOR → C1.1.1_CORRECT → C2_DISTRACTOR → C2.1_INCORRECT → RESTART2 → C2_DISTRACTOR → C2.1_CORRECT → C3_INCORRECT → RESTART3 → FAILED",4,FAILED
"C1_INCORRECT → C1.2_DISTRACTOR → RESTART1 → C1_DISTRACTOR → C1.1_DISTRACTOR → C1.1.1_CORRECT → C2_DISTRACTOR → C2.1_INCORRECT → RESTART2 → C2_DISTRACTOR → C2.1_CORRECT → C3_DISTRACTOR → RESTART3 → FAILED",4,FAILED
"C1_INCORRECT → C1.2_DISTRACTOR → RESTART1 → C1_DISTRACTOR → C1.1_DISTRACTOR → C1.1.1_CORRECT → C2_DISTRACTOR → C2.1_INCORRECT → RESTART2 → C2_DISTRACTOR → C2.1_INCORRECT → RESTART3 → FAILED",4,FAILED
"C1_INCORRECT → C1.2_DISTRACTOR → RESTART1 → C1_DISTRACTOR → C1.1_DISTRACTOR → C1.1.1_CORRECT → C2_DISTRACTOR → C2.1_INCORRECT → RESTART2 → C2_DISTRACTOR → C2.1_DISTRACTOR → RESTART3 → FAILED",4,FAILED
"C1_INCORRECT → C1.2_DISTRACTOR → RESTART1 → C1_DISTRACTOR → C1.1_DISTRACTOR → C1.1.1_CORRECT → C2_DISTRACTOR → C2.1_DISTRACTOR → RESTART2 → C2_CORRECT → C3_CORRECT → COMPLETE",3,COMPLETE
"C1_INCORRECT → C1.2_DISTRACTOR → RESTART1 → C1_DISTRACTOR → C1.1_DISTRACTOR → C1.1.1_CORRECT → C2_DISTRACTOR → C2.1_DISTRACTOR → RESTART2 → C2_CORRECT → C3_INCORRECT → RESTART3 → FAILED",4,FAILED
"C1_INCORRECT → C1.2_DISTRACTOR → RESTART1 → C1_DISTRACTOR → C1.1_DISTRACTOR → C1.1.1_CORRECT → C2_DISTRACTOR → C2.1_DISTRACTOR → RESTART2 → C2_CORRECT → C3_DISTRACTOR → RESTART3 → FAILED",4,FAILED
"C1_INCORRECT → C1.2_DISTRACTOR → RESTART1 → C1_DISTRACTOR → C1.1_DISTRACTOR → C1.1.1_CORRECT → C2_DISTRACTOR → C2.1_DISTRACTOR → RESTART2 → C2_INCORRECT → RESTART3 → FAILED",4,FAILED
"C1_INCORRECT → C1.2_DISTRACTOR → RESTART1 → C1_DISTRACTOR → C1.1_DISTRACTOR → C1.1.1_CORRECT → C2_DISTRACTOR → C2.1_DISTRACTOR → RESTART2 → C2_DISTRACTOR → C2.1_CORRECT → C3_CORRECT → COMPLETE",3,COMPLETE
"C1_INCORRECT → C1.2_DISTRACTOR → RESTART1 → C1_DISTRACTOR → C1.1_DISTRACTOR → C1.1.1_CORRECT → C2_DISTRACTOR → C2.1_DISTRACTOR → RESTART2 → C2_DISTRACTOR → C2.1_CORRECT → C3_INCORRECT → RESTART3 → FAILED",4,FAILED
"C1_INCORRECT → C1.2_DISTRACTOR → RESTART1 → C1_DISTRACTOR → C1.1_DISTRACTOR → C1.1.1_CORRECT → C2_DISTRACTOR → C2.1_DISTRACTOR → RESTART2 → C2_DISTRACTOR → C2.1_CORRECT → C3_DISTRACTOR → RESTART3 → FAILED",4,FAILED
"C1_INCORRECT → C1.2_DISTRACTOR → RESTART1 → C1_DISTRACTOR → C1.1_DISTRACTOR → C1.1.1_CORRECT → C2_DISTRACTOR → C2.1_DISTRACTOR → RESTART2 → C2_DISTRACTOR → C2.1_INCORRECT → RESTART3 → FAILED",4,FAILED
"C1_INCORRECT → C1.2_DISTRACTOR → RESTART1 → C1_DISTRACTOR → C1.1_DISTRACTOR → C1.1.1_CORRECT → C2_DISTRACTOR → C2.1_DISTRACTOR → RESTART2 → C2_DISTRACTOR → C2.1_DISTRACTOR → RESTART3 → FAILED",4,FAILED
"C1_INCORRECT → C1.2_DISTRACTOR → RESTART1 → C1_DISTRACTOR → C1.1_DISTRACTOR → C1.1.1_INCORRECT → RESTART2 → C1_CORRECT → C2_CORRECT → C3_CORRECT → COMPLETE",3,COMPLETE
"C1_INCORRECT → C1.2_DISTRACTOR → RESTART1 → C1_DISTRACTOR → C1.1_DISTRACTOR → C1.1.1_INCORRECT → RESTART2 → C1_CORRECT → C2_CORRECT → C3_INCORRECT → RESTART3 → FAILED",4,FAILED
"C1_INCORRECT → C1.2_DISTRACTOR → RESTART1 → C1_DISTRACTOR → C1.1_DISTRACTOR → C1.1.1_INCORRECT → RESTART2 → C1_CORRECT → C2_CORRECT → C3_DISTRACTOR → RESTART3 → FAILED",4,FAILED
"C1_INCORRECT → C1.2_DISTRACTOR → RESTART1 → C1_DISTRACTOR → C1.1_DISTRACTOR → C1.1.1_INCORRECT → RESTART2 → C1_CORRECT → C2_INCORRECT → RESTART3 → FAILED",4,FAILED
"C1_INCORRECT → C1.2_DISTRACTOR → RESTART1 → C1_DISTRACTOR → C1.1_DISTRACTOR → C1.1.1_INCORRECT → RESTART2 → C1_CORRECT → C2_DISTRACTOR → C2.1_CORRECT → C3_CORRECT → COMPLETE",3,COMPLETE
"C1_INCORRECT → C1.2_DISTRACTOR → RESTART1 → C1_DISTRACTOR → C1.1_DISTRACTOR → C1.1.1_INCORRECT → RESTART2 → C1_CORRECT → C2_DISTRACTOR → C2.1_CORRECT → C3_INCORRECT → RESTART3 → FAILED",4,FAILED
"C1_INCORRECT → C1.2_DISTRACTOR → RESTART1 → C1_DISTRACTOR → C1.1_DISTRACTOR → C1.1.1_INCORRECT → RESTART2 → C1_CORRECT → C2_DISTRACTOR → C2.1_CORRECT → C3_DISTRACTOR → RESTART3 → FAILED",4,FAILED
"C1_INCORRECT → C1.2_DISTRACTOR → RESTART1 → C1_DISTRACTOR → C1.1_DISTRACTOR → C1.1.1_INCORRECT → RESTART2 → C1_CORRECT → C2_DISTRACTOR → C2.1_INCORRECT → RESTART3 → FAILED",4,FAILED
"C1_INCORRECT → C1.2_DISTRACTOR → RESTART1 → C1_DISTRACTOR → C1.1_DISTRACTOR → C1.1.1_INCORRECT → RESTART2 → C1_CORRECT → C2_DISTRACTOR → C2.1_DISTRACTOR → RESTART3 → FAILED",4,FAILED
"C1_INCORRECT → C1.2_DISTRACTOR → RESTART1 → C1_DISTRACTOR → C1.1_DISTRACTOR → C1.1.1_INCORRECT → RESTART2 → C1_INCORRECT → C1.2_CORRECT → C2_CORRECT → C3_CORRECT → COMPLETE",3,COMPLETE
"C1_INCORRECT → C1.2_DISTRACTOR → RESTART1 → C1_DISTRACTOR → C1.1_DISTRACTOR → C1.1.1_INCORRECT → RESTART2 → C1_INCORRECT → C1.2_CORRECT → C2_CORRECT → C3_INCORRECT → RESTART3 → FAILED",4,FAILED
"C1_INCORRECT → C1.2_DISTRACTOR → RESTART1 → C1_DISTRACTOR → C1.1_DISTRACTOR → C1.1.1_INCORRECT → RESTART2 → C1_INCORRECT → C1.2_CORRECT → C2_CORRECT → C3_DISTRACTOR → RESTART3 → FAILED",4,FAILED
"C1_INCORRECT → C1.2_DISTRACTOR → RESTART1 → C1_DISTRACTOR → C1.1_DISTRACTOR → C1.1.1_INCORRECT → RESTART2 → C1_INCORRECT → C1.2_CORRECT → C2_INCORRECT → RESTART3 → FAILED",4,FAILED
"C1_INCORRECT → C1.2_DISTRACTOR → RESTART1 → C1_DISTRACTOR → C1.1_DISTRACTOR → C1.1.1_INCORRECT → RESTART2 → C1_INCORRECT → C1.2_CORRECT → C2_DISTRACTOR → C2.1_CORRECT → C3_CORRECT → COMPLETE",3,COMPLETE
"C1_INCORRECT → C1.2_DISTRACTOR → RESTART1 → C1_DISTRACTOR → C1.1_DISTRACTOR → C1.1.1_INCORRECT → RESTART2 → C1_INCORRECT → C1.2_CORRECT → C2_DISTRACTOR → C2.1_CORRECT → C3_INCORRECT → RESTART3 → FAILED",4,FAILED
"C1_INCORRECT → C1.2_DISTRACTOR → RESTART1 → C1_DISTRACTOR → C1.1_DISTRACTOR → C1.1.1_INCORRECT → RESTART2 → C1_INCORRECT → C1.2_CORRECT → C2_DISTRACTOR → C2.1_CORRECT → C3_DISTRACTOR → RESTART3 → FAILED",4,FAILED
"C1_INCORRECT → C1.2_DISTRACTOR → RESTART1 → C1_DISTRACTOR → C1.1_DISTRACTOR → C1.1.1_INCORRECT → RESTART2 → C1_INCORRECT → C1.2_CORRECT → C2_DISTRACTOR → C2.1_INCORRECT → RESTART3 → FAILED",4,FAILED
"C1_INCORRECT → C1.2_DISTRACTOR → RESTART1 → C1_DISTRACTOR → C1.1_DISTRACTOR → C1.1.1_INCORRECT → RESTART2 → C1_INCORRECT → C1.2_CORRECT → C2_DISTRACTOR → C2.1_DISTRACTOR → RESTART3 → FAILED",4,FAILED
"C1_INCORRECT → C1.2_DISTRACTOR → RESTART1 → C1_DISTRACTOR → C1.1_DISTRACTOR → C1.1.1_INCORRECT → RESTART2 → C1_INCORRECT → C1.2_INCORRECT → RESTART3 → FAILED",4,FAILED
"C1_INCORRECT → C1.2_DISTRACTOR → RESTART1 → C1_DISTRACTOR → C1.1_DISTRACTOR → C1.1.1_INCORRECT → RESTART2 → C1_INCORRECT → C1.2_DISTRACTOR → RESTART3 → FAILED",4,FAILED
"C1_INCORRECT → C1.2_DISTRACTOR → RESTART1 → C1_DISTRACTOR → C1.1_DISTRACTOR → C1.1.1_INCORRECT → RESTART2 → C1_DISTRACTOR → C1.1_CORRECT → C2_CORRECT → C3_CORRECT → COMPLETE",3,COMPLETE
"C1_INCORRECT → C1.2_DISTRACTOR → RESTART1 → C1_DISTRACTOR → C1.1_DISTRACTOR → C1.1.1_INCORRECT → RESTART2 → C1_DISTRACTOR → C1.1_CORRECT → C2_CORRECT → C3_INCORRECT → RESTART3 → FAILED",4,FAILED
"C1_INCORRECT → C1.2_DISTRACTOR → RESTART1 → C1_DISTRACTOR → C1.1_DISTRACTOR → C1.1.1_INCORRECT → RESTART2 → C1_DISTRACTOR → C1.1_CORRECT → C2_CORRECT → C3_DISTRACTOR → RESTART3 → FAILED",4,FAILED
"C1_INCORRECT → C1.2_DISTRACTOR → RESTART1 → C1_DISTRACTOR → C1.1_DISTRACTOR → C1.1.1_INCORRECT → RESTART2 → C1_DISTRACTOR → C1.1_CORRECT → C2_INCORRECT → RESTART3 → FAILED",4,FAILED
"C1_INCORRECT → C1.2_DISTRACTOR → RESTART1 → C1_DISTRACTOR → C1.1_DISTRACTOR → C1.1.1_INCORRECT → RESTART2 → C1_DISTRACTOR → C1.1_CORRECT → C2_DISTRACTOR → C2.1_CORRECT → C3_CORRECT → COMPLETE",3,COMPLETE
"C1_INCORRECT → C1.2_DISTRACTOR → RESTART1 → C1_DISTRACTOR → C1.1_DISTRACTOR → C1.1.1_INCORRECT → RESTART2 → C1_DISTRACTOR → C1.1_CORRECT → C2_DISTRACTOR → C2.1_CORRECT → C3_INCORRECT → RESTART3 → FAILED",4,FAILED
"C1_INCORRECT → C1.2_DISTRACTOR → RESTART1 → C1_DISTRACTOR → C1.1_DISTRACTOR → C1.1.1_INCORRECT → RESTART2 → C1_DISTRACTOR → C1.1_CORRECT → C2_DISTRACTOR → C2.1_CORRECT → C3_DISTRACTOR → RESTART3 → FAILED",4,FAILED
"C1_INCORRECT → C1.2_DISTRACTOR → RESTART1 → C1_DISTRACTOR → C1.1_DISTRACTOR → C1.1.1_INCORRECT → RESTART2 → C1_DISTRACTOR → C1.1_CORRECT → C2_DISTRACTOR → C2.1_INCORRECT → RESTART3 → FAILED",4,FAILED
"C1_INCORRECT → C1.2_DISTRACTOR → RESTART1 → C1_DISTRACTOR → C1.1_DISTRACTOR → C1.1.1_INCORRECT → RESTART2 → C1_DISTRACTOR → C1.1_CORRECT → C2_DISTRACTOR → C2.1_DISTRACTOR → RESTART3 → FAILED",4,FAILED
"C1_INCORRECT → C1.2_DISTRACTOR → RESTART1 → C1_DISTRACTOR → C1.1_DISTRACTOR → C1.1.1_INCORRECT → RESTART2 → C1_DISTRACTOR → C1.1_INCORRECT → RESTART3 → FAILED",4,FAILED
"C1_INCORRECT → C1.2_DISTRACTOR → RESTART1 → C1_DISTRACTOR → C1.1_DISTRACTOR → C1.1.1_INCORRECT → RESTART2 → C1_DISTRACTOR → C1.1_DISTRACTOR → C1.1.1_CORRECT → C2_CORRECT → C3_CORRECT → COMPLETE",3,COMPLETE
"C1_INCORRECT → C1.2_DISTRACTOR → RESTART1 → C1_DISTRACTOR → C1.1_DISTRACTOR → C1.1.1_INCORRECT → RESTART2 → C1_DISTRACTOR → C1.1_DISTRACTOR → C1.1.1_CORRECT → C2_CORRECT → C3_INCORRECT → RESTART3 → FAILED",4,FAILED
"C1_INCORRECT → C1.2_DISTRACTOR → RESTART1 → C1_DISTRACTOR → C1.1_DISTRACTOR → C1.1.1_INCORRECT → RESTART2 → C1_DISTRACTOR → C1.1_DISTRACTOR → C1.1.1_CORRECT → C2_CORRECT → C3_DISTRACTOR → RESTART3 → FAILED",4,FAILED
"C1_INCORRECT → C1.2_DISTRACTOR → RESTART1 → C1_DISTRACTOR → C1.1_DISTRACTOR → C1.1.1_INCORRECT → RESTART2 → C1_DISTRACTOR → C1.1_DISTRACTOR → C1.1.1_CORRECT → C2_INCORRECT → RESTART3 → FAILED",4,FAILED
"C1_INCORRECT → C1.2_DISTRACTOR → RESTART1 → C1_DISTRACTOR → C1.1_DISTRACTOR → C1.1.1_INCORRECT → RESTART2 → C1_DISTRACTOR → C1.1_DISTRACTOR → C1.1.1_CORRECT → C2_DISTRACTOR → C2.1_CORRECT → C3_CORRECT → COMPLETE",3,COMPLETE
"C1_INCORRECT → C1.2_DISTRACTOR → RESTART1 → C1_DISTRACTOR → C1.1_DISTRACTOR → C1.1.1_INCORRECT → RESTART2 → C1_DISTRACTOR → C1.1_DISTRACTOR → C1.1.1_CORRECT → C2_DISTRACTOR → C2.1_CORRECT → C3_INCORRECT → RESTART3 → FAILED",4,FAILED
"C1_INCORRECT → C1.2_DISTRACTOR → RESTART1 → C1_DISTRACTOR → C1.1_DISTRACTOR → C1.1.1_INCORRECT → RESTART2 → C1_DISTRACTOR → C1.1_DISTRACTOR → C1.1.1_CORRECT → C2_DISTRACTOR → C2.1_CORRECT → C3_DISTRACTOR → RESTART3 → FAILED",4,FAILED
"C1_INCORRECT → C1.2_DISTRACTOR → RESTART1 → C1_DISTRACTOR → C1.1_DISTRACTOR → C1.1.1_INCORRECT → RESTART2 → C1_DISTRACTOR → C1.1_DISTRACTOR → C1.1.1_CORRECT → C2_DISTRACTOR → C2.1_INCORRECT → RESTART3 → FAILED",4,FAILED
"C1_INCORRECT → C1.2_DISTRACTOR → RESTART1 → C1_DISTRACTOR → C1.1_DISTRACTOR → C1.1.1_INCORRECT → RESTART2 → C1_DISTRACTOR → C1.1_DISTRACTOR → C1.1.1_CORRECT → C2_DISTRACTOR → C2.1_DISTRACTOR → RESTART3 → FAILED",4,FAILED
"C1_INCORRECT → C1.2_DISTRACTOR → RESTART1 → C1_DISTRACTOR → C1.1_DISTRACTOR → C1.1.1_INCORRECT → RESTART2 → C1_DISTRACTOR → C1.1_DISTRACTOR → C1.1.1_INCORRECT → RESTART3 → FAILED",4,FAILED
"C1_INCORRECT → C1.2_DISTRACTOR → RESTART1 → C1_DISTRACTOR → C1.1_DISTRACTOR → C1.1.1_INCORRECT → RESTART2 → C1_DISTRACTOR → C1.1_DISTRACTOR → C1.1.1_DISTRACTOR → RESTART3 → FAILED",4,FAILED
"C1_INCORRECT → C1.2_DISTRACTOR → RESTART1 → C1_DISTRACTOR → C1.1_DISTRACTOR → C1.1.1_DISTRACTOR → RESTART2 → C1_CORRECT → C2_CORRECT → C3_CORRECT → COMPLETE",3,COMPLETE
"C1_INCORRECT → C1.2_DISTRACTOR → RESTART1 → C1_DISTRACTOR → C1.1_DISTRACTOR → C1.1.1_DISTRACTOR → RESTART2 → C1_CORRECT → C2_CORRECT → C3_INCORRECT → RESTART3 → FAILED",4,FAILED
"C1_INCORRECT → C1.2_DISTRACTOR → RESTART1 → C1_DISTRACTOR → C1.1_DISTRACTOR → C1.1.1_DISTRACTOR → RESTART2 → C1_CORRECT → C2_CORRECT → C3_DISTRACTOR → RESTART3 → FAILED",4,FAILED
"C1_INCORRECT → C1.2_DISTRACTOR → RESTART1 → C1_DISTRACTOR → C1.1_DISTRACTOR → C1.1.1_DISTRACTOR → RESTART2 → C1_CORRECT → C2_INCORRECT → RESTART3 → FAILED",4,FAILED
"C1_INCORRECT → C1.2_DISTRACTOR → RESTART1 → C1_DISTRACTOR → C1.1_DISTRACTOR → C1.1.1_DISTRACTOR → RESTART2 → C1_CORRECT → C2_DISTRACTOR → C2.1_CORRECT → C3_CORRECT → COMPLETE",3,COMPLETE
"C1_INCORRECT → C1.2_DISTRACTOR → RESTART1 → C1_DISTRACTOR → C1.1_DISTRACTOR → C1.1.1_DISTRACTOR → RESTART2 → C1_CORRECT → C2_DISTRACTOR → C2.1_CORRECT → C3_INCORRECT → RESTART3 → FAILED",4,FAILED
"C1_INCORRECT → C1.2_DISTRACTOR → RESTART1 → C1_DISTRACTOR → C1.1_DISTRACTOR → C1.1.1_DISTRACTOR → RESTART2 → C1_CORRECT → C2_DISTRACTOR → C2.1_CORRECT → C3_DISTRACTOR → RESTART3 → FAILED",4,FAILED
"C1_INCORRECT → C1.2_DISTRACTOR → RESTART1 → C1_DISTRACTOR → C1.1_DISTRACTOR → C1.1.1_DISTRACTOR → RESTART2 → C1_CORRECT → C2_DISTRACTOR → C2.1_INCORRECT → RESTART3 → FAILED",4,FAILED
"C1_INCORRECT → C1.2_DISTRACTOR → RESTART1 → C1_DISTRACTOR → C1.1_DISTRACTOR → C1.1.1_DISTRACTOR → RESTART2 → C1_CORRECT → C2_DISTRACTOR → C2.1_DISTRACTOR → RESTART3 → FAILED",4,FAILED
"C1_INCORRECT → C1.2_DISTRACTOR → RESTART1 → C1_DISTRACTOR → C1.1_DISTRACTOR → C1.1.1_DISTRACTOR → RESTART2 → C1_INCORRECT → C1.2_CORRECT → C2_CORRECT → C3_CORRECT → COMPLETE",3,COMPLETE
"C1_INCORRECT → C1.2_DISTRACTOR → RESTART1 → C1_DISTRACTOR → C1.1_DISTRACTOR → C1.1.1_DISTRACTOR → RESTART2 → C1_INCORRECT → C1.2_CORRECT → C2_CORRECT → C3_INCORRECT → RESTART3 → FAILED",4,FAILED
"C1_INCORRECT → C1.2_DISTRACTOR → RESTART1 → C1_DISTRACTOR → C1.1_DISTRACTOR → C1.1.1_DISTRACTOR → RESTART2 → C1_INCORRECT → C1.2_CORRECT → C2_CORRECT → C3_DISTRACTOR → RESTART3 → FAILED",4,FAILED
"C1_INCORRECT → C1.2_DISTRACTOR → RESTART1 → C1_DISTRACTOR → C1.1_DISTRACTOR → C1.1.1_DISTRACTOR → RESTART2 → C1_INCORRECT → C1.2_CORRECT → C2_INCORRECT → RESTART3 → FAILED",4,FAILED
"C1_INCORRECT → C1.2_DISTRACTOR → RESTART1 → C1_DISTRACTOR → C1.1_DISTRACTOR → C1.1.1_DISTRACTOR → RESTART2 → C1_INCORRECT → C1.2_CORRECT → C2_DISTRACTOR → C2.1_CORRECT → C3_CORRECT → COMPLETE",3,COMPLETE
"C1_INCORRECT → C1.2_DISTRACTOR → RESTART1 → C1_DISTRACTOR → C1.1_DISTRACTOR → C1.1.1_DISTRACTOR → RESTART2 → C1_INCORRECT → C1.2_CORRECT → C2_DISTRACTOR → C2.1_CORRECT → C3_INCORRECT → RESTART3 → FAILED",4,FAILED
"C1_INCORRECT → C1.2_DISTRACTOR → RESTART1 → C1_DISTRACTOR → C1.1_DISTRACTOR → C1.1.1_DISTRACTOR → RESTART2 → C1_INCORRECT → C1.2_CORRECT → C2_DISTRACTOR → C2.1_CORRECT → C3_DISTRACTOR → RESTART3 → FAILED",4,FAILED
"C1_INCORRECT → C1.2_DISTRACTOR → RESTART1 → C1_DISTRACTOR → C1.1_DISTRACTOR → C1.1.1_DISTRACTOR → RESTART2 → C1_INCORRECT → C1.2_CORRECT → C2_DISTRACTOR → C2.1_INCORRECT → RESTART3 → FAILED",4,FAILED
"C1_INCORRECT → C1.2_DISTRACTOR → RESTART1 → C1_DISTRACTOR → C1.1_DISTRACTOR → C1.1.1_DISTRACTOR → RESTART2 → C1_INCORRECT → C1.2_CORRECT → C2_DISTRACTOR → C2.1_DISTRACTOR → RESTART3 → FAILED",4,FAILED
"C1_INCORRECT → C1.2_DISTRACTOR → RESTART1 → C1_DISTRACTOR → C1.1_DISTRACTOR → C1.1.1_DISTRACTOR → RESTART2 → C1_INCORRECT → C1.2_INCORRECT → RESTART3 → FAILED",4,FAILED
"C1_INCORRECT → C1.2_DISTRACTOR → RESTART1 → C1_DISTRACTOR → C1.1_DISTRACTOR → C1.1.1_DISTRACTOR → RESTART2 → C1_INCORRECT → C1.2_DISTRACTOR → RESTART3 → FAILED",4,FAILED
"C1_INCORRECT → C1.2_DISTRACTOR → RESTART1 → C1_DISTRACTOR → C1.1_DISTRACTOR → C1.1.1_DISTRACTOR → RESTART2 → C1_DISTRACTOR → C1.1_CORRECT → C2_CORRECT → C3_CORRECT → COMPLETE",3,COMPLETE
"C1_INCORRECT → C1.2_DISTRACTOR → RESTART1 → C1_DISTRACTOR → C1.1_DISTRACTOR → C1.1.1_DISTRACTOR → RESTART2 → C1_DISTRACTOR → C1.1_CORRECT → C2_CORRECT → C3_INCORRECT → RESTART3 → FAILED",4,FAILED
"C1_INCORRECT → C1.2_DISTRACTOR → RESTART1 → C1_DISTRACTOR → C1.1_DISTRACTOR → C1.1.1_DISTRACTOR → RESTART2 → C1_DISTRACTOR → C1.1_CORRECT → C2_CORRECT → C3_DISTRACTOR → RESTART3 → FAILED",4,FAILED
"C1_INCORRECT → C1.2_DISTRACTOR → RESTART1 → C1_DISTRACTOR → C1.1_DISTRACTOR → C1.1.1_DISTRACTOR → RESTART2 → C1_DISTRACTOR → C1.1_CORRECT → C2_INCORRECT → RESTART3 → FAILED",4,FAILED
"C1_INCORRECT → C1.2_DISTRACTOR → RESTART1 → C1_DISTRACTOR → C1.1_DISTRACTOR → C1.1.1_DISTRACTOR → RESTART2 → C1_DISTRACTOR → C1.1_CORRECT → C2_DISTRACTOR → C2.1_CORRECT → C3_CORRECT → COMPLETE",3,COMPLETE
"C1_INCORRECT → C1.2_DISTRACTOR → RESTART1 → C1_DISTRACTOR → C1.1_DISTRACTOR → C1.1.1_DISTRACTOR → RESTART2 → C1_DISTRACTOR → C1.1_CORRECT → C2_DISTRACTOR → C2.1_CORRECT → C3_INCORRECT → RESTART3 → FAILED",4,FAILED
"C1_INCORRECT → C1.2_DISTRACTOR → RESTART1 → C1_DISTRACTOR → C1.1_DISTRACTOR → C1.1.1_DISTRACTOR → RESTART2 → C1_DISTRACTOR → C1.1_CORRECT → C2_DISTRACTOR → C2.1_CORRECT → C3_DISTRACTOR → RESTART3 → FAILED",4,FAILED
"C1_INCORRECT → C1.2_DISTRACTOR → RESTART1 → C1_DISTRACTOR → C1.1_DISTRACTOR → C1.1.1_DISTRACTOR → RESTART2 → C1_DISTRACTOR → C1.1_CORRECT → C2_DISTRACTOR → C2.1_INCORRECT → RESTART3 → FAILED",4,FAILED
"C1_INCORRECT → C1.2_DISTRACTOR → RESTART1 → C1_DISTRACTOR → C1.1_DISTRACTOR → C1.1.1_DISTRACTOR → RESTART2 → C1_DISTRACTOR → C1.1_CORRECT → C2_DISTRACTOR → C2.1_DISTRACTOR → RESTART3 → FAILED",4,FAILED
"C1_INCORRECT → C1.2_DISTRACTOR → RESTART1 → C1_DISTRACTOR → C1.1_DISTRACTOR → C1.1.1_DISTRACTOR → RESTART2 → C1_DISTRACTOR → C1.1_INCORRECT → RESTART3 → FAILED",4,FAILED
"C1_INCORRECT → C1.2_DISTRACTOR → RESTART1 → C1_DISTRACTOR → C1.1_DISTRACTOR → C1.1.1_DISTRACTOR → RESTART2 → C1_DISTRACTOR → C1.1_DISTRACTOR → C1.1.1_CORRECT → C2_CORRECT → C3_CORRECT → COMPLETE",3,COMPLETE
"C1_INCORRECT → C1.2_DISTRACTOR → RESTART1 → C1_DISTRACTOR → C1.1_DISTRACTOR → C1.1.1_DISTRACTOR → RESTART2 → C1_DISTRACTOR → C1.1_DISTRACTOR → C1.1.1_CORRECT → C2_CORRECT → C3_INCORRECT → RESTART3 → FAILED",4,FAILED
"C1_INCORRECT → C1.2_DISTRACTOR → RESTART1 → C1_DISTRACTOR → C1.1_DISTRACTOR → C1.1.1_DISTRACTOR → RESTART2 → C1_DISTRACTOR → C1.1_DISTRACTOR → C1.1.1_CORRECT → C2_CORRECT → C3_DISTRACTOR → RESTART3 → FAILED",4,FAILED
"C1_INCORRECT → C1.2_DISTRACTOR → RESTART1 → C1_DISTRACTOR → C1.1_DISTRACTOR → C1.1.1_DISTRACTOR → RESTART2 → C1_DISTRACTOR → C1.1_DISTRACTOR → C1.1.1_CORRECT → C2_INCORRECT → RESTART3 → FAILED",4,FAILED
"C1_INCORRECT → C1.2_DISTRACTOR → RESTART1 → C1_DISTRACTOR → C1.1_DISTRACTOR → C1.1.1_DISTRACTOR → RESTART2 → C1_DISTRACTOR → C1.1_DISTRACTOR → C1.1.1_CORRECT → C2_DISTRACTOR → C2.1_CORRECT → C3_CORRECT → COMPLETE",3,COMPLETE
"C1_INCORRECT → C1.2_DISTRACTOR → RESTART1 → C1_DISTRACTOR → C1.1_DISTRACTOR → C1.1.1_DISTRACTOR → RESTART2 → C1_DISTRACTOR → C1.1_DISTRACTOR → C1.1.1_CORRECT → C2_DISTRACTOR → C2.1_CORRECT → C3_INCORRECT → RESTART3 → FAILED",4,FAILED
"C1_INCORRECT → C1.2_DISTRACTOR → RESTART1 → C1_DISTRACTOR → C1.1_DISTRACTOR → C1.1.1_DISTRACTOR → RESTART2 → C1_DISTRACTOR → C1.1_DISTRACTOR → C1.1.1_CORRECT → C2_DISTRACTOR → C2.1_CORRECT → C3_DISTRACTOR → RESTART3 → FAILED",4,FAILED
"C1_INCORRECT → C1.2_DISTRACTOR → RESTART1 → C1_DISTRACTOR → C1.1_DISTRACTOR → C1.1.1_DISTRACTOR → RESTART2 → C1_DISTRACTOR → C1.1_DISTRACTOR → C1.1.1_CORRECT → C2_DISTRACTOR → C2.1_INCORRECT → RESTART3 → FAILED",4,FAILED
"C1_INCORRECT → C1.2_DISTRACTOR → RESTART1 → C1_DISTRACTOR → C1.1_DISTRACTOR → C1.1.1_DISTRACTOR → RESTART2 → C1_DISTRACTOR → C1.1_DISTRACTOR → C1.1.1_CORRECT → C2_DISTRACTOR → C2.1_DISTRACTOR → RESTART3 → FAILED",4,FAILED
"C1_INCORRECT → C1.2_DISTRACTOR → RESTART1 → C1_DISTRACTOR → C1.1_DISTRACTOR → C1.1.1_DISTRACTOR → RESTART2 → C1_DISTRACTOR → C1.1_DISTRACTOR → C1.1.1_INCORRECT → RESTART3 → FAILED",4,FAILED
"C1_INCORRECT → C1.2_DISTRACTOR → RESTART1 → C1_DISTRACTOR → C1.1_DISTRACTOR → C1.1.1_DISTRACTOR → RESTART2 → C1_DISTRACTOR → C1.1_DISTRACTOR → C1.1.1_DISTRACTOR → RESTART3 → FAILED",4,FAILED
"C1_DISTRACTOR → C1.1_CORRECT → C2_CORRECT → C3_CORRECT → COMPLETE",1,COMPLETE
"C1_DISTRACTOR → C1.1_CORRECT → C2_CORRECT → C3_INCORRECT → RESTART1 → C3_CORRECT → COMPLETE",2,COMPLETE
"C1_DISTRACTOR → C1.1_CORRECT → C2_CORRECT → C3_INCORRECT → RESTART1 → C3_INCORRECT → RESTART2 → C3_CORRECT → COMPLETE",3,COMPLETE
"C1_DISTRACTOR → C1.1_CORRECT → C2_CORRECT → C3_INCORRECT → RESTART1 → C3_INCORRECT → RESTART2 → C3_INCORRECT → RESTART3 → FAILED",4,FAILED
"C1_DISTRACTOR → C1.1_CORRECT → C2_CORRECT → C3_INCORRECT → RESTART1 → C3_INCORRECT → RESTART2 → C3_DISTRACTOR → RESTART3 → FAILED",4,FAILED
"C1_DISTRACTOR → C1.1_CORRECT → C2_CORRECT → C3_INCORRECT → RESTART1 → C3_DISTRACTOR → RESTART2 → C3_CORRECT → COMPLETE",3,COMPLETE
"C1_DISTRACTOR → C1.1_CORRECT → C2_CORRECT → C3_INCORRECT → RESTART1 → C3_DISTRACTOR → RESTART2 → C3_INCORRECT → RESTART3 → FAILED",4,FAILED
"C1_DISTRACTOR → C1.1_CORRECT → C2_CORRECT → C3_INCORRECT → RESTART1 → C3_DISTRACTOR → RESTART2 → C3_DISTRACTOR → RESTART3 → FAILED",4,FAILED
"C1_DISTRACTOR → C1.1_CORRECT → C2_CORRECT → C3_DISTRACTOR → RESTART1 → C3_CORRECT → COMPLETE",2,COMPLETE
"C1_DISTRACTOR → C1.1_CORRECT → C2_CORRECT → C3_DISTRACTOR → RESTART1 → C3_INCORRECT → RESTART2 → C3_CORRECT → COMPLETE",3,COMPLETE
"C1_DISTRACTOR → C1.1_CORRECT → C2_CORRECT → C3_DISTRACTOR → RESTART1 → C3_INCORRECT → RESTART2 → C3_INCORRECT → RESTART3 → FAILED",4,FAILED
"C1_DISTRACTOR → C1.1_CORRECT → C2_CORRECT → C3_DISTRACTOR → RESTART1 → C3_INCORRECT → RESTART2 → C3_DISTRACTOR → RESTART3 → FAILED",4,FAILED
"C1_DISTRACTOR → C1.1_CORRECT → C2_CORRECT → C3_DISTRACTOR → RESTART1 → C3_DISTRACTOR → RESTART2 → C3_CORRECT → COMPLETE",3,COMPLETE
"C1_DISTRACTOR → C1.1_CORRECT → C2_CORRECT → C3_DISTRACTOR → RESTART1 → C3_DISTRACTOR → RESTART2 → C3_INCORRECT → RESTART3 → FAILED",4,FAILED
"C1_DISTRACTOR → C1.1_CORRECT → C2_CORRECT → C3_DISTRACTOR → RESTART1 → C3_DISTRACTOR → RESTART2 → C3_DISTRACTOR → RESTART3 → FAILED",4,FAILED
"C1_DISTRACTOR → C1.1_CORRECT → C2_INCORRECT → RESTART1 → C2_CORRECT → C3_CORRECT → COMPLETE",2,COMPLETE
"C1_DISTRACTOR → C1.1_CORRECT → C2_INCORRECT → RESTART1 → C2_CORRECT → C3_INCORRECT → RESTART2 → C3_CORRECT → COMPLETE",3,COMPLETE
"C1_DISTRACTOR → C1.1_CORRECT → C2_INCORRECT → RESTART1 → C2_CORRECT → C3_INCORRECT → RESTART2 → C3_INCORRECT → RESTART3 → FAILED",4,FAILED
"C1_DISTRACTOR → C1.1_CORRECT → C2_INCORRECT → RESTART1 → C2_CORRECT → C3_INCORRECT → RESTART2 → C3_DISTRACTOR → RESTART3 → FAILED",4,FAILED
"C1_DISTRACTOR → C1.1_CORRECT → C2_INCORRECT → RESTART1 → C2_CORRECT → C3_DISTRACTOR → RESTART2 → C3_CORRECT → COMPLETE",3,COMPLETE
"C1_DISTRACTOR → C1.1_CORRECT → C2_INCORRECT → RESTART1 → C2_CORRECT → C3_DISTRACTOR → RESTART2 → C3_INCORRECT → RESTART3 → FAILED",4,FAILED
"C1_DISTRACTOR → C1.1_CORRECT → C2_INCORRECT → RESTART1 → C2_CORRECT → C3_DISTRACTOR → RESTART2 → C3_DISTRACTOR → RESTART3 → FAILED",4,FAILED
"C1_DISTRACTOR → C1.1_CORRECT → C2_INCORRECT → RESTART1 → C2_INCORRECT → RESTART2 → C2_CORRECT → C3_CORRECT → COMPLETE",3,COMPLETE
"C1_DISTRACTOR → C1.1_CORRECT → C2_INCORRECT → RESTART1 → C2_INCORRECT → RESTART2 → C2_CORRECT → C3_INCORRECT → RESTART3 → FAILED",4,FAILED
"C1_DISTRACTOR → C1.1_CORRECT → C2_INCORRECT → RESTART1 → C2_INCORRECT → RESTART2 → C2_CORRECT → C3_DISTRACTOR → RESTART3 → FAILED",4,FAILED
"C1_DISTRACTOR → C1.1_CORRECT → C2_INCORRECT → RESTART1 → C2_INCORRECT → RESTART2 → C2_INCORRECT → RESTART3 → FAILED",4,FAILED
"C1_DISTRACTOR → C1.1_CORRECT → C2_INCORRECT → RESTART1 → C2_INCORRECT → RESTART2 → C2_DISTRACTOR → C2.1_CORRECT → C3_CORRECT → COMPLETE",3,COMPLETE
"C1_DISTRACTOR → C1.1_CORRECT → C2_INCORRECT → RESTART1 → C2_INCORRECT → RESTART2 → C2_DISTRACTOR → C2.1_CORRECT → C3_INCORRECT → RESTART3 → FAILED",4,FAILED
"C1_DISTRACTOR → C1.1_CORRECT → C2_INCORRECT → RESTART1 → C2_INCORRECT → RESTART2 → C2_DISTRACTOR → C2.1_CORRECT → C3_DISTRACTOR → RESTART3 → FAILED",4,FAILED
"C1_DISTRACTOR → C1.1_CORRECT → C2_INCORRECT → RESTART1 → C2_INCORRECT → RESTART2 → C2_DISTRACTOR → C2.1_INCORRECT → RESTART3 → FAILED",4,FAILED
"C1_DISTRACTOR → C1.1_CORRECT → C2_INCORRECT → RESTART1 → C2_INCORRECT → RESTART2 → C2_DISTRACTOR → C2.1_DISTRACTOR → RESTART3 → FAILED",4,FAILED
"C1_DISTRACTOR → C1.1_CORRECT → C2_INCORRECT → RESTART1 → C2_DISTRACTOR → C2.1_CORRECT → C3_CORRECT → COMPLETE",2,COMPLETE
"C1_DISTRACTOR → C1.1_CORRECT → C2_INCORRECT → RESTART1 → C2_DISTRACTOR → C2.1_CORRECT → C3_INCORRECT → RESTART2 → C3_CORRECT → COMPLETE",3,COMPLETE
"C1_DISTRACTOR → C1.1_CORRECT → C2_INCORRECT → RESTART1 → C2_DISTRACTOR → C2.1_CORRECT → C3_INCORRECT → RESTART2 → C3_INCORRECT → RESTART3 → FAILED",4,FAILED
"C1_DISTRACTOR → C1.1_CORRECT → C2_INCORRECT → RESTART1 → C2_DISTRACTOR → C2.1_CORRECT → C3_INCORRECT → RESTART2 → C3_DISTRACTOR → RESTART3 → FAILED",4,FAILED
"C1_DISTRACTOR → C1.1_CORRECT → C2_INCORRECT → RESTART1 → C2_DISTRACTOR → C2.1_CORRECT → C3_DISTRACTOR → RESTART2 → C3_CORRECT → COMPLETE",3,COMPLETE
"C1_DISTRACTOR → C1.1_CORRECT → C2_INCORRECT → RESTART1 → C2_DISTRACTOR → C2.1_CORRECT → C3_DISTRACTOR → RESTART2 → C3_INCORRECT → RESTART3 → FAILED",4,FAILED
"C1_DISTRACTOR → C1.1_CORRECT → C2_INCORRECT → RESTART1 → C2_DISTRACTOR → C2.1_CORRECT → C3_DISTRACTOR → RESTART2 → C3_DISTRACTOR → RESTART3 → FAILED",4,FAILED
"C1_DISTRACTOR → C1.1_CORRECT → C2_INCORRECT → RESTART1 → C2_DISTRACTOR → C2.1_INCORRECT → RESTART2 → C2_CORRECT → C3_CORRECT → COMPLETE",3,COMPLETE
"C1_DISTRACTOR → C1.1_CORRECT → C2_INCORRECT → RESTART1 → C2_DISTRACTOR → C2.1_INCORRECT → RESTART2 → C2_CORRECT → C3_INCORRECT → RESTART3 → FAILED",4,FAILED
"C1_DISTRACTOR → C1.1_CORRECT → C2_INCORRECT → RESTART1 → C2_DISTRACTOR → C2.1_INCORRECT → RESTART2 → C2_CORRECT → C3_DISTRACTOR → RESTART3 → FAILED",4,FAILED
"C1_DISTRACTOR → C1.1_CORRECT → C2_INCORRECT → RESTART1 → C2_DISTRACTOR → C2.1_INCORRECT → RESTART2 → C2_INCORRECT → RESTART3 → FAILED",4,FAILED
"C1_DISTRACTOR → C1.1_CORRECT → C2_INCORRECT → RESTART1 → C2_DISTRACTOR → C2.1_INCORRECT → RESTART2 → C2_DISTRACTOR → C2.1_CORRECT → C3_CORRECT → COMPLETE",3,COMPLETE
"C1_DISTRACTOR → C1.1_CORRECT → C2_INCORRECT → RESTART1 → C2_DISTRACTOR → C2.1_INCORRECT → RESTART2 → C2_DISTRACTOR → C2.1_CORRECT → C3_INCORRECT → RESTART3 → FAILED",4,FAILED
"C1_DISTRACTOR → C1.1_CORRECT → C2_INCORRECT → RESTART1 → C2_DISTRACTOR → C2.1_INCORRECT → RESTART2 → C2_DISTRACTOR → C2.1_CORRECT → C3_DISTRACTOR → RESTART3 → FAILED",4,FAILED
"C1_DISTRACTOR → C1.1_CORRECT → C2_INCORRECT → RESTART1 → C2_DISTRACTOR → C2.1_INCORRECT → RESTART2 → C2_DISTRACTOR → C2.1_INCORRECT → RESTART3 → FAILED",4,FAILED
"C1_DISTRACTOR → C1.1_CORRECT → C2_INCORRECT → RESTART1 → C2_DISTRACTOR → C2.1_INCORRECT → RESTART2 → C2_DISTRACTOR → C2.1_DISTRACTOR → RESTART3 → FAILED",4,FAILED
"C1_DISTRACTOR → C1.1_CORRECT → C2_INCORRECT → RESTART1 → C2_DISTRACTOR → C2.1_DISTRACTOR → RESTART2 → C2_CORRECT → C3_CORRECT → COMPLETE",3,COMPLETE
"C1_DISTRACTOR → C1.1_CORRECT → C2_INCORRECT → RESTART1 → C2_DISTRACTOR → C2.1_DISTRACTOR → RESTART2 → C2_CORRECT → C3_INCORRECT → RESTART3 → FAILED",4,FAILED
"C1_DISTRACTOR → C1.1_CORRECT → C2_INCORRECT → RESTART1 → C2_DISTRACTOR → C2.1_DISTRACTOR → RESTART2 → C2_CORRECT → C3_DISTRACTOR → RESTART3 → FAILED",4,FAILED
"C1_DISTRACTOR → C1.1_CORRECT → C2_INCORRECT → RESTART1 → C2_DISTRACTOR → C2.1_DISTRACTOR → RESTART2 → C2_INCORRECT → RESTART3 → FAILED",4,FAILED
"C1_DISTRACTOR → C1.1_CORRECT → C2_INCORRECT → RESTART1 → C2_DISTRACTOR → C2.1_DISTRACTOR → RESTART2 → C2_DISTRACTOR → C2.1_CORRECT → C3_CORRECT → COMPLETE",3,COMPLETE
"C1_DISTRACTOR → C1.1_CORRECT → C2_INCORRECT → RESTART1 → C2_DISTRACTOR → C2.1_DISTRACTOR → RESTART2 → C2_DISTRACTOR → C2.1_CORRECT → C3_INCORRECT → RESTART3 → FAILED",4,FAILED
"C1_DISTRACTOR → C1.1_CORRECT → C2_INCORRECT → RESTART1 → C2_DISTRACTOR → C2.1_DISTRACTOR → RESTART2 → C2_DISTRACTOR → C2.1_CORRECT → C3_DISTRACTOR → RESTART3 → FAILED",4,FAILED
"C1_DISTRACTOR → C1.1_CORRECT → C2_INCORRECT → RESTART1 → C2_DISTRACTOR → C2.1_DISTRACTOR → RESTART2 → C2_DISTRACTOR → C2.1_INCORRECT → RESTART3 → FAILED",4,FAILED
"C1_DISTRACTOR → C1.1_CORRECT → C2_INCORRECT → RESTART1 → C2_DISTRACTOR → C2.1_DISTRACTOR → RESTART2 → C2_DISTRACTOR → C2.1_DISTRACTOR → RESTART3 → FAILED",4,FAILED
"C1_DISTRACTOR → C1.1_CORRECT → C2_DISTRACTOR → C2.1_CORRECT → C3_CORRECT → COMPLETE",1,COMPLETE
"C1_DISTRACTOR → C1.1_CORRECT → C2_DISTRACTOR → C2.1_CORRECT → C3_INCORRECT → RESTART1 → C3_CORRECT → COMPLETE",2,COMPLETE
"C1_DISTRACTOR → C1.1_CORRECT → C2_DISTRACTOR → C2.1_CORRECT → C3_INCORRECT → RESTART1 → C3_INCORRECT → RESTART2 → C3_CORRECT → COMPLETE",3,COMPLETE
"C1_DISTRACTOR → C1.1_CORRECT → C2_DISTRACTOR → C2.1_CORRECT → C3_INCORRECT → RESTART1 → C3_INCORRECT → RESTART2 → C3_INCORRECT → RESTART3 → FAILED",4,FAILED
"C1_DISTRACTOR → C1.1_CORRECT → C2_DISTRACTOR → C2.1_CORRECT → C3_INCORRECT → RESTART1 → C3_INCORRECT → RESTART2 → C3_DISTRACTOR → RESTART3 → FAILED",4,FAILED
"C1_DISTRACTOR → C1.1_CORRECT → C2_DISTRACTOR → C2.1_CORRECT → C3_INCORRECT → RESTART1 → C3_DISTRACTOR → RESTART2 → C3_CORRECT → COMPLETE",3,COMPLETE
"C1_DISTRACTOR → C1.1_CORRECT → C2_DISTRACTOR → C2.1_CORRECT → C3_INCORRECT → RESTART1 → C3_DISTRACTOR → RESTART2 → C3_INCORRECT → RESTART3 → FAILED",4,FAILED
"C1_DISTRACTOR → C1.1_CORRECT → C2_DISTRACTOR → C2.1_CORRECT → C3_INCORRECT → RESTART1 → C3_DISTRACTOR → RESTART2 → C3_DISTRACTOR → RESTART3 → FAILED",4,FAILED
"C1_DISTRACTOR → C1.1_CORRECT → C2_DISTRACTOR → C2.1_CORRECT → C3_DISTRACTOR → RESTART1 → C3_CORRECT → COMPLETE",2,COMPLETE
"C1_DISTRACTOR → C1.1_CORRECT → C2_DISTRACTOR → C2.1_CORRECT → C3_DISTRACTOR → RESTART1 → C3_INCORRECT → RESTART2 → C3_CORRECT → COMPLETE",3,COMPLETE
"C1_DISTRACTOR → C1.1_CORRECT → C2_DISTRACTOR → C2.1_CORRECT → C3_DISTRACTOR → RESTART1 → C3_INCORRECT → RESTART2 → C3_INCORRECT → RESTART3 → FAILED",4,FAILED
"C1_DISTRACTOR → C1.1_CORRECT → C2_DISTRACTOR → C2.1_CORRECT → C3_DISTRACTOR → RESTART1 → C3_INCORRECT → RESTART2 → C3_DISTRACTOR → RESTART3 → FAILED",4,FAILED
"C1_DISTRACTOR → C1.1_CORRECT → C2_DISTRACTOR → C2.1_CORRECT → C3_DISTRACTOR → RESTART1 → C3_DISTRACTOR → RESTART2 → C3_CORRECT → COMPLETE",3,COMPLETE
"C1_DISTRACTOR → C1.1_CORRECT → C2_DISTRACTOR → C2.1_CORRECT → C3_DISTRACTOR → RESTART1 → C3_DISTRACTOR → RESTART2 → C3_INCORRECT → RESTART3 → FAILED",4,FAILED
"C1_DISTRACTOR → C1.1_CORRECT → C2_DISTRACTOR → C2.1_CORRECT → C3_DISTRACTOR → RESTART1 → C3_DISTRACTOR → RESTART2 → C3_DISTRACTOR → RESTART3 → FAILED",4,FAILED
"C1_DISTRACTOR → C1.1_CORRECT → C2_DISTRACTOR → C2.1_INCORRECT → RESTART1 → C2_CORRECT → C3_CORRECT → COMPLETE",2,COMPLETE
"C1_DISTRACTOR → C1.1_CORRECT → C2_DISTRACTOR → C2.1_INCORRECT → RESTART1 → C2_CORRECT → C3_INCORRECT → RESTART2 → C3_CORRECT → COMPLETE",3,COMPLETE
"C1_DISTRACTOR → C1.1_CORRECT → C2_DISTRACTOR → C2.1_INCORRECT → RESTART1 → C2_CORRECT → C3_INCORRECT → RESTART2 → C3_INCORRECT → RESTART3 → FAILED",4,FAILED
"C1_DISTRACTOR → C1.1_CORRECT → C2_DISTRACTOR → C2.1_INCORRECT → RESTART1 → C2_CORRECT → C3_INCORRECT → RESTART2 → C3_DISTRACTOR → RESTART3 → FAILED",4,FAILED
"C1_DISTRACTOR → C1.1_CORRECT → C2_DISTRACTOR → C2.1_INCORRECT → RESTART1 → C2_CORRECT → C3_DISTRACTOR → RESTART2 → C3_CORRECT → COMPLETE",3,COMPLETE
"C1_DISTRACTOR → C1.1_CORRECT → C2_DISTRACTOR → C2.1_INCORRECT → RESTART1 → C2_CORRECT → C3_DISTRACTOR → RESTART2 → C3_INCORRECT → RESTART3 → FAILED",4,FAILED
"C1_DISTRACTOR → C1.1_CORRECT → C2_DISTRACTOR → C2.1_INCORRECT → RESTART1 → C2_CORRECT → C3_DISTRACTOR → RESTART2 → C3_DISTRACTOR → RESTART3 → FAILED",4,FAILED
"C1_DISTRACTOR → C1.1_CORRECT → C2_DISTRACTOR → C2.1_INCORRECT → RESTART1 → C2_INCORRECT → RESTART2 → C2_CORRECT → C3_CORRECT → COMPLETE",3,COMPLETE
"C1_DISTRACTOR → C1.1_CORRECT → C2_DISTRACTOR → C2.1_INCORRECT → RESTART1 → C2_INCORRECT → RESTART2 → C2_CORRECT → C3_INCORRECT → RESTART3 → FAILED",4,FAILED
"C1_DISTRACTOR → C1.1_CORRECT → C2_DISTRACTOR → C2.1_INCORRECT → RESTART1 → C2_INCORRECT → RESTART2 → C2_CORRECT → C3_DISTRACTOR → RESTART3 → FAILED",4,FAILED
"C1_DISTRACTOR → C1.1_CORRECT → C2_DISTRACTOR → C2.1_INCORRECT → RESTART1 → C2_INCORRECT → RESTART2 → C2_INCORRECT → RESTART3 → FAILED",4,FAILED
"C1_DISTRACTOR → C1.1_CORRECT → C2_DISTRACTOR → C2.1_INCORRECT → RESTART1 → C2_INCORRECT → RESTART2 → C2_DISTRACTOR → C2.1_CORRECT → C3_CORRECT → COMPLETE",3,COMPLETE
"C1_DISTRACTOR → C1.1_CORRECT → C2_DISTRACTOR → C2.1_INCORRECT → RESTART1 → C2_INCORRECT → RESTART2 → C2_DISTRACTOR → C2.1_CORRECT → C3_INCORRECT → RESTART3 → FAILED",4,FAILED
"C1_DISTRACTOR → C1.1_CORRECT → C2_DISTRACTOR → C2.1_INCORRECT → RESTART1 → C2_INCORRECT → RESTART2 → C2_DISTRACTOR → C2.1_CORRECT → C3_DISTRACTOR → RESTART3 → FAILED",4,FAILED
"C1_DISTRACTOR → C1.1_CORRECT → C2_DISTRACTOR → C2.1_INCORRECT → RESTART1 → C2_INCORRECT → RESTART2 → C2_DISTRACTOR → C2.1_INCORRECT → RESTART3 → FAILED",4,FAILED
"C1_DISTRACTOR → C1.1_CORRECT → C2_DISTRACTOR → C2.1_INCORRECT → RESTART1 → C2_INCORRECT → RESTART2 → C2_DISTRACTOR → C2.1_DISTRACTOR → RESTART3 → FAILED",4,FAILED
"C1_DISTRACTOR → C1.1_CORRECT → C2_DISTRACTOR → C2.1_INCORRECT → RESTART1 → C2_DISTRACTOR → C2.1_CORRECT → C3_CORRECT → COMPLETE",2,COMPLETE
"C1_DISTRACTOR → C1.1_CORRECT → C2_DISTRACTOR → C2.1_INCORRECT → RESTART1 → C2_DISTRACTOR → C2.1_CORRECT → C3_INCORRECT → RESTART2 → C3_CORRECT → COMPLETE",3,COMPLETE
"C1_DISTRACTOR → C1.1_CORRECT → C2_DISTRACTOR → C2.1_INCORRECT → RESTART1 → C2_DISTRACTOR → C2.1_CORRECT → C3_INCORRECT → RESTART2 → C3_INCORRECT → RESTART3 → FAILED",4,FAILED
"C1_DISTRACTOR → C1.1_CORRECT → C2_DISTRACTOR → C2.1_INCORRECT → RESTART1 → C2_DISTRACTOR → C2.1_CORRECT → C3_INCORRECT → RESTART2 → C3_DISTRACTOR → RESTART3 → FAILED",4,FAILED
"C1_DISTRACTOR → C1.1_CORRECT → C2_DISTRACTOR → C2.1_INCORRECT → RESTART1 → C2_DISTRACTOR → C2.1_CORRECT → C3_DISTRACTOR → RESTART2 → C3_CORRECT → COMPLETE",3,COMPLETE
"C1_DISTRACTOR → C1.1_CORRECT → C2_DISTRACTOR → C2.1_INCORRECT → RESTART1 → C2_DISTRACTOR → C2.1_CORRECT → C3_DISTRACTOR → RESTART2 → C3_INCORRECT → RESTART3 → FAILED",4,FAILED
"C1_DISTRACTOR → C1.1_CORRECT → C2_DISTRACTOR → C2.1_INCORRECT → RESTART1 → C2_DISTRACTOR → C2.1_CORRECT → C3_DISTRACTOR → RESTART2 → C3_DISTRACTOR → RESTART3 → FAILED",4,FAILED
"C1_DISTRACTOR → C1.1_CORRECT → C2_DISTRACTOR → C2.1_INCORRECT → RESTART1 → C2_DISTRACTOR → C2.1_INCORRECT → RESTART2 → C2_CORRECT → C3_CORRECT → COMPLETE",3,COMPLETE
"C1_DISTRACTOR → C1.1_CORRECT → C2_DISTRACTOR → C2.1_INCORRECT → RESTART1 → C2_DISTRACTOR → C2.1_INCORRECT → RESTART2 → C2_CORRECT → C3_INCORRECT → RESTART3 → FAILED",4,FAILED
"C1_DISTRACTOR → C1.1_CORRECT → C2_DISTRACTOR → C2.1_INCORRECT → RESTART1 → C2_DISTRACTOR → C2.1_INCORRECT → RESTART2 → C2_CORRECT → C3_DISTRACTOR → RESTART3 → FAILED",4,FAILED
"C1_DISTRACTOR → C1.1_CORRECT → C2_DISTRACTOR → C2.1_INCORRECT → RESTART1 → C2_DISTRACTOR → C2.1_INCORRECT → RESTART2 → C2_INCORRECT → RESTART3 → FAILED",4,FAILED
"C1_DISTRACTOR → C1.1_CORRECT → C2_DISTRACTOR → C2.1_INCORRECT → RESTART1 → C2_DISTRACTOR → C2.1_INCORRECT → RESTART2 → C2_DISTRACTOR → C2.1_CORRECT → C3_CORRECT → COMPLETE",3,COMPLETE
"C1_DISTRACTOR → C1.1_CORRECT → C2_DISTRACTOR → C2.1_INCORRECT → RESTART1 → C2_DISTRACTOR → C2.1_INCORRECT → RESTART2 → C2_DISTRACTOR → C2.1_CORRECT → C3_INCORRECT → RESTART3 → FAILED",4,FAILED
"C1_DISTRACTOR → C1.1_CORRECT → C2_DISTRACTOR → C2.1_INCORRECT → RESTART1 → C2_DISTRACTOR → C2.1_INCORRECT → RESTART2 → C2_DISTRACTOR → C2.1_CORRECT → C3_DISTRACTOR → RESTART3 → FAILED",4,FAILED
"C1_DISTRACTOR → C1.1_CORRECT → C2_DISTRACTOR → C2.1_INCORRECT → RESTART1 → C2_DISTRACTOR → C2.1_INCORRECT → RESTART2 → C2_DISTRACTOR → C2.1_INCORRECT → RESTART3 → FAILED",4,FAILED
"C1_DISTRACTOR → C1.1_CORRECT → C2_DISTRACTOR → C2.1_INCORRECT → RESTART1 → C2_DISTRACTOR → C2.1_INCORRECT → RESTART2 → C2_DISTRACTOR → C2.1_DISTRACTOR → RESTART3 → FAILED",4,FAILED
"C1_DISTRACTOR → C1.1_CORRECT → C2_DISTRACTOR → C2.1_INCORRECT → RESTART1 → C2_DISTRACTOR → C2.1_DISTRACTOR → RESTART2 → C2_CORRECT → C3_CORRECT → COMPLETE",3,COMPLETE
"C1_DISTRACTOR → C1.1_CORRECT → C2_DISTRACTOR → C2.1_INCORRECT → RESTART1 → C2_DISTRACTOR → C2.1_DISTRACTOR → RESTART2 → C2_CORRECT → C3_INCORRECT → RESTART3 → FAILED",4,FAILED
"C1_DISTRACTOR → C1.1_CORRECT → C2_DISTRACTOR → C2.1_INCORRECT → RESTART1 → C2_DISTRACTOR → C2.1_DISTRACTOR → RESTART2 → C2_CORRECT → C3_DISTRACTOR → RESTART3 → FAILED",4,FAILED
"C1_DISTRACTOR → C1.1_CORRECT → C2_DISTRACTOR → C2.1_INCORRECT → RESTART1 → C2_DISTRACTOR → C2.1_DISTRACTOR → RESTART2 → C2_INCORRECT → RESTART3 → FAILED",4,FAILED
"C1_DISTRACTOR → C1.1_CORRECT → C2_DISTRACTOR → C2.1_INCORRECT → RESTART1 → C2_DISTRACTOR → C2.1_DISTRACTOR → RESTART2 → C2_DISTRACTOR → C2.1_CORRECT → C3_CORRECT → COMPLETE",3,COMPLETE
"C1_DISTRACTOR → C1.1_CORRECT → C2_DISTRACTOR → C2.1_INCORRECT → RESTART1 → C2_DISTRACTOR → C2.1_DISTRACTOR → RESTART2 → C2_DISTRACTOR → C2.1_CORRECT → C3_INCORRECT → RESTART3 → FAILED",4,FAILED
"C1_DISTRACTOR → C1.1_CORRECT → C2_DISTRACTOR → C2.1_INCORRECT → RESTART1 → C2_DISTRACTOR → C2.1_DISTRACTOR → RESTART2 → C2_DISTRACTOR → C2.1_CORRECT → C3_DISTRACTOR → RESTART3 → FAILED",4,FAILED
"C1_DISTRACTOR → C1.1_CORRECT → C2_DISTRACTOR → C2.1_INCORRECT → RESTART1 → C2_DISTRACTOR → C2.1_DISTRACTOR → RESTART2 → C2_DISTRACTOR → C2.1_INCORRECT → RESTART3 → FAILED",4,FAILED
"C1_DISTRACTOR → C1.1_CORRECT → C2_DISTRACTOR → C2.1_INCORRECT → RESTART1 → C2_DISTRACTOR → C2.1_DISTRACTOR → RESTART2 → C2_DISTRACTOR → C2.1_DISTRACTOR → RESTART3 → FAILED",4,FAILED
"C1_DISTRACTOR → C1.1_CORRECT → C2_DISTRACTOR → C2.1_DISTRACTOR → RESTART1 → C2_CORRECT → C3_CORRECT → COMPLETE",2,COMPLETE
"C1_DISTRACTOR → C1.1_CORRECT → C2_DISTRACTOR → C2.1_DISTRACTOR → RESTART1 → C2_CORRECT → C3_INCORRECT → RESTART2 → C3_CORRECT → COMPLETE",3,COMPLETE
"C1_DISTRACTOR → C1.1_CORRECT → C2_DISTRACTOR → C2.1_DISTRACTOR → RESTART1 → C2_CORRECT → C3_INCORRECT → RESTART2 → C3_INCORRECT → RESTART3 → FAILED",4,FAILED
"C1_DISTRACTOR → C1.1_CORRECT → C2_DISTRACTOR → C2.1_DISTRACTOR → RESTART1 → C2_CORRECT → C3_INCORRECT → RESTART2 → C3_DISTRACTOR → RESTART3 → FAILED",4,FAILED
"C1_DISTRACTOR → C1.1_CORRECT → C2_DISTRACTOR → C2.1_DISTRACTOR → RESTART1 → C2_CORRECT → C3_DISTRACTOR → RESTART2 → C3_CORRECT → COMPLETE",3,COMPLETE
"C1_DISTRACTOR → C1.1_CORRECT → C2_DISTRACTOR → C2.1_DISTRACTOR → RESTART1 → C2_CORRECT → C3_DISTRACTOR → RESTART2 → C3_INCORRECT → RESTART3 → FAILED",4,FAILED
"C1_DISTRACTOR → C1.1_CORRECT → C2_DISTRACTOR → C2.1_DISTRACTOR → RESTART1 → C2_CORRECT → C3_DISTRACTOR → RESTART2 → C3_DISTRACTOR → RESTART3 → FAILED",4,FAILED
"C1_DISTRACTOR → C1.1_CORRECT → C2_DISTRACTOR → C2.1_DISTRACTOR → RESTART1 → C2_INCORRECT → RESTART2 → C2_CORRECT → C3_CORRECT → COMPLETE",3,COMPLETE
"C1_DISTRACTOR → C1.1_CORRECT → C2_DISTRACTOR → C2.1_DISTRACTOR → RESTART1 → C2_INCORRECT → RESTART2 → C2_CORRECT → C3_INCORRECT → RESTART3 → FAILED",4,FAILED
"C1_DISTRACTOR → C1.1_CORRECT → C2_DISTRACTOR → C2.1_DISTRACTOR → RESTART1 → C2_INCORRECT → RESTART2 → C2_CORRECT → C3_DISTRACTOR → RESTART3 → FAILED",4,FAILED
"C1_DISTRACTOR → C1.1_CORRECT → C2_DISTRACTOR → C2.1_DISTRACTOR → RESTART1 → C2_INCORRECT → RESTART2 → C2_INCORRECT → RESTART3 → FAILED",4,FAILED
"C1_DISTRACTOR → C1.1_CORRECT → C2_DISTRACTOR → C2.1_DISTRACTOR → RESTART1 → C2_INCORRECT → RESTART2 → C2_DISTRACTOR → C2.1_CORRECT → C3_CORRECT → COMPLETE",3,COMPLETE
"C1_DISTRACTOR → C1.1_CORRECT → C2_DISTRACTOR → C2.1_DISTRACTOR → RESTART1 → C2_INCORRECT → RESTART2 → C2_DISTRACTOR → C2.1_CORRECT → C3_INCORRECT → RESTART3 → FAILED",4,FAILED
"C1_DISTRACTOR → C1.1_CORRECT → C2_DISTRACTOR → C2.1_DISTRACTOR → RESTART1 → C2_INCORRECT → RESTART2 → C2_DISTRACTOR → C2.1_CORRECT → C3_DISTRACTOR → RESTART3 → FAILED",4,FAILED
"C1_DISTRACTOR → C1.1_CORRECT → C2_DISTRACTOR → C2.1_DISTRACTOR → RESTART1 → C2_INCORRECT → RESTART2 → C2_DISTRACTOR → C2.1_INCORRECT → RESTART3 → FAILED",4,FAILED
"C1_DISTRACTOR → C1.1_CORRECT → C2_DISTRACTOR → C2.1_DISTRACTOR → RESTART1 → C2_INCORRECT → RESTART2 → C2_DISTRACTOR → C2.1_DISTRACTOR → RESTART3 → FAILED",4,FAILED
"C1_DISTRACTOR → C1.1_CORRECT → C2_DISTRACTOR → C2.1_DISTRACTOR → RESTART1 → C2_DISTRACTOR → C2.1_CORRECT → C3_CORRECT → COMPLETE",2,COMPLETE
"C1_DISTRACTOR → C1.1_CORRECT → C2_DISTRACTOR → C2.1_DISTRACTOR → RESTART1 → C2_DISTRACTOR → C2.1_CORRECT → C3_INCORRECT → RESTART2 → C3_CORRECT → COMPLETE",3,COMPLETE
"C1_DISTRACTOR → C1.1_CORRECT → C2_DISTRACTOR → C2.1_DISTRACTOR → RESTART1 → C2_DISTRACTOR → C2.1_CORRECT → C3_INCORRECT → RESTART2 → C3_INCORRECT → RESTART3 → FAILED",4,FAILED
"C1_DISTRACTOR → C1.1_CORRECT → C2_DISTRACTOR → C2.1_DISTRACTOR → RESTART1 → C2_DISTRACTOR → C2.1_CORRECT → C3_INCORRECT → RESTART2 → C3_DISTRACTOR → RESTART3 → FAILED",4,FAILED
"C1_DISTRACTOR → C1.1_CORRECT → C2_DISTRACTOR → C2.1_DISTRACTOR → RESTART1 → C2_DISTRACTOR → C2.1_CORRECT → C3_DISTRACTOR → RESTART2 → C3_CORRECT → COMPLETE",3,COMPLETE
"C1_DISTRACTOR → C1.1_CORRECT → C2_DISTRACTOR → C2.1_DISTRACTOR → RESTART1 → C2_DISTRACTOR → C2.1_CORRECT → C3_DISTRACTOR → RESTART2 → C3_INCORRECT → RESTART3 → FAILED",4,FAILED
"C1_DISTRACTOR → C1.1_CORRECT → C2_DISTRACTOR → C2.1_DISTRACTOR → RESTART1 → C2_DISTRACTOR → C2.1_CORRECT → C3_DISTRACTOR → RESTART2 → C3_DISTRACTOR → RESTART3 → FAILED",4,FAILED
"C1_DISTRACTOR → C1.1_CORRECT → C2_DISTRACTOR → C2.1_DISTRACTOR → RESTART1 → C2_DISTRACTOR → C2.1_INCORRECT → RESTART2 → C2_CORRECT → C3_CORRECT → COMPLETE",3,COMPLETE
"C1_DISTRACTOR → C1.1_CORRECT → C2_DISTRACTOR → C2.1_DISTRACTOR → RESTART1 → C2_DISTRACTOR → C2.1_INCORRECT → RESTART2 → C2_CORRECT → C3_INCORRECT → RESTART3 → FAILED",4,FAILED
"C1_DISTRACTOR → C1.1_CORRECT → C2_DISTRACTOR → C2.1_DISTRACTOR → RESTART1 → C2_DISTRACTOR → C2.1_INCORRECT → RESTART2 → C2_CORRECT → C3_DISTRACTOR → RESTART3 → FAILED",4,FAILED
"C1_DISTRACTOR → C1.1_CORRECT → C2_DISTRACTOR → C2.1_DISTRACTOR → RESTART1 → C2_DISTRACTOR → C2.1_INCORRECT → RESTART2 → C2_INCORRECT → RESTART3 → FAILED",4,FAILED
"C1_DISTRACTOR → C1.1_CORRECT → C2_DISTRACTOR → C2.1_DISTRACTOR → RESTART1 → C2_DISTRACTOR → C2.1_INCORRECT → RESTART2 → C2_DISTRACTOR → C2.1_CORRECT → C3_CORRECT → COMPLETE",3,COMPLETE
"C1_DISTRACTOR → C1.1_CORRECT → C2_DISTRACTOR → C2.1_DISTRACTOR → RESTART1 → C2_DISTRACTOR → C2.1_INCORRECT → RESTART2 → C2_DISTRACTOR → C2.1_CORRECT → C3_INCORRECT → RESTART3 → FAILED",4,FAILED
"C1_DISTRACTOR → C1.1_CORRECT → C2_DISTRACTOR → C2.1_DISTRACTOR → RESTART1 → C2_DISTRACTOR → C2.1_INCORRECT → RESTART2 → C2_DISTRACTOR → C2.1_CORRECT → C3_DISTRACTOR → RESTART3 → FAILED",4,FAILED
"C1_DISTRACTOR → C1.1_CORRECT → C2_DISTRACTOR → C2.1_DISTRACTOR → RESTART1 → C2_DISTRACTOR → C2.1_INCORRECT → RESTART2 → C2_DISTRACTOR → C2.1_INCORRECT → RESTART3 → FAILED",4,FAILED
"C1_DISTRACTOR → C1.1_CORRECT → C2_DISTRACTOR → C2.1_DISTRACTOR → RESTART1 → C2_DISTRACTOR → C2.1_INCORRECT → RESTART2 → C2_DISTRACTOR → C2.1_DISTRACTOR → RESTART3 → FAILED",4,FAILED
"C1_DISTRACTOR → C1.1_CORRECT → C2_DISTRACTOR → C2.1_DISTRACTOR → RESTART1 → C2_DISTRACTOR → C2.1_DISTRACTOR → RESTART2 → C2_CORRECT → C3_CORRECT → COMPLETE",3,COMPLETE
"C1_DISTRACTOR → C1.1_CORRECT → C2_DISTRACTOR → C2.1_DISTRACTOR → RESTART1 → C2_DISTRACTOR → C2.1_DISTRACTOR → RESTART2 → C2_CORRECT → C3_INCORRECT → RESTART3 → FAILED",4,FAILED
"C1_DISTRACTOR → C1.1_CORRECT → C2_DISTRACTOR → C2.1_DISTRACTOR → RESTART1 → C2_DISTRACTOR → C2.1_DISTRACTOR → RESTART2 → C2_CORRECT → C3_DISTRACTOR → RESTART3 → FAILED",4,FAILED
"C1_DISTRACTOR → C1.1_CORRECT → C2_DISTRACTOR → C2.1_DISTRACTOR → RESTART1 → C2_DISTRACTOR → C2.1_DISTRACTOR → RESTART2 → C2_INCORRECT → RESTART3 → FAILED",4,FAILED
"C1_DISTRACTOR → C1.1_CORRECT → C2_DISTRACTOR → C2.1_DISTRACTOR → RESTART1 → C2_DISTRACTOR → C2.1_DISTRACTOR → RESTART2 → C2_DISTRACTOR → C2.1_CORRECT → C3_CORRECT → COMPLETE",3,COMPLETE
"C1_DISTRACTOR → C1.1_CORRECT → C2_DISTRACTOR → C2.1_DISTRACTOR → RESTART1 → C2_DISTRACTOR → C2.1_DISTRACTOR → RESTART2 → C2_DISTRACTOR → C2.1_CORRECT → C3_INCORRECT → RESTART3 → FAILED",4,FAILED
"C1_DISTRACTOR → C1.1_CORRECT → C2_DISTRACTOR → C2.1_DISTRACTOR → RESTART1 → C2_DISTRACTOR → C2.1_DISTRACTOR → RESTART2 → C2_DISTRACTOR → C2.1_CORRECT → C3_DISTRACTOR → RESTART3 → FAILED",4,FAILED
"C1_DISTRACTOR → C1.1_CORRECT → C2_DISTRACTOR → C2.1_DISTRACTOR → RESTART1 → C2_DISTRACTOR → C2.1_DISTRACTOR → RESTART2 → C2_DISTRACTOR → C2.1_INCORRECT → RESTART3 → FAILED",4,FAILED
"C1_DISTRACTOR → C1.1_CORRECT → C2_DISTRACTOR → C2.1_DISTRACTOR → RESTART1 → C2_DISTRACTOR → C2.1_DISTRACTOR → RESTART2 → C2_DISTRACTOR → C2.1_DISTRACTOR → RESTART3 → FAILED",4,FAILED
"C1_DISTRACTOR → C1.1_INCORRECT → RESTART1 → C1_CORRECT → C2_CORRECT → C3_CORRECT → COMPLETE",2,COMPLETE
"C1_DISTRACTOR → C1.1_INCORRECT → RESTART1 → C1_CORRECT → C2_CORRECT → C3_INCORRECT → RESTART2 → C3_CORRECT → COMPLETE",3,COMPLETE
"C1_DISTRACTOR → C1.1_INCORRECT → RESTART1 → C1_CORRECT → C2_CORRECT → C3_INCORRECT → RESTART2 → C3_INCORRECT → RESTART3 → FAILED",4,FAILED
"C1_DISTRACTOR → C1.1_INCORRECT → RESTART1 → C1_CORRECT → C2_CORRECT → C3_INCORRECT → RESTART2 → C3_DISTRACTOR → RESTART3 → FAILED",4,FAILED
"C1_DISTRACTOR → C1.1_INCORRECT → RESTART1 → C1_CORRECT → C2_CORRECT → C3_DISTRACTOR → RESTART2 → C3_CORRECT → COMPLETE",3,COMPLETE
"C1_DISTRACTOR → C1.1_INCORRECT → RESTART1 → C1_CORRECT → C2_CORRECT → C3_DISTRACTOR → RESTART2 → C3_INCORRECT → RESTART3 → FAILED",4,FAILED
"C1_DISTRACTOR → C1.1_INCORRECT → RESTART1 → C1_CORRECT → C2_CORRECT → C3_DISTRACTOR → RESTART2 → C3_DISTRACTOR → RESTART3 → FAILED",4,FAILED
"C1_DISTRACTOR → C1.1_INCORRECT → RESTART1 → C1_CORRECT → C2_INCORRECT → RESTART2 → C2_CORRECT → C3_CORRECT → COMPLETE",3,COMPLETE
"C1_DISTRACTOR → C1.1_INCORRECT → RESTART1 → C1_CORRECT → C2_INCORRECT → RESTART2 → C2_CORRECT → C3_INCORRECT → RESTART3 → FAILED",4,FAILED
"C1_DISTRACTOR → C1.1_INCORRECT → RESTART1 → C1_CORRECT → C2_INCORRECT → RESTART2 → C2_CORRECT → C3_DISTRACTOR → RESTART3 → FAILED",4,FAILED
"C1_DISTRACTOR → C1.1_INCORRECT → RESTART1 → C1_CORRECT → C2_INCORRECT → RESTART2 → C2_INCORRECT → RESTART3 → FAILED",4,FAILED
"C1_DISTRACTOR → C1.1_INCORRECT → RESTART1 → C1_CORRECT → C2_INCORRECT → RESTART2 → C2_DISTRACTOR → C2.1_CORRECT → C3_CORRECT → COMPLETE",3,COMPLETE
"C1_DISTRACTOR → C1.1_INCORRECT → RESTART1 → C1_CORRECT → C2_INCORRECT → RESTART2 → C2_DISTRACTOR → C2.1_CORRECT → C3_INCORRECT → RESTART3 → FAILED",4,FAILED
"C1_DISTRACTOR → C1.1_INCORRECT → RESTART1 → C1_CORRECT → C2_INCORRECT → RESTART2 → C2_DISTRACTOR → C2.1_CORRECT → C3_DISTRACTOR → RESTART3 → FAILED",4,FAILED
"C1_DISTRACTOR → C1.1_INCORRECT → RESTART1 → C1_CORRECT → C2_INCORRECT → RESTART2 → C2_DISTRACTOR → C2.1_INCORRECT → RESTART3 → FAILED",4,FAILED
"C1_DISTRACTOR → C1.1_INCORRECT → RESTART1 → C1_CORRECT → C2_INCORRECT → RESTART2 → C2_DISTRACTOR → C2.1_DISTRACTOR → RESTART3 → FAILED",4,FAILED
"C1_DISTRACTOR → C1.1_INCORRECT → RESTART1 → C1_CORRECT → C2_DISTRACTOR → C2.1_CORRECT → C3_CORRECT → COMPLETE",2,COMPLETE
"C1_DISTRACTOR → C1.1_INCORRECT → RESTART1 → C1_CORRECT → C2_DISTRACTOR → C2.1_CORRECT → C3_INCORRECT → RESTART2 → C3_CORRECT → COMPLETE",3,COMPLETE
"C1_DISTRACTOR → C1.1_INCORRECT → RESTART1 → C1_CORRECT → C2_DISTRACTOR → C2.1_CORRECT → C3_INCORRECT → RESTART2 → C3_INCORRECT → RESTART3 → FAILED",4,FAILED
"C1_DISTRACTOR → C1.1_INCORRECT → RESTART1 → C1_CORRECT → C2_DISTRACTOR → C2.1_CORRECT → C3_INCORRECT → RESTART2 → C3_DISTRACTOR → RESTART3 → FAILED",4,FAILED
"C1_DISTRACTOR → C1.1_INCORRECT → RESTART1 → C1_CORRECT → C2_DISTRACTOR → C2.1_CORRECT → C3_DISTRACTOR → RESTART2 → C3_CORRECT → COMPLETE",3,COMPLETE
"C1_DISTRACTOR → C1.1_INCORRECT → RESTART1 → C1_CORRECT → C2_DISTRACTOR → C2.1_CORRECT → C3_DISTRACTOR → RESTART2 → C3_INCORRECT → RESTART3 → FAILED",4,FAILED
"C1_DISTRACTOR → C1.1_INCORRECT → RESTART1 → C1_CORRECT → C2_DISTRACTOR → C2.1_CORRECT → C3_DISTRACTOR → RESTART2 → C3_DISTRACTOR → RESTART3 → FAILED",4,FAILED
"C1_DISTRACTOR → C1.1_INCORRECT → RESTART1 → C1_CORRECT → C2_DISTRACTOR → C2.1_INCORRECT → RESTART2 → C2_CORRECT → C3_CORRECT → COMPLETE",3,COMPLETE
"C1_DISTRACTOR → C1.1_INCORRECT → RESTART1 → C1_CORRECT → C2_DISTRACTOR → C2.1_INCORRECT → RESTART2 → C2_CORRECT → C3_INCORRECT → RESTART3 → FAILED",4,FAILED
"C1_DISTRACTOR → C1.1_INCORRECT → RESTART1 → C1_CORRECT → C2_DISTRACTOR → C2.1_INCORRECT → RESTART2 → C2_CORRECT → C3_DISTRACTOR → RESTART3 → FAILED",4,FAILED
"C1_DISTRACTOR → C1.1_INCORRECT → RESTART1 → C1_CORRECT → C2_DISTRACTOR → C2.1_INCORRECT → RESTART2 → C2_INCORRECT → RESTART3 → FAILED",4,FAILED
"C1_DISTRACTOR → C1.1_INCORRECT → RESTART1 → C1_CORRECT → C2_DISTRACTOR → C2.1_INCORRECT → RESTART2 → C2_DISTRACTOR → C2.1_CORRECT → C3_CORRECT → COMPLETE",3,COMPLETE
"C1_DISTRACTOR → C1.1_INCORRECT → RESTART1 → C1_CORRECT → C2_DISTRACTOR → C2.1_INCORRECT → RESTART2 → C2_DISTRACTOR → C2.1_CORRECT → C3_INCORRECT → RESTART3 → FAILED",4,FAILED
"C1_DISTRACTOR → C1.1_INCORRECT → RESTART1 → C1_CORRECT → C2_DISTRACTOR → C2.1_INCORRECT → RESTART2 → C2_DISTRACTOR → C2.1_CORRECT → C3_DISTRACTOR → RESTART3 → FAILED",4,FAILED
"C1_DISTRACTOR → C1.1_INCORRECT → RESTART1 → C1_CORRECT → C2_DISTRACTOR → C2.1_INCORRECT → RESTART2 → C2_DISTRACTOR → C2.1_INCORRECT → RESTART3 → FAILED",4,FAILED
"C1_DISTRACTOR → C1.1_INCORRECT → RESTART1 → C1_CORRECT → C2_DISTRACTOR → C2.1_INCORRECT → RESTART2 → C2_DISTRACTOR → C2.1_DISTRACTOR → RESTART3 → FAILED",4,FAILED
"C1_DISTRACTOR → C1.1_INCORRECT → RESTART1 → C1_CORRECT → C2_DISTRACTOR → C2.1_DISTRACTOR → RESTART2 → C2_CORRECT → C3_CORRECT → COMPLETE",3,COMPLETE
"C1_DISTRACTOR → C1.1_INCORRECT → RESTART1 → C1_CORRECT → C2_DISTRACTOR → C2.1_DISTRACTOR → RESTART2 → C2_CORRECT → C3_INCORRECT → RESTART3 → FAILED",4,FAILED
"C1_DISTRACTOR → C1.1_INCORRECT → RESTART1 → C1_CORRECT → C2_DISTRACTOR → C2.1_DISTRACTOR → RESTART2 → C2_CORRECT → C3_DISTRACTOR → RESTART3 → FAILED",4,FAILED
"C1_DISTRACTOR → C1.1_INCORRECT → RESTART1 → C1_CORRECT → C2_DISTRACTOR → C2.1_DISTRACTOR → RESTART2 → C2_INCORRECT → RESTART3 → FAILED",4,FAILED
"C1_DISTRACTOR → C1.1_INCORRECT → RESTART1 → C1_CORRECT → C2_DISTRACTOR → C2.1_DISTRACTOR → RESTART2 → C2_DISTRACTOR → C2.1_CORRECT → C3_CORRECT → COMPLETE",3,COMPLETE
"C1_DISTRACTOR → C1.1_INCORRECT → RESTART1 → C1_CORRECT → C2_DISTRACTOR → C2.1_DISTRACTOR → RESTART2 → C2_DISTRACTOR → C2.1_CORRECT → C3_INCORRECT → RESTART3 → FAILED",4,FAILED
"C1_DISTRACTOR → C1.1_INCORRECT → RESTART1 → C1_CORRECT → C2_DISTRACTOR → C2.1_DISTRACTOR → RESTART2 → C2_DISTRACTOR → C2.1_CORRECT → C3_DISTRACTOR → RESTART3 → FAILED",4,FAILED
"C1_DISTRACTOR → C1.1_INCORRECT → RESTART1 → C1_CORRECT → C2_DISTRACTOR → C2.1_DISTRACTOR → RESTART2 → C2_DISTRACTOR → C2.1_INCORRECT → RESTART3 → FAILED",4,FAILED
"C1_DISTRACTOR → C1.1_INCORRECT → RESTART1 → C1_CORRECT → C2_DISTRACTOR → C2.1_DISTRACTOR → RESTART2 → C2_DISTRACTOR → C2.1_DISTRACTOR → RESTART3 → FAILED",4,FAILED
"C1_DISTRACTOR → C1.1_INCORRECT → RESTART1 → C1_INCORRECT → C1.2_CORRECT → C2_CORRECT → C3_CORRECT → COMPLETE",2,COMPLETE
"C1_DISTRACTOR → C1.1_INCORRECT → RESTART1 → C1_INCORRECT → C1.2_CORRECT → C2_CORRECT → C3_INCORRECT → RESTART2 → C3_CORRECT → COMPLETE",3,COMPLETE
"C1_DISTRACTOR → C1.1_INCORRECT → RESTART1 → C1_INCORRECT → C1.2_CORRECT → C2_CORRECT → C3_INCORRECT → RESTART2 → C3_INCORRECT → RESTART3 → FAILED",4,FAILED
"C1_DISTRACTOR → C1.1_INCORRECT → RESTART1 → C1_INCORRECT → C1.2_CORRECT → C2_CORRECT → C3_INCORRECT → RESTART2 → C3_DISTRACTOR → RESTART3 → FAILED",4,FAILED
"C1_DISTRACTOR → C1.1_INCORRECT → RESTART1 → C1_INCORRECT → C1.2_CORRECT → C2_CORRECT → C3_DISTRACTOR → RESTART2 → C3_CORRECT → COMPLETE",3,COMPLETE
"C1_DISTRACTOR → C1.1_INCORRECT → RESTART1 → C1_INCORRECT → C1.2_CORRECT → C2_CORRECT → C3_DISTRACTOR → RESTART2 → C3_INCORRECT → RESTART3 → FAILED",4,FAILED
"C1_DISTRACTOR → C1.1_INCORRECT → RESTART1 → C1_INCORRECT → C1.2_CORRECT → C2_CORRECT → C3_DISTRACTOR → RESTART2 → C3_DISTRACTOR → RESTART3 → FAILED",4,FAILED
"C1_DISTRACTOR → C1.1_INCORRECT → RESTART1 → C1_INCORRECT → C1.2_CORRECT → C2_INCORRECT → RESTART2 → C2_CORRECT → C3_CORRECT → COMPLETE",3,COMPLETE
"C1_DISTRACTOR → C1.1_INCORRECT → RESTART1 → C1_INCORRECT → C1.2_CORRECT → C2_INCORRECT → RESTART2 → C2_CORRECT → C3_INCORRECT → RESTART3 → FAILED",4,FAILED
"C1_DISTRACTOR → C1.1_INCORRECT → RESTART1 → C1_INCORRECT → C1.2_CORRECT → C2_INCORRECT → RESTART2 → C2_CORRECT → C3_DISTRACTOR → RESTART3 → FAILED",4,FAILED
"C1_DISTRACTOR → C1.1_INCORRECT → RESTART1 → C1_INCORRECT → C1.2_CORRECT → C2_INCORRECT → RESTART2 → C2_INCORRECT → RESTART3 → FAILED",4,FAILED
"C1_DISTRACTOR → C1.1_INCORRECT → RESTART1 → C1_INCORRECT → C1.2_CORRECT → C2_INCORRECT → RESTART2 → C2_DISTRACTOR → C2.1_CORRECT → C3_CORRECT → COMPLETE",3,COMPLETE
"C1_DISTRACTOR → C1.1_INCORRECT → RESTART1 → C1_INCORRECT → C1.2_CORRECT → C2_INCORRECT → RESTART2 → C2_DISTRACTOR → C2.1_CORRECT → C3_INCORRECT → RESTART3 → FAILED",4,FAILED
"C1_DISTRACTOR → C1.1_INCORRECT → RESTART1 → C1_INCORRECT → C1.2_CORRECT → C2_INCORRECT → RESTART2 → C2_DISTRACTOR → C2.1_CORRECT → C3_DISTRACTOR → RESTART3 → FAILED",4,FAILED
"C1_DISTRACTOR → C1.1_INCORRECT → RESTART1 → C1_INCORRECT → C1.2_CORRECT → C2_INCORRECT → RESTART2 → C2_DISTRACTOR → C2.1_INCORRECT → RESTART3 → FAILED",4,FAILED
"C1_DISTRACTOR → C1.1_INCORRECT → RESTART1 → C1_INCORRECT → C1.2_CORRECT → C2_INCORRECT → RESTART2 → C2_DISTRACTOR → C2.1_DISTRACTOR → RESTART3 → FAILED",4,FAILED
"C1_DISTRACTOR → C1.1_INCORRECT → RESTART1 → C1_INCORRECT → C1.2_CORRECT → C2_DISTRACTOR → C2.1_CORRECT → C3_CORRECT → COMPLETE",2,COMPLETE
"C1_DISTRACTOR → C1.1_INCORRECT → RESTART1 → C1_INCORRECT → C1.2_CORRECT → C2_DISTRACTOR → C2.1_CORRECT → C3_INCORRECT → RESTART2 → C3_CORRECT → COMPLETE",3,COMPLETE
"C1_DISTRACTOR → C1.1_INCORRECT → RESTART1 → C1_INCORRECT → C1.2_CORRECT → C2_DISTRACTOR → C2.1_CORRECT → C3_INCORRECT → RESTART2 → C3_INCORRECT → RESTART3 → FAILED",4,FAILED
"C1_DISTRACTOR → C1.1_INCORRECT → RESTART1 → C1_INCORRECT → C1.2_CORRECT → C2_DISTRACTOR → C2.1_CORRECT → C3_INCORRECT → RESTART2 → C3_DISTRACTOR → RESTART3 → FAILED",4,FAILED
"C1_DISTRACTOR → C1.1_INCORRECT → RESTART1 → C1_INCORRECT → C1.2_CORRECT → C2_DISTRACTOR → C2.1_CORRECT → C3_DISTRACTOR → RESTART2 → C3_CORRECT → COMPLETE",3,COMPLETE
"C1_DISTRACTOR → C1.1_INCORRECT → RESTART1 → C1_INCORRECT → C1.2_CORRECT → C2_DISTRACTOR → C2.1_CORRECT → C3_DISTRACTOR → RESTART2 → C3_INCORRECT → RESTART3 → FAILED",4,FAILED
"C1_DISTRACTOR → C1.1_INCORRECT → RESTART1 → C1_INCORRECT → C1.2_CORRECT → C2_DISTRACTOR → C2.1_CORRECT → C3_DISTRACTOR → RESTART2 → C3_DISTRACTOR → RESTART3 → FAILED",4,FAILED
"C1_DISTRACTOR → C1.1_INCORRECT → RESTART1 → C1_INCORRECT → C1.2_CORRECT → C2_DISTRACTOR → C2.1_INCORRECT → RESTART2 → C2_CORRECT → C3_CORRECT → COMPLETE",3,COMPLETE
"C1_DISTRACTOR → C1.1_INCORRECT → RESTART1 → C1_INCORRECT → C1.2_CORRECT → C2_DISTRACTOR → C2.1_INCORRECT → RESTART2 → C2_CORRECT → C3_INCORRECT → RESTART3 → FAILED",4,FAILED
"C1_DISTRACTOR → C1.1_INCORRECT → RESTART1 → C1_INCORRECT → C1.2_CORRECT → C2_DISTRACTOR → C2.1_INCORRECT → RESTART2 → C2_CORRECT → C3_DISTRACTOR → RESTART3 → FAILED",4,FAILED
"C1_DISTRACTOR → C1.1_INCORRECT → RESTART1 → C1_INCORRECT → C1.2_CORRECT → C2_DISTRACTOR → C2.1_INCORRECT → RESTART2 → C2_INCORRECT → RESTART3 → FAILED",4,FAILED
"C1_DISTRACTOR → C1.1_INCORRECT → RESTART1 → C1_INCORRECT → C1.2_CORRECT → C2_DISTRACTOR → C2.1_INCORRECT → RESTART2 → C2_DISTRACTOR → C2.1_CORRECT → C3_CORRECT → COMPLETE",3,COMPLETE
"C1_DISTRACTOR → C1.1_INCORRECT → RESTART1 → C1_INCORRECT → C1.2_CORRECT → C2_DISTRACTOR → C2.1_INCORRECT → RESTART2 → C2_DISTRACTOR → C2.1_CORRECT → C3_INCORRECT → RESTART3 → FAILED",4,FAILED
"C1_DISTRACTOR → C1.1_INCORRECT → RESTART1 → C1_INCORRECT → C1.2_CORRECT → C2_DISTRACTOR → C2.1_INCORRECT → RESTART2 → C2_DISTRACTOR → C2.1_CORRECT → C3_DISTRACTOR → RESTART3 → FAILED",4,FAILED
"C1_DISTRACTOR → C1.1_INCORRECT → RESTART1 → C1_INCORRECT → C1.2_CORRECT → C2_DISTRACTOR → C2.1_INCORRECT → RESTART2 → C2_DISTRACTOR → C2.1_INCORRECT → RESTART3 → FAILED",4,FAILED
"C1_DISTRACTOR → C1.1_INCORRECT → RESTART1 → C1_INCORRECT → C1.2_CORRECT → C2_DISTRACTOR → C2.1_INCORRECT → RESTART2 → C2_DISTRACTOR → C2.1_DISTRACTOR → RESTART3 → FAILED",4,FAILED
"C1_DISTRACTOR → C1.1_INCORRECT → RESTART1 → C1_INCORRECT → C1.2_CORRECT → C2_DISTRACTOR → C2.1_DISTRACTOR → RESTART2 → C2_CORRECT → C3_CORRECT → COMPLETE",3,COMPLETE
"C1_DISTRACTOR → C1.1_INCORRECT → RESTART1 → C1_INCORRECT → C1.2_CORRECT → C2_DISTRACTOR → C2.1_DISTRACTOR → RESTART2 → C2_CORRECT → C3_INCORRECT → RESTART3 → FAILED",4,FAILED
"C1_DISTRACTOR → C1.1_INCORRECT → RESTART1 → C1_INCORRECT → C1.2_CORRECT → C2_DISTRACTOR → C2.1_DISTRACTOR → RESTART2 → C2_CORRECT → C3_DISTRACTOR → RESTART3 → FAILED",4,FAILED
"C1_DISTRACTOR → C1.1_INCORRECT → RESTART1 → C1_INCORRECT → C1.2_CORRECT → C2_DISTRACTOR → C2.1_DISTRACTOR → RESTART2 → C2_INCORRECT → RESTART3 → FAILED",4,FAILED
"C1_DISTRACTOR → C1.1_INCORRECT → RESTART1 → C1_INCORRECT → C1.2_CORRECT → C2_DISTRACTOR → C2.1_DISTRACTOR → RESTART2 → C2_DISTRACTOR → C2.1_CORRECT → C3_CORRECT → COMPLETE",3,COMPLETE
"C1_DISTRACTOR → C1.1_INCORRECT → RESTART1 → C1_INCORRECT → C1.2_CORRECT → C2_DISTRACTOR → C2.1_DISTRACTOR → RESTART2 → C2_DISTRACTOR → C2.1_CORRECT → C3_INCORRECT → RESTART3 → FAILED",4,FAILED
"C1_DISTRACTOR → C1.1_INCORRECT → RESTART1 → C1_INCORRECT → C1.2_CORRECT → C2_DISTRACTOR → C2.1_DISTRACTOR → RESTART2 → C2_DISTRACTOR → C2.1_CORRECT → C3_DISTRACTOR → RESTART3 → FAILED",4,FAILED
"C1_DISTRACTOR → C1.1_INCORRECT → RESTART1 → C1_INCORRECT → C1.2_CORRECT → C2_DISTRACTOR → C2.1_DISTRACTOR → RESTART2 → C2_DISTRACTOR → C2.1_INCORRECT → RESTART3 → FAILED",4,FAILED
"C1_DISTRACTOR → C1.1_INCORRECT → RESTART1 → C1_INCORRECT → C1.2_CORRECT → C2_DISTRACTOR → C2.1_DISTRACTOR → RESTART2 → C2_DISTRACTOR → C2.1_DISTRACTOR → RESTART3 → FAILED",4,FAILED
"C1_DISTRACTOR → C1.1_INCORRECT → RESTART1 → C1_INCORRECT → C1.2_INCORRECT → RESTART2 → C1_CORRECT → C2_CORRECT → C3_CORRECT → COMPLETE",3,COMPLETE
"C1_DISTRACTOR → C1.1_INCORRECT → RESTART1 → C1_INCORRECT → C1.2_INCORRECT → RESTART2 → C1_CORRECT → C2_CORRECT → C3_INCORRECT → RESTART3 → FAILED",4,FAILED
"C1_DISTRACTOR → C1.1_INCORRECT → RESTART1 → C1_INCORRECT → C1.2_INCORRECT → RESTART2 → C1_CORRECT → C2_CORRECT → C3_DISTRACTOR → RESTART3 → FAILED",4,FAILED
"C1_DISTRACTOR → C1.1_INCORRECT → RESTART1 → C1_INCORRECT → C1.2_INCORRECT → RESTART2 → C1_CORRECT → C2_INCORRECT → RESTART3 → FAILED",4,FAILED
"C1_DISTRACTOR → C1.1_INCORRECT → RESTART1 → C1_INCORRECT → C1.2_INCORRECT → RESTART2 → C1_CORRECT → C2_DISTRACTOR → C2.1_CORRECT → C3_CORRECT → COMPLETE",3,COMPLETE
"C1_DISTRACTOR → C1.1_INCORRECT → RESTART1 → C1_INCORRECT → C1.2_INCORRECT → RESTART2 → C1_CORRECT → C2_DISTRACTOR → C2.1_CORRECT → C3_INCORRECT → RESTART3 → FAILED",4,FAILED
"C1_DISTRACTOR → C1.1_INCORRECT → RESTART1 → C1_INCORRECT → C1.2_INCORRECT → RESTART2 → C1_CORRECT → C2_DISTRACTOR → C2.1_CORRECT → C3_DISTRACTOR → RESTART3 → FAILED",4,FAILED
"C1_DISTRACTOR → C1.1_INCORRECT → RESTART1 → C1_INCORRECT → C1.2_INCORRECT → RESTART2 → C1_CORRECT → C2_DISTRACTOR → C2.1_INCORRECT → RESTART3 → FAILED",4,FAILED
"C1_DISTRACTOR → C1.1_INCORRECT → RESTART1 → C1_INCORRECT → C1.2_INCORRECT → RESTART2 → C1_CORRECT → C2_DISTRACTOR → C2.1_DISTRACTOR → RESTART3 → FAILED",4,FAILED
"C1_DISTRACTOR → C1.1_INCORRECT → RESTART1 → C1_INCORRECT → C1.2_INCORRECT → RESTART2 → C1_INCORRECT → C1.2_CORRECT → C2_CORRECT → C3_CORRECT → COMPLETE",3,COMPLETE
"C1_DISTRACTOR → C1.1_INCORRECT → RESTART1 → C1_INCORRECT → C1.2_INCORRECT → RESTART2 → C1_INCORRECT → C1.2_CORRECT → C2_CORRECT → C3_INCORRECT → RESTART3 → FAILED",4,FAILED
"C1_DISTRACTOR → C1.1_INCORRECT → RESTART1 → C1_INCORRECT → C1.2_INCORRECT → RESTART2 → C1_INCORRECT → C1.2_CORRECT → C2_CORRECT → C3_DISTRACTOR → RESTART3 → FAILED",4,FAILED
"C1_DISTRACTOR → C1.1_INCORRECT → RESTART1 → C1_INCORRECT → C1.2_INCORRECT → RESTART2 → C1_INCORRECT → C1.2_CORRECT → C2_INCORRECT → RESTART3 → FAILED",4,FAILED
"C1_DISTRACTOR → C1.1_INCORRECT → RESTART1 → C1_INCORRECT → C1.2_INCORRECT → RESTART2 → C1_INCORRECT → C1.2_CORRECT → C2_DISTRACTOR → C2.1_CORRECT → C3_CORRECT → COMPLETE",3,COMPLETE
"C1_DISTRACTOR → C1.1_INCORRECT → RESTART1 → C1_INCORRECT → C1.2_INCORRECT → RESTART2 → C1_INCORRECT → C1.2_CORRECT → C2_DISTRACTOR → C2.1_CORRECT → C3_INCORRECT → RESTART3 → FAILED",4,FAILED
"C1_DISTRACTOR → C1.1_INCORRECT → RESTART1 → C1_INCORRECT → C1.2_INCORRECT → RESTART2 → C1_INCORRECT → C1.2_CORRECT → C2_DISTRACTOR → C2.1_CORRECT → C3_DISTRACTOR → RESTART3 → FAILED",4,FAILED
"C1_DISTRACTOR → C1.1_INCORRECT → RESTART1 → C1_INCORRECT → C1.2_INCORRECT → RESTART2 → C1_INCORRECT → C1.2_CORRECT → C2_DISTRACTOR → C2.1_INCORRECT → RESTART3 → FAILED",4,FAILED
"C1_DISTRACTOR → C1.1_INCORRECT → RESTART1 → C1_INCORRECT → C1.2_INCORRECT → RESTART2 → C1_INCORRECT → C1.2_CORRECT → C2_DISTRACTOR → C2.1_DISTRACTOR → RESTART3 → FAILED",4,FAILED
"C1_DISTRACTOR → C1.1_INCORRECT → RESTART1 → C1_INCORRECT → C1.2_INCORRECT → RESTART2 → C1_INCORRECT → C1.2_INCORRECT → RESTART3 → FAILED",4,FAILED
"C1_DISTRACTOR → C1.1_INCORRECT → RESTART1 → C1_INCORRECT → C1.2_INCORRECT → RESTART2 → C1_INCORRECT → C1.2_DISTRACTOR → RESTART3 → FAILED",4,FAILED
"C1_DISTRACTOR → C1.1_INCORRECT → RESTART1 → C1_INCORRECT → C1.2_INCORRECT → RESTART2 → C1_DISTRACTOR → C1.1_CORRECT → C2_CORRECT → C3_CORRECT → COMPLETE",3,COMPLETE
"C1_DISTRACTOR → C1.1_INCORRECT → RESTART1 → C1_INCORRECT → C1.2_INCORRECT → RESTART2 → C1_DISTRACTOR → C1.1_CORRECT → C2_CORRECT → C3_INCORRECT → RESTART3 → FAILED",4,FAILED
"C1_DISTRACTOR → C1.1_INCORRECT → RESTART1 → C1_INCORRECT → C1.2_INCORRECT → RESTART2 → C1_DISTRACTOR → C1.1_CORRECT → C2_CORRECT → C3_DISTRACTOR → RESTART3 → FAILED",4,FAILED
"C1_DISTRACTOR → C1.1_INCORRECT → RESTART1 → C1_INCORRECT → C1.2_INCORRECT → RESTART2 → C1_DISTRACTOR → C1.1_CORRECT → C2_INCORRECT → RESTART3 → FAILED",4,FAILED
"C1_DISTRACTOR → C1.1_INCORRECT → RESTART1 → C1_INCORRECT → C1.2_INCORRECT → RESTART2 → C1_DISTRACTOR → C1.1_CORRECT → C2_DISTRACTOR → C2.1_CORRECT → C3_CORRECT → COMPLETE",3,COMPLETE
"C1_DISTRACTOR → C1.1_INCORRECT → RESTART1 → C1_INCORRECT → C1.2_INCORRECT → RESTART2 → C1_DISTRACTOR → C1.1_CORRECT → C2_DISTRACTOR → C2.1_CORRECT → C3_INCORRECT → RESTART3 → FAILED",4,FAILED
"C1_DISTRACTOR → C1.1_INCORRECT → RESTART1 → C1_INCORRECT → C1.2_INCORRECT → RESTART2 → C1_DISTRACTOR → C1.1_CORRECT → C2_DISTRACTOR → C2.1_CORRECT → C3_DISTRACTOR → RESTART3 → FAILED",4,FAILED
"C1_DISTRACTOR → C1.1_INCORRECT → RESTART1 → C1_INCORRECT → C1.2_INCORRECT → RESTART2 → C1_DISTRACTOR → C1.1_CORRECT → C2_DISTRACTOR → C2.1_INCORRECT → RESTART3 → FAILED",4,FAILED
"C1_DISTRACTOR → C1.1_INCORRECT → RESTART1 → C1_INCORRECT → C1.2_INCORRECT → RESTART2 → C1_DISTRACTOR → C1.1_CORRECT → C2_DISTRACTOR → C2.1_DISTRACTOR → RESTART3 → FAILED",4,FAILED
"C1_DISTRACTOR → C1.1_INCORRECT → RESTART1 → C1_INCORRECT → C1.2_INCORRECT → RESTART2 → C1_DISTRACTOR → C1.1_INCORRECT → RESTART3 → FAILED",4,FAILED
"C1_DISTRACTOR → C1.1_INCORRECT → RESTART1 → C1_INCORRECT → C1.2_INCORRECT → RESTART2 → C1_DISTRACTOR → C1.1_DISTRACTOR → C1.1.1_CORRECT → C2_CORRECT → C3_CORRECT → COMPLETE",3,COMPLETE
"C1_DISTRACTOR → C1.1_INCORRECT → RESTART1 → C1_INCORRECT → C1.2_INCORRECT → RESTART2 → C1_DISTRACTOR → C1.1_DISTRACTOR → C1.1.1_CORRECT → C2_CORRECT → C3_INCORRECT → RESTART3 → FAILED",4,FAILED
"C1_DISTRACTOR → C1.1_INCORRECT → RESTART1 → C1_INCORRECT → C1.2_INCORRECT → RESTART2 → C1_DISTRACTOR → C1.1_DISTRACTOR → C1.1.1_CORRECT → C2_CORRECT → C3_DISTRACTOR → RESTART3 → FAILED",4,FAILED
"C1_DISTRACTOR → C1.1_INCORRECT → RESTART1 → C1_INCORRECT → C1.2_INCORRECT → RESTART2 → C1_DISTRACTOR → C1.1_DISTRACTOR → C1.1.1_CORRECT → C2_INCORRECT → RESTART3 → FAILED",4,FAILED
"C1_DISTRACTOR → C1.1_INCORRECT → RESTART1 → C1_INCORRECT → C1.2_INCORRECT → RESTART2 → C1_DISTRACTOR → C1.1_DISTRACTOR → C1.1.1_CORRECT → C2_DISTRACTOR → C2.1_CORRECT → C3_CORRECT → COMPLETE",3,COMPLETE
"C1_DISTRACTOR → C1.1_INCORRECT → RESTART1 → C1_INCORRECT → C1.2_INCORRECT → RESTART2 → C1_DISTRACTOR → C1.1_DISTRACTOR → C1.1.1_CORRECT → C2_DISTRACTOR → C2.1_CORRECT → C3_INCORRECT → RESTART3 → FAILED",4,FAILED
"C1_DISTRACTOR → C1.1_INCORRECT → RESTART1 → C1_INCORRECT → C1.2_INCORRECT → RESTART2 → C1_DISTRACTOR → C1.1_DISTRACTOR → C1.1.1_CORRECT → C2_DISTRACTOR → C2.1_CORRECT → C3_DISTRACTOR → RESTART3 → FAILED",4,FAILED
"C1_DISTRACTOR → C1.1_INCORRECT → RESTART1 → C1_INCORRECT → C1.2_INCORRECT → RESTART2 → C1_DISTRACTOR → C1.1_DISTRACTOR → C1.1.1_CORRECT → C2_DISTRACTOR → C2.1_INCORRECT → RESTART3 → FAILED",4,FAILED
"C1_DISTRACTOR → C1.1_INCORRECT → RESTART1 → C1_INCORRECT → C1.2_INCORRECT → RESTART2 → C1_DISTRACTOR → C1.1_DISTRACTOR → C1.1.1_CORRECT → C2_DISTRACTOR → C2.1_DISTRACTOR → RESTART3 → FAILED",4,FAILED
"C1_DISTRACTOR → C1.1_INCORRECT → RESTART1 → C1_INCORRECT → C1.2_INCORRECT → RESTART2 → C1_DISTRACTOR → C1.1_DISTRACTOR → C1.1.1_INCORRECT → RESTART3 → FAILED",4,FAILED
"C1_DISTRACTOR → C1.1_INCORRECT → RESTART1 → C1_INCORRECT → C1.2_INCORRECT → RESTART2 → C1_DISTRACTOR → C1.1_DISTRACTOR → C1.1.1_DISTRACTOR → RESTART3 → FAILED",4,FAILED
"C1_DISTRACTOR → C1.1_INCORRECT → RESTART1 → C1_INCORRECT → C1.2_DISTRACTOR → RESTART2 → C1_CORRECT → C2_CORRECT → C3_CORRECT → COMPLETE",3,COMPLETE
"C1_DISTRACTOR → C1.1_INCORRECT → RESTART1 → C1_INCORRECT → C1.2_DISTRACTOR → RESTART2 → C1_CORRECT → C2_CORRECT → C3_INCORRECT → RESTART3 → FAILED",4,FAILED
"C1_DISTRACTOR → C1.1_INCORRECT → RESTART1 → C1_INCORRECT → C1.2_DISTRACTOR → RESTART2 → C1_CORRECT → C2_CORRECT → C3_DISTRACTOR → RESTART3 → FAILED",4,FAILED
"C1_DISTRACTOR → C1.1_INCORRECT → RESTART1 → C1_INCORRECT → C1.2_DISTRACTOR → RESTART2 → C1_CORRECT → C2_INCORRECT → RESTART3 → FAILED",4,FAILED
"C1_DISTRACTOR → C1.1_INCORRECT → RESTART1 → C1_INCORRECT → C1.2_DISTRACTOR → RESTART2 → C1_CORRECT → C2_DISTRACTOR → C2.1_CORRECT → C3_CORRECT → COMPLETE",3,COMPLETE
"C1_DISTRACTOR → C1.1_INCORRECT → RESTART1 → C1_INCORRECT → C1.2_DISTRACTOR → RESTART2 → C1_CORRECT → C2_DISTRACTOR → C2.1_CORRECT → C3_INCORRECT → RESTART3 → FAILED",4,FAILED
"C1_DISTRACTOR → C1.1_INCORRECT → RESTART1 → C1_INCORRECT → C1.2_DISTRACTOR → RESTART2 → C1_CORRECT → C2_DISTRACTOR → C2.1_CORRECT → C3_DISTRACTOR → RESTART3 → FAILED",4,FAILED
"C1_DISTRACTOR → C1.1_INCORRECT → RESTART1 → C1_INCORRECT → C1.2_DISTRACTOR → RESTART2 → C1_CORRECT → C2_DISTRACTOR → C2.1_INCORRECT → RESTART3 → FAILED",4,FAILED
"C1_DISTRACTOR → C1.1_INCORRECT → RESTART1 → C1_INCORRECT → C1.2_DISTRACTOR → RESTART2 → C1_CORRECT → C2_DISTRACTOR → C2.1_DISTRACTOR → RESTART3 → FAILED",4,FAILED
"C1_DISTRACTOR → C1.1_INCORRECT → RESTART1 → C1_INCORRECT → C1.2_DISTRACTOR → RESTART2 → C1_INCORRECT → C1.2_CORRECT → C2_CORRECT → C3_CORRECT → COMPLETE",3,COMPLETE
"C1_DISTRACTOR → C1.1_INCORRECT → RESTART1 → C1_INCORRECT → C1.2_DISTRACTOR → RESTART2 → C1_INCORRECT → C1.2_CORRECT → C2_CORRECT → C3_INCORRECT → RESTART3 → FAILED",4,FAILED
"C1_DISTRACTOR → C1.1_INCORRECT → RESTART1 → C1_INCORRECT → C1.2_DISTRACTOR → RESTART2 → C1_INCORRECT → C1.2_CORRECT → C2_CORRECT → C3_DISTRACTOR → RESTART3 → FAILED",4,FAILED
"C1_DISTRACTOR → C1.1_INCORRECT → RESTART1 → C1_INCORRECT → C1.2_DISTRACTOR → RESTART2 → C1_INCORRECT → C1.2_CORRECT → C2_INCORRECT → RESTART3 → FAILED",4,FAILED
"C1_DISTRACTOR → C1.1_INCORRECT → RESTART1 → C1_INCORRECT → C1.2_DISTRACTOR → RESTART2 → C1_INCORRECT → C1.2_CORRECT → C2_DISTRACTOR → C2.1_CORRECT → C3_CORRECT → COMPLETE",3,COMPLETE
"C1_DISTRACTOR → C1.1_INCORRECT → RESTART1 → C1_INCORRECT → C1.2_DISTRACTOR → RESTART2 → C1_INCORRECT → C1.2_CORRECT → C2_DISTRACTOR → C2.1_CORRECT → C3_INCORRECT → RESTART3 → FAILED",4,FAILED
"C1_DISTRACTOR → C1.1_INCORRECT → RESTART1 → C1_INCORRECT → C1.2_DISTRACTOR → RESTART2 → C1_INCORRECT → C1.2_CORRECT → C2_DISTRACTOR → C2.1_CORRECT → C3_DISTRACTOR → RESTART3 → FAILED",4,FAILED
"C1_DISTRACTOR → C1.1_INCORRECT → RESTART1 → C1_INCORRECT → C1.2_DISTRACTOR → RESTART2 → C1_INCORRECT → C1.2_CORRECT → C2_DISTRACTOR → C2.1_INCORRECT → RESTART3 → FAILED",4,FAILED
"C1_DISTRACTOR → C1.1_INCORRECT → RESTART1 → C1_INCORRECT → C1.2_DISTRACTOR → RESTART2 → C1_INCORRECT → C1.2_CORRECT → C2_DISTRACTOR → C2.1_DISTRACTOR → RESTART3 → FAILED",4,FAILED
"C1_DISTRACTOR → C1.1_INCORRECT → RESTART1 → C1_INCORRECT → C1.2_DISTRACTOR → RESTART2 → C1_INCORRECT → C1.2_INCORRECT → RESTART3 → FAILED",4,FAILED
"C1_DISTRACTOR → C1.1_INCORRECT → RESTART1 → C1_INCORRECT → C1.2_DISTRACTOR → RESTART2 → C1_INCORRECT → C1.2_DISTRACTOR → RESTART3 → FAILED",4,FAILED
"C1_DISTRACTOR → C1.1_INCORRECT → RESTART1 → C1_INCORRECT → C1.2_DISTRACTOR → RESTART2 → C1_DISTRACTOR → C1.1_CORRECT → C2_CORRECT → C3_CORRECT → COMPLETE",3,COMPLETE
"C1_DISTRACTOR → C1.1_INCORRECT → RESTART1 → C1_INCORRECT → C1.2_DISTRACTOR → RESTART2 → C1_DISTRACTOR → C1.1_CORRECT → C2_CORRECT → C3_INCORRECT → RESTART3 → FAILED",4,FAILED
"C1_DISTRACTOR → C1.1_INCORRECT → RESTART1 → C1_INCORRECT → C1.2_DISTRACTOR → RESTART2 → C1_DISTRACTOR → C1.1_CORRECT → C2_CORRECT → C3_DISTRACTOR → RESTART3 → FAILED",4,FAILED
"C1_DISTRACTOR → C1.1_INCORRECT → RESTART1 → C1_INCORRECT → C1.2_DISTRACTOR → RESTART2 → C1_DISTRACTOR → C1.1_CORRECT → C2_INCORRECT → RESTART3 → FAILED",4,FAILED
"C1_DISTRACTOR → C1.1_INCORRECT → RESTART1 → C1_INCORRECT → C1.2_DISTRACTOR → RESTART2 → C1_DISTRACTOR → C1.1_CORRECT → C2_DISTRACTOR → C2.1_CORRECT → C3_CORRECT → COMPLETE",3,COMPLETE
"C1_DISTRACTOR → C1.1_INCORRECT → RESTART1 → C1_INCORRECT → C1.2_DISTRACTOR → RESTART2 → C1_DISTRACTOR → C1.1_CORRECT → C2_DISTRACTOR → C2.1_CORRECT → C3_INCORRECT → RESTART3 → FAILED",4,FAILED
"C1_DISTRACTOR → C1.1_INCORRECT → RESTART1 → C1_INCORRECT → C1.2_DISTRACTOR → RESTART2 → C1_DISTRACTOR → C1.1_CORRECT → C2_DISTRACTOR → C2.1_CORRECT → C3_DISTRACTOR → RESTART3 → FAILED",4,FAILED
"C1_DISTRACTOR → C1.1_INCORRECT → RESTART1 → C1_INCORRECT → C1.2_DISTRACTOR → RESTART2 → C1_DISTRACTOR → C1.1_CORRECT → C2_DISTRACTOR → C2.1_INCORRECT → RESTART3 → FAILED",4,FAILED
"C1_DISTRACTOR → C1.1_INCORRECT → RESTART1 → C1_INCORRECT → C1.2_DISTRACTOR → RESTART2 → C1_DISTRACTOR → C1.1_CORRECT → C2_DISTRACTOR → C2.1_DISTRACTOR → RESTART3 → FAILED",4,FAILED
"C1_DISTRACTOR → C1.1_INCORRECT → RESTART1 → C1_INCORRECT → C1.2_DISTRACTOR → RESTART2 → C1_DISTRACTOR → C1.1_INCORRECT → RESTART3 → FAILED",4,FAILED
"C1_DISTRACTOR → C1.1_INCORRECT → RESTART1 → C1_INCORRECT → C1.2_DISTRACTOR → RESTART2 → C1_DISTRACTOR → C1.1_DISTRACTOR → C1.1.1_CORRECT → C2_CORRECT → C3_CORRECT → COMPLETE",3,COMPLETE
"C1_DISTRACTOR → C1.1_INCORRECT → RESTART1 → C1_INCORRECT → C1.2_DISTRACTOR → RESTART2 → C1_DISTRACTOR → C1.1_DISTRACTOR → C1.1.1_CORRECT → C2_CORRECT → C3_INCORRECT → RESTART3 → FAILED",4,FAILED
"C1_DISTRACTOR → C1.1_INCORRECT → RESTART1 → C1_INCORRECT → C1.2_DISTRACTOR → RESTART2 → C1_DISTRACTOR → C1.1_DISTRACTOR → C1.1.1_CORRECT → C2_CORRECT → C3_DISTRACTOR → RESTART3 → FAILED",4,FAILED
"C1_DISTRACTOR → C1.1_INCORRECT → RESTART1 → C1_INCORRECT → C1.2_DISTRACTOR → RESTART2 → C1_DISTRACTOR → C1.1_DISTRACTOR → C1.1.1_CORRECT → C2_INCORRECT → RESTART3 → FAILED",4,FAILED
"C1_DISTRACTOR → C1.1_INCORRECT → RESTART1 → C1_INCORRECT → C1.2_DISTRACTOR → RESTART2 → C1_DISTRACTOR → C1.1_DISTRACTOR → C1.1.1_CORRECT → C2_DISTRACTOR → C2.1_CORRECT → C3_CORRECT → COMPLETE",3,COMPLETE
"C1_DISTRACTOR → C1.1_INCORRECT → RESTART1 → C1_INCORRECT → C1.2_DISTRACTOR → RESTART2 → C1_DISTRACTOR → C1.1_DISTRACTOR → C1.1.1_CORRECT → C2_DISTRACTOR → C2.1_CORRECT → C3_INCORRECT → RESTART3 → FAILED",4,FAILED
"C1_DISTRACTOR → C1.1_INCORRECT → RESTART1 → C1_INCORRECT → C1.2_DISTRACTOR → RESTART2 → C1_DISTRACTOR → C1.1_DISTRACTOR → C1.1.1_CORRECT → C2_DISTRACTOR → C2.1_CORRECT → C3_DISTRACTOR → RESTART3 → FAILED",4,FAILED
"C1_DISTRACTOR → C1.1_INCORRECT → RESTART1 → C1_INCORRECT → C1.2_DISTRACTOR → RESTART2 → C1_DISTRACTOR → C1.1_DISTRACTOR → C1.1.1_CORRECT → C2_DISTRACTOR → C2.1_INCORRECT → RESTART3 → FAILED",4,FAILED
"C1_DISTRACTOR → C1.1_INCORRECT → RESTART1 → C1_INCORRECT → C1.2_DISTRACTOR → RESTART2 → C1_DISTRACTOR → C1.1_DISTRACTOR → C1.1.1_CORRECT → C2_DISTRACTOR → C2.1_DISTRACTOR → RESTART3 → FAILED",4,FAILED
"C1_DISTRACTOR → C1.1_INCORRECT → RESTART1 → C1_INCORRECT → C1.2_DISTRACTOR → RESTART2 → C1_DISTRACTOR → C1.1_DISTRACTOR → C1.1.1_INCORRECT → RESTART3 → FAILED",4,FAILED
"C1_DISTRACTOR → C1.1_INCORRECT → RESTART1 → C1_INCORRECT → C1.2_DISTRACTOR → RESTART2 → C1_DISTRACTOR → C1.1_DISTRACTOR → C1.1.1_DISTRACTOR → RESTART3 → FAILED",4,FAILED
"C1_DISTRACTOR → C1.1_INCORRECT → RESTART1 → C1_DISTRACTOR → C1.1_CORRECT → C2_CORRECT → C3_CORRECT → COMPLETE",2,COMPLETE
"C1_DISTRACTOR → C1.1_INCORRECT → RESTART1 → C1_DISTRACTOR → C1.1_CORRECT → C2_CORRECT → C3_INCORRECT → RESTART2 → C3_CORRECT → COMPLETE",3,COMPLETE
"C1_DISTRACTOR → C1.1_INCORRECT → RESTART1 → C1_DISTRACTOR → C1.1_CORRECT → C2_CORRECT → C3_INCORRECT → RESTART2 → C3_INCORRECT → RESTART3 → FAILED",4,FAILED
"C1_DISTRACTOR → C1.1_INCORRECT → RESTART1 → C1_DISTRACTOR → C1.1_CORRECT → C2_CORRECT → C3_INCORRECT → RESTART2 → C3_DISTRACTOR → RESTART3 → FAILED",4,FAILED
"C1_DISTRACTOR → C1.1_INCORRECT → RESTART1 → C1_DISTRACTOR → C1.1_CORRECT → C2_CORRECT → C3_DISTRACTOR → RESTART2 → C3_CORRECT → COMPLETE",3,COMPLETE
"C1_DISTRACTOR → C1.1_INCORRECT → RESTART1 → C1_DISTRACTOR → C1.1_CORRECT → C2_CORRECT → C3_DISTRACTOR → RESTART2 → C3_INCORRECT → RESTART3 → FAILED",4,FAILED
"C1_DISTRACTOR → C1.1_INCORRECT → RESTART1 → C1_DISTRACTOR → C1.1_CORRECT → C2_CORRECT → C3_DISTRACTOR → RESTART2 → C3_DISTRACTOR → RESTART3 → FAILED",4,FAILED
"C1_DISTRACTOR → C1.1_INCORRECT → RESTART1 → C1_DISTRACTOR → C1.1_CORRECT → C2_INCORRECT → RESTART2 → C2_CORRECT → C3_CORRECT → COMPLETE",3,COMPLETE
"C1_DISTRACTOR → C1.1_INCORRECT → RESTART1 → C1_DISTRACTOR → C1.1_CORRECT → C2_INCORRECT → RESTART2 → C2_CORRECT → C3_INCORRECT → RESTART3 → FAILED",4,FAILED
"C1_DISTRACTOR → C1.1_INCORRECT → RESTART1 → C1_DISTRACTOR → C1.1_CORRECT → C2_INCORRECT → RESTART2 → C2_CORRECT → C3_DISTRACTOR → RESTART3 → FAILED",4,FAILED
"C1_DISTRACTOR → C1.1_INCORRECT → RESTART1 → C1_DISTRACTOR → C1.1_CORRECT → C2_INCORRECT → RESTART2 → C2_INCORRECT → RESTART3 → FAILED",4,FAILED
"C1_DISTRACTOR → C1.1_INCORRECT → RESTART1 → C1_DISTRACTOR → C1.1_CORRECT → C2_INCORRECT → RESTART2 → C2_DISTRACTOR → C2.1_CORRECT → C3_CORRECT → COMPLETE",3,COMPLETE
"C1_DISTRACTOR → C1.1_INCORRECT → RESTART1 → C1_DISTRACTOR → C1.1_CORRECT → C2_INCORRECT → RESTART2 → C2_DISTRACTOR → C2.1_CORRECT → C3_INCORRECT → RESTART3 → FAILED",4,FAILED
"C1_DISTRACTOR → C1.1_INCORRECT → RESTART1 → C1_DISTRACTOR → C1.1_CORRECT → C2_INCORRECT → RESTART2 → C2_DISTRACTOR → C2.1_CORRECT → C3_DISTRACTOR → RESTART3 → FAILED",4,FAILED
"C1_DISTRACTOR → C1.1_INCORRECT → RESTART1 → C1_DISTRACTOR → C1.1_CORRECT → C2_INCORRECT → RESTART2 → C2_DISTRACTOR → C2.1_INCORRECT → RESTART3 → FAILED",4,FAILED
"C1_DISTRACTOR → C1.1_INCORRECT → RESTART1 → C1_DISTRACTOR → C1.1_CORRECT → C2_INCORRECT → RESTART2 → C2_DISTRACTOR → C2.1_DISTRACTOR → RESTART3 → FAILED",4,FAILED
"C1_DISTRACTOR → C1.1_INCORRECT → RESTART1 → C1_DISTRACTOR → C1.1_CORRECT → C2_DISTRACTOR → C2.1_CORRECT → C3_CORRECT → COMPLETE",2,COMPLETE
"C1_DISTRACTOR → C1.1_INCORRECT → RESTART1 → C1_DISTRACTOR → C1.1_CORRECT → C2_DISTRACTOR → C2.1_CORRECT → C3_INCORRECT → RESTART2 → C3_CORRECT → COMPLETE",3,COMPLETE
"C1_DISTRACTOR → C1.1_INCORRECT → RESTART1 → C1_DISTRACTOR → C1.1_CORRECT → C2_DISTRACTOR → C2.1_CORRECT → C3_INCORRECT → RESTART2 → C3_INCORRECT → RESTART3 → FAILED",4,FAILED
"C1_DISTRACTOR → C1.1_INCORRECT → RESTART1 → C1_DISTRACTOR → C1.1_CORRECT → C2_DISTRACTOR → C2.1_CORRECT → C3_INCORRECT → RESTART2 → C3_DISTRACTOR → RESTART3 → FAILED",4,FAILED
"C1_DISTRACTOR → C1.1_INCORRECT → RESTART1 → C1_DISTRACTOR → C1.1_CORRECT → C2_DISTRACTOR → C2.1_CORRECT → C3_DISTRACTOR → RESTART2 → C3_CORRECT → COMPLETE",3,COMPLETE
"C1_DISTRACTOR → C1.1_INCORRECT → RESTART1 → C1_DISTRACTOR → C1.1_CORRECT → C2_DISTRACTOR → C2.1_CORRECT → C3_DISTRACTOR → RESTART2 → C3_INCORRECT → RESTART3 → FAILED",4,FAILED
"C1_DISTRACTOR → C1.1_INCORRECT → RESTART1 → C1_DISTRACTOR → C1.1_CORRECT → C2_DISTRACTOR → C2.1_CORRECT → C3_DISTRACTOR → RESTART2 → C3_DISTRACTOR → RESTART3 → FAILED",4,FAILED
"C1_DISTRACTOR → C1.1_INCORRECT → RESTART1 → C1_DISTRACTOR → C1.1_CORRECT → C2_DISTRACTOR → C2.1_INCORRECT → RESTART2 → C2_CORRECT → C3_CORRECT → COMPLETE",3,COMPLETE
"C1_DISTRACTOR → C1.1_INCORRECT → RESTART1 → C1_DISTRACTOR → C1.1_CORRECT → C2_DISTRACTOR → C2.1_INCORRECT → RESTART2 → C2_CORRECT → C3_INCORRECT → RESTART3 → FAILED",4,FAILED
"C1_DISTRACTOR → C1.1_INCORRECT → RESTART1 → C1_DISTRACTOR → C1.1_CORRECT → C2_DISTRACTOR → C2.1_INCORRECT → RESTART2 → C2_CORRECT → C3_DISTRACTOR → RESTART3 → FAILED",4,FAILED
"C1_DISTRACTOR → C1.1_INCORRECT → RESTART1 → C1_DISTRACTOR → C1.1_CORRECT → C2_DISTRACTOR → C2.1_INCORRECT → RESTART2 → C2_INCORRECT → RESTART3 → FAILED",4,FAILED
"C1_DISTRACTOR → C1.1_INCORRECT → RESTART1 → C1_DISTRACTOR → C1.1_CORRECT → C2_DISTRACTOR → C2.1_INCORRECT → RESTART2 → C2_DISTRACTOR → C2.1_CORRECT → C3_CORRECT → COMPLETE",3,COMPLETE
"C1_DISTRACTOR → C1.1_INCORRECT → RESTART1 → C1_DISTRACTOR → C1.1_CORRECT → C2_DISTRACTOR → C2.1_INCORRECT → RESTART2 → C2_DISTRACTOR → C2.1_CORRECT → C3_INCORRECT → RESTART3 → FAILED",4,FAILED
"C1_DISTRACTOR → C1.1_INCORRECT → RESTART1 → C1_DISTRACTOR → C1.1_CORRECT → C2_DISTRACTOR → C2.1_INCORRECT → RESTART2 → C2_DISTRACTOR → C2.1_CORRECT → C3_DISTRACTOR → RESTART3 → FAILED",4,FAILED
"C1_DISTRACTOR → C1.1_INCORRECT → RESTART1 → C1_DISTRACTOR → C1.1_CORRECT → C2_DISTRACTOR → C2.1_INCORRECT → RESTART2 → C2_DISTRACTOR → C2.1_INCORRECT → RESTART3 → FAILED",4,FAILED
"C1_DISTRACTOR → C1.1_INCORRECT → RESTART1 → C1_DISTRACTOR → C1.1_CORRECT → C2_DISTRACTOR → C2.1_INCORRECT → RESTART2 → C2_DISTRACTOR → C2.1_DISTRACTOR → RESTART3 → FAILED",4,FAILED
"C1_DISTRACTOR → C1.1_INCORRECT → RESTART1 → C1_DISTRACTOR → C1.1_CORRECT → C2_DISTRACTOR → C2.1_DISTRACTOR → RESTART2 → C2_CORRECT → C3_CORRECT → COMPLETE",3,COMPLETE
"C1_DISTRACTOR → C1.1_INCORRECT → RESTART1 → C1_DISTRACTOR → C1.1_CORRECT → C2_DISTRACTOR → C2.1_DISTRACTOR → RESTART2 → C2_CORRECT → C3_INCORRECT → RESTART3 → FAILED",4,FAILED
"C1_DISTRACTOR → C1.1_INCORRECT → RESTART1 → C1_DISTRACTOR → C1.1_CORRECT → C2_DISTRACTOR → C2.1_DISTRACTOR → RESTART2 → C2_CORRECT → C3_DISTRACTOR → RESTART3 → FAILED",4,FAILED
"C1_DISTRACTOR → C1.1_INCORRECT → RESTART1 → C1_DISTRACTOR → C1.1_CORRECT → C2_DISTRACTOR → C2.1_DISTRACTOR → RESTART2 → C2_INCORRECT → RESTART3 → FAILED",4,FAILED
"C1_DISTRACTOR → C1.1_INCORRECT → RESTART1 → C1_DISTRACTOR → C1.1_CORRECT → C2_DISTRACTOR → C2.1_DISTRACTOR → RESTART2 → C2_DISTRACTOR → C2.1_CORRECT → C3_CORRECT → COMPLETE",3,COMPLETE
"C1_DISTRACTOR → C1.1_INCORRECT → RESTART1 → C1_DISTRACTOR → C1.1_CORRECT → C2_DISTRACTOR → C2.1_DISTRACTOR → RESTART2 → C2_DISTRACTOR → C2.1_CORRECT → C3_INCORRECT → RESTART3 → FAILED",4,FAILED
"C1_DISTRACTOR → C1.1_INCORRECT → RESTART1 → C1_DISTRACTOR → C1.1_CORRECT → C2_DISTRACTOR → C2.1_DISTRACTOR → RESTART2 → C2_DISTRACTOR → C2.1_CORRECT → C3_DISTRACTOR → RESTART3 → FAILED",4,FAILED
"C1_DISTRACTOR → C1.1_INCORRECT → RESTART1 → C1_DISTRACTOR → C1.1_CORRECT → C2_DISTRACTOR → C2.1_DISTRACTOR → RESTART2 → C2_DISTRACTOR → C2.1_INCORRECT → RESTART3 → FAILED",4,FAILED
"C1_DISTRACTOR → C1.1_INCORRECT → RESTART1 → C1_DISTRACTOR → C1.1_CORRECT → C2_DISTRACTOR → C2.1_DISTRACTOR → RESTART2 → C2_DISTRACTOR → C2.1_DISTRACTOR → RESTART3 → FAILED",4,FAILED
"C1_DISTRACTOR → C1.1_INCORRECT → RESTART1 → C1_DISTRACTOR → C1.1_INCORRECT → RESTART2 → C1_CORRECT → C2_CORRECT → C3_CORRECT → COMPLETE",3,COMPLETE
"C1_DISTRACTOR → C1.1_INCORRECT → RESTART1 → C1_DISTRACTOR → C1.1_INCORRECT → RESTART2 → C1_CORRECT → C2_CORRECT → C3_INCORRECT → RESTART3 → FAILED",4,FAILED
"C1_DISTRACTOR → C1.1_INCORRECT → RESTART1 → C1_DISTRACTOR → C1.1_INCORRECT → RESTART2 → C1_CORRECT → C2_CORRECT → C3_DISTRACTOR → RESTART3 → FAILED",4,FAILED
"C1_DISTRACTOR → C1.1_INCORRECT → RESTART1 → C1_DISTRACTOR → C1.1_INCORRECT → RESTART2 → C1_CORRECT → C2_INCORRECT → RESTART3 → FAILED",4,FAILED
"C1_DISTRACTOR → C1.1_INCORRECT → RESTART1 → C1_DISTRACTOR → C1.1_INCORRECT → RESTART2 → C1_CORRECT → C2_DISTRACTOR → C2.1_CORRECT → C3_CORRECT → COMPLETE",3,COMPLETE
"C1_DISTRACTOR → C1.1_INCORRECT → RESTART1 → C1_DISTRACTOR → C1.1_INCORRECT → RESTART2 → C1_CORRECT → C2_DISTRACTOR → C2.1_CORRECT → C3_INCORRECT → RESTART3 → FAILED",4,FAILED
"C1_DISTRACTOR → C1.1_INCORRECT → RESTART1 → C1_DISTRACTOR → C1.1_INCORRECT → RESTART2 → C1_CORRECT → C2_DISTRACTOR → C2.1_CORRECT → C3_DISTRACTOR → RESTART3 → FAILED",4,FAILED
"C1_DISTRACTOR → C1.1_INCORRECT → RESTART1 → C1_DISTRACTOR → C1.1_INCORRECT → RESTART2 → C1_CORRECT → C2_DISTRACTOR → C2.1_INCORRECT → RESTART3 → FAILED",4,FAILED
"C1_DISTRACTOR → C1.1_INCORRECT → RESTART1 → C1_DISTRACTOR → C1.1_INCORRECT → RESTART2 → C1_CORRECT → C2_DISTRACTOR → C2.1_DISTRACTOR → RESTART3 → FAILED",4,FAILED
"C1_DISTRACTOR → C1.1_INCORRECT → RESTART1 → C1_DISTRACTOR → C1.1_INCORRECT → RESTART2 → C1_INCORRECT → C1.2_CORRECT → C2_CORRECT → C3_CORRECT → COMPLETE",3,COMPLETE
"C1_DISTRACTOR → C1.1_INCORRECT → RESTART1 → C1_DISTRACTOR → C1.1_INCORRECT → RESTART2 → C1_INCORRECT → C1.2_CORRECT → C2_CORRECT → C3_INCORRECT → RESTART3 → FAILED",4,FAILED
"C1_DISTRACTOR → C1.1_INCORRECT → RESTART1 → C1_DISTRACTOR → C1.1_INCORRECT → RESTART2 → C1_INCORRECT → C1.2_CORRECT → C2_CORRECT → C3_DISTRACTOR → RESTART3 → FAILED",4,FAILED
"C1_DISTRACTOR → C1.1_INCORRECT → RESTART1 → C1_DISTRACTOR → C1.1_INCORRECT → RESTART2 → C1_INCORRECT → C1.2_CORRECT → C2_INCORRECT → RESTART3 → FAILED",4,FAILED
"C1_DISTRACTOR → C1.1_INCORRECT → RESTART1 → C1_DISTRACTOR → C1.1_INCORRECT → RESTART2 → C1_INCORRECT → C1.2_CORRECT → C2_DISTRACTOR → C2.1_CORRECT → C3_CORRECT → COMPLETE",3,COMPLETE
"C1_DISTRACTOR → C1.1_INCORRECT → RESTART1 → C1_DISTRACTOR → C1.1_INCORRECT → RESTART2 → C1_INCORRECT → C1.2_CORRECT → C2_DISTRACTOR → C2.1_CORRECT → C3_INCORRECT → RESTART3 → FAILED",4,FAILED
"C1_DISTRACTOR → C1.1_INCORRECT → RESTART1 → C1_DISTRACTOR → C1.1_INCORRECT → RESTART2 → C1_INCORRECT → C1.2_CORRECT → C2_DISTRACTOR → C2.1_CORRECT → C3_DISTRACTOR → RESTART3 → FAILED",4,FAILED
"C1_DISTRACTOR → C1.1_INCORRECT → RESTART1 → C1_DISTRACTOR → C1.1_INCORRECT → RESTART2 → C1_INCORRECT → C1.2_CORRECT → C2_DISTRACTOR → C2.1_INCORRECT → RESTART3 → FAILED",4,FAILED
"C1_DISTRACTOR → C1.1_INCORRECT → RESTART1 → C1_DISTRACTOR → C1.1_INCORRECT → RESTART2 → C1_INCORRECT → C1.2_CORRECT → C2_DISTRACTOR → C2.1_DISTRACTOR → RESTART3 → FAILED",4,FAILED
"C1_DISTRACTOR → C1.1_INCORRECT → RESTART1 → C1_DISTRACTOR → C1.1_INCORRECT → RESTART2 → C1_INCORRECT → C1.2_INCORRECT → RESTART3 → FAILED",4,FAILED
"C1_DISTRACTOR → C1.1_INCORRECT → RESTART1 → C1_DISTRACTOR → C1.1_INCORRECT → RESTART2 → C1_INCORRECT → C1.2_DISTRACTOR → RESTART3 → FAILED",4,FAILED
"C1_DISTRACTOR → C1.1_INCORRECT → RESTART1 → C1_DISTRACTOR → C1.1_INCORRECT → RESTART2 → C1_DISTRACTOR → C1.1_CORRECT → C2_CORRECT → C3_CORRECT → COMPLETE",3,COMPLETE
"C1_DISTRACTOR → C1.1_INCORRECT → RESTART1 → C1_DISTRACTOR → C1.1_INCORRECT → RESTART2 → C1_DISTRACTOR → C1.1_CORRECT → C2_CORRECT → C3_INCORRECT → RESTART3 → FAILED",4,FAILED
"C1_DISTRACTOR → C1.1_INCORRECT → RESTART1 → C1_DISTRACTOR → C1.1_INCORRECT → RESTART2 → C1_DISTRACTOR → C1.1_CORRECT → C2_CORRECT → C3_DISTRACTOR → RESTART3 → FAILED",4,FAILED
"C1_DISTRACTOR → C1.1_INCORRECT → RESTART1 → C1_DISTRACTOR → C1.1_INCORRECT → RESTART2 → C1_DISTRACTOR → C1.1_CORRECT → C2_INCORRECT → RESTART3 → FAILED",4,FAILED
"C1_DISTRACTOR → C1.1_INCORRECT → RESTART1 → C1_DISTRACTOR → C1.1_INCORRECT → RESTART2 → C1_DISTRACTOR → C1.1_CORRECT → C2_DISTRACTOR → C2.1_CORRECT → C3_CORRECT → COMPLETE",3,COMPLETE
"C1_DISTRACTOR → C1.1_INCORRECT → RESTART1 → C1_DISTRACTOR → C1.1_INCORRECT → RESTART2 → C1_DISTRACTOR → C1.1_CORRECT → C2_DISTRACTOR → C2.1_CORRECT → C3_INCORRECT → RESTART3 → FAILED",4,FAILED
"C1_DISTRACTOR → C1.1_INCORRECT → RESTART1 → C1_DISTRACTOR → C1.1_INCORRECT → RESTART2 → C1_DISTRACTOR → C1.1_CORRECT → C2_DISTRACTOR → C2.1_CORRECT → C3_DISTRACTOR → RESTART3 → FAILED",4,FAILED
"C1_DISTRACTOR → C1.1_INCORRECT → RESTART1 → C1_DISTRACTOR → C1.1_INCORRECT → RESTART2 → C1_DISTRACTOR → C1.1_CORRECT → C2_DISTRACTOR → C2.1_INCORRECT → RESTART3 → FAILED",4,FAILED
"C1_DISTRACTOR → C1.1_INCORRECT → RESTART1 → C1_DISTRACTOR → C1.1_INCORRECT → RESTART2 → C1_DISTRACTOR → C1.1_CORRECT → C2_DISTRACTOR → C2.1_DISTRACTOR → RESTART3 → FAILED",4,FAILED
"C1_DISTRACTOR → C1.1_INCORRECT → RESTART1 → C1_DISTRACTOR → C1.1_INCORRECT → RESTART2 → C1_DISTRACTOR → C1.1_INCORRECT → RESTART3 → FAILED",4,FAILED
"C1_DISTRACTOR → C1.1_INCORRECT → RESTART1 → C1_DISTRACTOR → C1.1_INCORRECT → RESTART2 → C1_DISTRACTOR → C1.1_DISTRACTOR → C1.1.1_CORRECT → C2_CORRECT → C3_CORRECT → COMPLETE",3,COMPLETE
"C1_DISTRACTOR → C1.1_INCORRECT → RESTART1 → C1_DISTRACTOR → C1.1_INCORRECT → RESTART2 → C1_DISTRACTOR → C1.1_DISTRACTOR → C1.1.1_CORRECT → C2_CORRECT → C3_INCORRECT → RESTART3 → FAILED",4,FAILED
"C1_DISTRACTOR → C1.1_INCORRECT → RESTART1 → C1_DISTRACTOR → C1.1_INCORRECT → RESTART2 → C1_DISTRACTOR → C1.1_DISTRACTOR → C1.1.1_CORRECT → C2_CORRECT → C3_DISTRACTOR → RESTART3 → FAILED",4,FAILED
"C1_DISTRACTOR → C1.1_INCORRECT → RESTART1 → C1_DISTRACTOR → C1.1_INCORRECT → RESTART2 → C1_DISTRACTOR → C1.1_DISTRACTOR → C1.1.1_CORRECT → C2_INCORRECT → RESTART3 → FAILED",4,FAILED
"C1_DISTRACTOR → C1.1_INCORRECT → RESTART1 → C1_DISTRACTOR → C1.1_INCORRECT → RESTART2 → C1_DISTRACTOR → C1.1_DISTRACTOR → C1.1.1_CORRECT → C2_DISTRACTOR → C2.1_CORRECT → C3_CORRECT → COMPLETE",3,COMPLETE
"C1_DISTRACTOR → C1.1_INCORRECT → RESTART1 → C1_DISTRACTOR → C1.1_INCORRECT → RESTART2 → C1_DISTRACTOR → C1.1_DISTRACTOR → C1.1.1_CORRECT → C2_DISTRACTOR → C2.1_CORRECT → C3_INCORRECT → RESTART3 → FAILED",4,FAILED
"C1_DISTRACTOR → C1.1_INCORRECT → RESTART1 → C1_DISTRACTOR → C1.1_INCORRECT → RESTART2 → C1_DISTRACTOR → C1.1_DISTRACTOR → C1.1.1_CORRECT → C2_DISTRACTOR → C2.1_CORRECT → C3_DISTRACTOR → RESTART3 → FAILED",4,FAILED
"C1_DISTRACTOR → C1.1_INCORRECT → RESTART1 → C1_DISTRACTOR → C1.1_INCORRECT → RESTART2 → C1_DISTRACTOR → C1.1_DISTRACTOR → C1.1.1_CORRECT → C2_DISTRACTOR → C2.1_INCORRECT → RESTART3 → FAILED",4,FAILED
"C1_DISTRACTOR → C1.1_INCORRECT → RESTART1 → C1_DISTRACTOR → C1.1_INCORRECT → RESTART2 → C1_DISTRACTOR → C1.1_DISTRACTOR → C1.1.1_CORRECT → C2_DISTRACTOR → C2.1_DISTRACTOR → RESTART3 → FAILED",4,FAILED
"C1_DISTRACTOR → C1.1_INCORRECT → RESTART1 → C1_DISTRACTOR → C1.1_INCORRECT → RESTART2 → C1_DISTRACTOR → C1.1_DISTRACTOR → C1.1.1_INCORRECT → RESTART3 → FAILED",4,FAILED
"C1_DISTRACTOR → C1.1_INCORRECT → RESTART1 → C1_DISTRACTOR → C1.1_INCORRECT → RESTART2 → C1_DISTRACTOR → C1.1_DISTRACTOR → C1.1.1_DISTRACTOR → RESTART3 → FAILED",4,FAILED
"C1_DISTRACTOR → C1.1_INCORRECT → RESTART1 → C1_DISTRACTOR → C1.1_DISTRACTOR → C1.1.1_CORRECT → C2_CORRECT → C3_CORRECT → COMPLETE",2,COMPLETE
"C1_DISTRACTOR → C1.1_INCORRECT → RESTART1 → C1_DISTRACTOR → C1.1_DISTRACTOR → C1.1.1_CORRECT → C2_CORRECT → C3_INCORRECT → RESTART2 → C3_CORRECT → COMPLETE",3,COMPLETE
"C1_DISTRACTOR → C1.1_INCORRECT → RESTART1 → C1_DISTRACTOR → C1.1_DISTRACTOR → C1.1.1_CORRECT → C2_CORRECT → C3_INCORRECT → RESTART2 → C3_INCORRECT → RESTART3 → FAILED",4,FAILED
"C1_DISTRACTOR → C1.1_INCORRECT → RESTART1 → C1_DISTRACTOR → C1.1_DISTRACTOR → C1.1.1_CORRECT → C2_CORRECT → C3_INCORRECT → RESTART2 → C3_DISTRACTOR → RESTART3 → FAILED",4,FAILED
"C1_DISTRACTOR → C1.1_INCORRECT → RESTART1 → C1_DISTRACTOR → C1.1_DISTRACTOR → C1.1.1_CORRECT → C2_CORRECT → C3_DISTRACTOR → RESTART2 → C3_CORRECT → COMPLETE",3,COMPLETE
"C1_DISTRACTOR → C1.1_INCORRECT → RESTART1 → C1_DISTRACTOR → C1.1_DISTRACTOR → C1.1.1_CORRECT → C2_CORRECT → C3_DISTRACTOR → RESTART2 → C3_INCORRECT → RESTART3 → FAILED",4,FAILED
"C1_DISTRACTOR → C1.1_INCORRECT → RESTART1 → C1_DISTRACTOR → C1.1_DISTRACTOR → C1.1.1_CORRECT → C2_CORRECT → C3_DISTRACTOR → RESTART2 → C3_DISTRACTOR → RESTART3 → FAILED",4,FAILED
"C1_DISTRACTOR → C1.1_INCORRECT → RESTART1 → C1_DISTRACTOR → C1.1_DISTRACTOR → C1.1.1_CORRECT → C2_INCORRECT → RESTART2 → C2_CORRECT → C3_CORRECT → COMPLETE",3,COMPLETE
"C1_DISTRACTOR → C1.1_INCORRECT → RESTART1 → C1_DISTRACTOR → C1.1_DISTRACTOR → C1.1.1_CORRECT → C2_INCORRECT → RESTART2 → C2_CORRECT → C3_INCORRECT → RESTART3 → FAILED",4,FAILED
"C1_DISTRACTOR → C1.1_INCORRECT → RESTART1 → C1_DISTRACTOR → C1.1_DISTRACTOR → C1.1.1_CORRECT → C2_INCORRECT → RESTART2 → C2_CORRECT → C3_DISTRACTOR → RESTART3 → FAILED",4,FAILED
"C1_DISTRACTOR → C1.1_INCORRECT → RESTART1 → C1_DISTRACTOR → C1.1_DISTRACTOR → C1.1.1_CORRECT → C2_INCORRECT → RESTART2 → C2_INCORRECT → RESTART3 → FAILED",4,FAILED
"C1_DISTRACTOR → C1.1_INCORRECT → RESTART1 → C1_DISTRACTOR → C1.1_DISTRACTOR → C1.1.1_CORRECT → C2_INCORRECT → RESTART2 → C2_DISTRACTOR → C2.1_CORRECT → C3_CORRECT → COMPLETE",3,COMPLETE
"C1_DISTRACTOR → C1.1_INCORRECT → RESTART1 → C1_DISTRACTOR → C1.1_DISTRACTOR → C1.1.1_CORRECT → C2_INCORRECT → RESTART2 → C2_DISTRACTOR → C2.1_CORRECT → C3_INCORRECT → RESTART3 → FAILED",4,FAILED
"C1_DISTRACTOR → C1.1_INCORRECT → RESTART1 → C1_DISTRACTOR → C1.1_DISTRACTOR → C1.1.1_CORRECT → C2_INCORRECT → RESTART2 → C2_DISTRACTOR → C2.1_CORRECT → C3_DISTRACTOR → RESTART3 → FAILED",4,FAILED
"C1_DISTRACTOR → C1.1_INCORRECT → RESTART1 → C1_DISTRACTOR → C1.1_DISTRACTOR → C1.1.1_CORRECT → C2_INCORRECT → RESTART2 → C2_DISTRACTOR → C2.1_INCORRECT → RESTART3 → FAILED",4,FAILED
"C1_DISTRACTOR → C1.1_INCORRECT → RESTART1 → C1_DISTRACTOR → C1.1_DISTRACTOR → C1.1.1_CORRECT → C2_INCORRECT → RESTART2 → C2_DISTRACTOR → C2.1_DISTRACTOR → RESTART3 → FAILED",4,FAILED
"C1_DISTRACTOR → C1.1_INCORRECT → RESTART1 → C1_DISTRACTOR → C1.1_DISTRACTOR → C1.1.1_CORRECT → C2_DISTRACTOR → C2.1_CORRECT → C3_CORRECT → COMPLETE",2,COMPLETE
"C1_DISTRACTOR → C1.1_INCORRECT → RESTART1 → C1_DISTRACTOR → C1.1_DISTRACTOR → C1.1.1_CORRECT → C2_DISTRACTOR → C2.1_CORRECT → C3_INCORRECT → RESTART2 → C3_CORRECT → COMPLETE",3,COMPLETE
"C1_DISTRACTOR → C1.1_INCORRECT → RESTART1 → C1_DISTRACTOR → C1.1_DISTRACTOR → C1.1.1_CORRECT → C2_DISTRACTOR → C2.1_CORRECT → C3_INCORRECT → RESTART2 → C3_INCORRECT → RESTART3 → FAILED",4,FAILED
"C1_DISTRACTOR → C1.1_INCORRECT → RESTART1 → C1_DISTRACTOR → C1.1_DISTRACTOR → C1.1.1_CORRECT → C2_DISTRACTOR → C2.1_CORRECT → C3_INCORRECT → RESTART2 → C3_DISTRACTOR → RESTART3 → FAILED",4,FAILED
"C1_DISTRACTOR → C1.1_INCORRECT → RESTART1 → C1_DISTRACTOR → C1.1_DISTRACTOR → C1.1.1_CORRECT → C2_DISTRACTOR → C2.1_CORRECT → C3_DISTRACTOR → RESTART2 → C3_CORRECT → COMPLETE",3,COMPLETE
"C1_DISTRACTOR → C1.1_INCORRECT → RESTART1 → C1_DISTRACTOR → C1.1_DISTRACTOR → C1.1.1_CORRECT → C2_DISTRACTOR → C2.1_CORRECT → C3_DISTRACTOR → RESTART2 → C3_INCORRECT → RESTART3 → FAILED",4,FAILED
"C1_DISTRACTOR → C1.1_INCORRECT → RESTART1 → C1_DISTRACTOR → C1.1_DISTRACTOR → C1.1.1_CORRECT → C2_DISTRACTOR → C2.1_CORRECT → C3_DISTRACTOR → RESTART2 → C3_DISTRACTOR → RESTART3 → FAILED",4,FAILED
"C1_DISTRACTOR → C1.1_INCORRECT → RESTART1 → C1_DISTRACTOR → C1.1_DISTRACTOR → C1.1.1_CORRECT → C2_DISTRACTOR → C2.1_INCORRECT → RESTART2 → C2_CORRECT → C3_CORRECT → COMPLETE",3,COMPLETE
"C1_DISTRACTOR → C1.1_INCORRECT → RESTART1 → C1_DISTRACTOR → C1.1_DISTRACTOR → C1.1.1_CORRECT → C2_DISTRACTOR → C2.1_INCORRECT → RESTART2 → C2_CORRECT → C3_INCORRECT → RESTART3 → FAILED",4,FAILED
"C1_DISTRACTOR → C1.1_INCORRECT → RESTART1 → C1_DISTRACTOR → C1.1_DISTRACTOR → C1.1.1_CORRECT → C2_DISTRACTOR → C2.1_INCORRECT → RESTART2 → C2_CORRECT → C3_DISTRACTOR → RESTART3 → FAILED",4,FAILED
"C1_DISTRACTOR → C1.1_INCORRECT → RESTART1 → C1_DISTRACTOR → C1.1_DISTRACTOR → C1.1.1_CORRECT → C2_DISTRACTOR → C2.1_INCORRECT → RESTART2 → C2_INCORRECT → RESTART3 → FAILED",4,FAILED
"C1_DISTRACTOR → C1.1_INCORRECT → RESTART1 → C1_DISTRACTOR → C1.1_DISTRACTOR → C1.1.1_CORRECT → C2_DISTRACTOR → C2.1_INCORRECT → RESTART2 → C2_DISTRACTOR → C2.1_CORRECT → C3_CORRECT → COMPLETE",3,COMPLETE
"C1_DISTRACTOR → C1.1_INCORRECT → RESTART1 → C1_DISTRACTOR → C1.1_DISTRACTOR → C1.1.1_CORRECT → C2_DISTRACTOR → C2.1_INCORRECT → RESTART2 → C2_DISTRACTOR → C2.1_CORRECT → C3_INCORRECT → RESTART3 → FAILED",4,FAILED
"C1_DISTRACTOR → C1.1_INCORRECT → RESTART1 → C1_DISTRACTOR → C1.1_DISTRACTOR → C1.1.1_CORRECT → C2_DISTRACTOR → C2.1_INCORRECT → RESTART2 → C2_DISTRACTOR → C2.1_CORRECT → C3_DISTRACTOR → RESTART3 → FAILED",4,FAILED
"C1_DISTRACTOR → C1.1_INCORRECT → RESTART1 → C1_DISTRACTOR → C1.1_DISTRACTOR → C1.1.1_CORRECT → C2_DISTRACTOR → C2.1_INCORRECT → RESTART2 → C2_DISTRACTOR → C2.1_INCORRECT → RESTART3 → FAILED",4,FAILED
"C1_DISTRACTOR → C1.1_INCORRECT → RESTART1 → C1_DISTRACTOR → C1.1_DISTRACTOR → C1.1.1_CORRECT → C2_DISTRACTOR → C2.1_INCORRECT → RESTART2 → C2_DISTRACTOR → C2.1_DISTRACTOR → RESTART3 → FAILED",4,FAILED
"C1_DISTRACTOR → C1.1_INCORRECT → RESTART1 → C1_DISTRACTOR → C1.1_DISTRACTOR → C1.1.1_CORRECT → C2_DISTRACTOR → C2.1_DISTRACTOR → RESTART2 → C2_CORRECT → C3_CORRECT → COMPLETE",3,COMPLETE
"C1_DISTRACTOR → C1.1_INCORRECT → RESTART1 → C1_DISTRACTOR → C1.1_DISTRACTOR → C1.1.1_CORRECT → C2_DISTRACTOR → C2.1_DISTRACTOR → RESTART2 → C2_CORRECT → C3_INCORRECT → RESTART3 → FAILED",4,FAILED
"C1_DISTRACTOR → C1.1_INCORRECT → RESTART1 → C1_DISTRACTOR → C1.1_DISTRACTOR → C1.1.1_CORRECT → C2_DISTRACTOR → C2.1_DISTRACTOR → RESTART2 → C2_CORRECT → C3_DISTRACTOR → RESTART3 → FAILED",4,FAILED
"C1_DISTRACTOR → C1.1_INCORRECT → RESTART1 → C1_DISTRACTOR → C1.1_DISTRACTOR → C1.1.1_CORRECT → C2_DISTRACTOR → C2.1_DISTRACTOR → RESTART2 → C2_INCORRECT → RESTART3 → FAILED",4,FAILED
"C1_DISTRACTOR → C1.1_INCORRECT → RESTART1 → C1_DISTRACTOR → C1.1_DISTRACTOR → C1.1.1_CORRECT → C2_DISTRACTOR → C2.1_DISTRACTOR → RESTART2 → C2_DISTRACTOR → C2.1_CORRECT → C3_CORRECT → COMPLETE",3,COMPLETE
"C1_DISTRACTOR → C1.1_INCORRECT → RESTART1 → C1_DISTRACTOR → C1.1_DISTRACTOR → C1.1.1_CORRECT → C2_DISTRACTOR → C2.1_DISTRACTOR → RESTART2 → C2_DISTRACTOR → C2.1_CORRECT → C3_INCORRECT → RESTART3 → FAILED",4,FAILED
"C1_DISTRACTOR → C1.1_INCORRECT → RESTART1 → C1_DISTRACTOR → C1.1_DISTRACTOR → C1.1.1_CORRECT → C2_DISTRACTOR → C2.1_DISTRACTOR → RESTART2 → C2_DISTRACTOR → C2.1_CORRECT → C3_DISTRACTOR → RESTART3 → FAILED",4,FAILED
"C1_DISTRACTOR → C1.1_INCORRECT → RESTART1 → C1_DISTRACTOR → C1.1_DISTRACTOR → C1.1.1_CORRECT → C2_DISTRACTOR → C2.1_DISTRACTOR → RESTART2 → C2_DISTRACTOR → C2.1_INCORRECT → RESTART3 → FAILED",4,FAILED
"C1_DISTRACTOR → C1.1_INCORRECT → RESTART1 → C1_DISTRACTOR → C1.1_DISTRACTOR → C1.1.1_CORRECT → C2_DISTRACTOR → C2.1_DISTRACTOR → RESTART2 → C2_DISTRACTOR → C2.1_DISTRACTOR → RESTART3 → FAILED",4,FAILED
"C1_DISTRACTOR → C1.1_INCORRECT → RESTART1 → C1_DISTRACTOR → C1.1_DISTRACTOR → C1.1.1_INCORRECT → RESTART2 → C1_CORRECT → C2_CORRECT → C3_CORRECT → COMPLETE",3,COMPLETE
"C1_DISTRACTOR → C1.1_INCORRECT → RESTART1 → C1_DISTRACTOR → C1.1_DISTRACTOR → C1.1.1_INCORRECT → RESTART2 → C1_CORRECT → C2_CORRECT → C3_INCORRECT → RESTART3 → FAILED",4,FAILED
"C1_DISTRACTOR → C1.1_INCORRECT → RESTART1 → C1_DISTRACTOR → C1.1_DISTRACTOR → C1.1.1_INCORRECT → RESTART2 → C1_CORRECT → C2_CORRECT → C3_DISTRACTOR → RESTART3 → FAILED",4,FAILED
"C1_DISTRACTOR → C1.1_INCORRECT → RESTART1 → C1_DISTRACTOR → C1.1_DISTRACTOR → C1.1.1_INCORRECT → RESTART2 → C1_CORRECT → C2_INCORRECT → RESTART3 → FAILED",4,FAILED
"C1_DISTRACTOR → C1.1_INCORRECT → RESTART1 → C1_DISTRACTOR → C1.1_DISTRACTOR → C1.1.1_INCORRECT → RESTART2 → C1_CORRECT → C2_DISTRACTOR → C2.1_CORRECT → C3_CORRECT → COMPLETE",3,COMPLETE
"C1_DISTRACTOR → C1.1_INCORRECT → RESTART1 → C1_DISTRACTOR → C1.1_DISTRACTOR → C1.1.1_INCORRECT → RESTART2 → C1_CORRECT → C2_DISTRACTOR → C2.1_CORRECT → C3_INCORRECT → RESTART3 → FAILED",4,FAILED
"C1_DISTRACTOR → C1.1_INCORRECT → RESTART1 → C1_DISTRACTOR → C1.1_DISTRACTOR → C1.1.1_INCORRECT → RESTART2 → C1_CORRECT → C2_DISTRACTOR → C2.1_CORRECT → C3_DISTRACTOR → RESTART3 → FAILED",4,FAILED
"C1_DISTRACTOR → C1.1_INCORRECT → RESTART1 → C1_DISTRACTOR → C1.1_DISTRACTOR → C1.1.1_INCORRECT → RESTART2 → C1_CORRECT → C2_DISTRACTOR → C2.1_INCORRECT → RESTART3 → FAILED",4,FAILED
"C1_DISTRACTOR → C1.1_INCORRECT → RESTART1 → C1_DISTRACTOR → C1.1_DISTRACTOR → C1.1.1_INCORRECT → RESTART2 → C1_CORRECT → C2_DISTRACTOR → C2.1_DISTRACTOR → RESTART3 → FAILED",4,FAILED
"C1_DISTRACTOR → C1.1_INCORRECT → RESTART1 → C1_DISTRACTOR → C1.1_DISTRACTOR → C1.1.1_INCORRECT → RESTART2 → C1_INCORRECT → C1.2_CORRECT → C2_CORRECT → C3_CORRECT → COMPLETE",3,COMPLETE
"C1_DISTRACTOR → C1.1_INCORRECT → RESTART1 → C1_DISTRACTOR → C1.1_DISTRACTOR → C1.1.1_INCORRECT → RESTART2 → C1_INCORRECT → C1.2_CORRECT → C2_CORRECT → C3_INCORRECT → RESTART3 → FAILED",4,FAILED
"C1_DISTRACTOR → C1.1_INCORRECT → RESTART1 → C1_DISTRACTOR → C1.1_DISTRACTOR → C1.1.1_INCORRECT → RESTART2 → C1_INCORRECT → C1.2_CORRECT → C2_CORRECT → C3_DISTRACTOR → RESTART3 → FAILED",4,FAILED
"C1_DISTRACTOR → C1.1_INCORRECT → RESTART1 → C1_DISTRACTOR → C1.1_DISTRACTOR → C1.1.1_INCORRECT → RESTART2 → C1_INCORRECT → C1.2_CORRECT → C2_INCORRECT → RESTART3 → FAILED",4,FAILED
"C1_DISTRACTOR → C1.1_INCORRECT → RESTART1 → C1_DISTRACTOR → C1.1_DISTRACTOR → C1.1.1_INCORRECT → RESTART2 → C1_INCORRECT → C1.2_CORRECT → C2_DISTRACTOR → C2.1_CORRECT → C3_CORRECT → COMPLETE",3,COMPLETE
"C1_DISTRACTOR → C1.1_INCORRECT → RESTART1 → C1_DISTRACTOR → C1.1_DISTRACTOR → C1.1.1_INCORRECT → RESTART2 → C1_INCORRECT → C1.2_CORRECT → C2_DISTRACTOR → C2.1_CORRECT → C3_INCORRECT → RESTART3 → FAILED",4,FAILED
"C1_DISTRACTOR → C1.1_INCORRECT → RESTART1 → C1_DISTRACTOR → C1.1_DISTRACTOR → C1.1.1_INCORRECT → RESTART2 → C1_INCORRECT → C1.2_CORRECT → C2_DISTRACTOR → C2.1_CORRECT → C3_DISTRACTOR → RESTART3 → FAILED",4,FAILED
"C1_DISTRACTOR → C1.1_INCORRECT → RESTART1 → C1_DISTRACTOR → C1.1_DISTRACTOR → C1.1.1_INCORRECT → RESTART2 → C1_INCORRECT → C1.2_CORRECT → C2_DISTRACTOR → C2.1_INCORRECT → RESTART3 → FAILED",4,FAILED
"C1_DISTRACTOR → C1.1_INCORRECT → RESTART1 → C1_DISTRACTOR → C1.1_DISTRACTOR → C1.1.1_INCORRECT → RESTART2 → C1_INCORRECT → C1.2_CORRECT → C2_DISTRACTOR → C2.1_DISTRACTOR → RESTART3 → FAILED",4,FAILED
"C1_DISTRACTOR → C1.1_INCORRECT → RESTART1 → C1_DISTRACTOR → C1.1_DISTRACTOR → C1.1.1_INCORRECT → RESTART2 → C1_INCORRECT → C1.2_INCORRECT → RESTART3 → FAILED",4,FAILED
"C1_DISTRACTOR → C1.1_INCORRECT → RESTART1 → C1_DISTRACTOR → C1.1_DISTRACTOR → C1.1.1_INCORRECT → RESTART2 → C1_INCORRECT → C1.2_DISTRACTOR → RESTART3 → FAILED",4,FAILED
"C1_DISTRACTOR → C1.1_INCORRECT → RESTART1 → C1_DISTRACTOR → C1.1_DISTRACTOR → C1.1.1_INCORRECT → RESTART2 → C1_DISTRACTOR → C1.1_CORRECT → C2_CORRECT → C3_CORRECT → COMPLETE",3,COMPLETE
"C1_DISTRACTOR → C1.1_INCORRECT → RESTART1 → C1_DISTRACTOR → C1.1_DISTRACTOR → C1.1.1_INCORRECT → RESTART2 → C1_DISTRACTOR → C1.1_CORRECT → C2_CORRECT → C3_INCORRECT → RESTART3 → FAILED",4,FAILED
"C1_DISTRACTOR → C1.1_INCORRECT → RESTART1 → C1_DISTRACTOR → C1.1_DISTRACTOR → C1.1.1_INCORRECT → RESTART2 → C1_DISTRACTOR → C1.1_CORRECT → C2_CORRECT → C3_DISTRACTOR → RESTART3 → FAILED",4,FAILED
"C1_DISTRACTOR → C1.1_INCORRECT → RESTART1 → C1_DISTRACTOR → C1.1_DISTRACTOR → C1.1.1_INCORRECT → RESTART2 → C1_DISTRACTOR → C1.1_CORRECT → C2_INCORRECT → RESTART3 → FAILED",4,FAILED
"C1_DISTRACTOR → C1.1_INCORRECT → RESTART1 → C1_DISTRACTOR → C1.1_DISTRACTOR → C1.1.1_INCORRECT → RESTART2 → C1_DISTRACTOR → C1.1_CORRECT → C2_DISTRACTOR → C2.1_CORRECT → C3_CORRECT → COMPLETE",3,COMPLETE
"C1_DISTRACTOR → C1.1_INCORRECT → RESTART1 → C1_DISTRACTOR → C1.1_DISTRACTOR → C1.1.1_INCORRECT → RESTART2 → C1_DISTRACTOR → C1.1_CORRECT → C2_DISTRACTOR → C2.1_CORRECT → C3_INCORRECT → RESTART3 → FAILED",4,FAILED
"C1_DISTRACTOR → C1.1_INCORRECT → RESTART1 → C1_DISTRACTOR → C1.1_DISTRACTOR → C1.1.1_INCORRECT → RESTART2 → C1_DISTRACTOR → C1.1_CORRECT → C2_DISTRACTOR → C2.1_CORRECT → C3_DISTRACTOR → RESTART3 → FAILED",4,FAILED
"C1_DISTRACTOR → C1.1_INCORRECT → RESTART1 → C1_DISTRACTOR → C1.1_DISTRACTOR → C1.1.1_INCORRECT → RESTART2 → C1_DISTRACTOR → C1.1_CORRECT → C2_DISTRACTOR → C2.1_INCORRECT → RESTART3 → FAILED",4,FAILED
"C1_DISTRACTOR → C1.1_INCORRECT → RESTART1 → C1_DISTRACTOR → C1.1_DISTRACTOR → C1.1.1_INCORRECT → RESTART2 → C1_DISTRACTOR → C1.1_CORRECT → C2_DISTRACTOR → C2.1_DISTRACTOR → RESTART3 → FAILED",4,FAILED
"C1_DISTRACTOR → C1.1_INCORRECT → RESTART1 → C1_DISTRACTOR → C1.1_DISTRACTOR → C1.1.1_INCORRECT → RESTART2 → C1_DISTRACTOR → C1.1_INCORRECT → RESTART3 → FAILED",4,FAILED
"C1_DISTRACTOR → C1.1_INCORRECT → RESTART1 → C1_DISTRACTOR → C1.1_DISTRACTOR → C1.1.1_INCORRECT → RESTART2 → C1_DISTRACTOR → C1.1_DISTRACTOR → C1.1.1_CORRECT → C2_CORRECT → C3_CORRECT → COMPLETE",3,COMPLETE
"C1_DISTRACTOR → C1.1_INCORRECT → RESTART1 → C1_DISTRACTOR → C1.1_DISTRACTOR → C1.1.1_INCORRECT → RESTART2 → C1_DISTRACTOR → C1.1_DISTRACTOR → C1.1.1_CORRECT → C2_CORRECT → C3_INCORRECT → RESTART3 → FAILED",4,FAILED
"C1_DISTRACTOR → C1.1_INCORRECT → RESTART1 → C1_DISTRACTOR → C1.1_DISTRACTOR → C1.1.1_INCORRECT → RESTART2 → C1_DISTRACTOR → C1.1_DISTRACTOR → C1.1.1_CORRECT → C2_CORRECT → C3_DISTRACTOR → RESTART3 → FAILED",4,FAILED
"C1_DISTRACTOR → C1.1_INCORRECT → RESTART1 → C1_DISTRACTOR → C1.1_DISTRACTOR → C1.1.1_INCORRECT → RESTART2 → C1_DISTRACTOR → C1.1_DISTRACTOR → C1.1.1_CORRECT → C2_INCORRECT → RESTART3 → FAILED",4,FAILED
"C1_DISTRACTOR → C1.1_INCORRECT → RESTART1 → C1_DISTRACTOR → C1.1_DISTRACTOR → C1.1.1_INCORRECT → RESTART2 → C1_DISTRACTOR → C1.1_DISTRACTOR → C1.1.1_CORRECT → C2_DISTRACTOR → C2.1_CORRECT → C3_CORRECT → COMPLETE",3,COMPLETE
"C1_DISTRACTOR → C1.1_INCORRECT → RESTART1 → C1_DISTRACTOR → C1.1_DISTRACTOR → C1.1.1_INCORRECT → RESTART2 → C1_DISTRACTOR → C1.1_DISTRACTOR → C1.1.1_CORRECT → C2_DISTRACTOR → C2.1_CORRECT → C3_INCORRECT → RESTART3 → FAILED",4,FAILED
"C1_DISTRACTOR → C1.1_INCORRECT → RESTART1 → C1_DISTRACTOR → C1.1_DISTRACTOR → C1.1.1_INCORRECT → RESTART2 → C1_DISTRACTOR → C1.1_DISTRACTOR → C1.1.1_CORRECT → C2_DISTRACTOR → C2.1_CORRECT → C3_DISTRACTOR → RESTART3 → FAILED",4,FAILED
"C1_DISTRACTOR → C1.1_INCORRECT → RESTART1 → C1_DISTRACTOR → C1.1_DISTRACTOR → C1.1.1_INCORRECT → RESTART2 → C1_DISTRACTOR → C1.1_DISTRACTOR → C1.1.1_CORRECT → C2_DISTRACTOR → C2.1_INCORRECT → RESTART3 → FAILED",4,FAILED
"C1_DISTRACTOR → C1.1_INCORRECT → RESTART1 → C1_DISTRACTOR → C1.1_DISTRACTOR → C1.1.1_INCORRECT → RESTART2 → C1_DISTRACTOR → C1.1_DISTRACTOR → C1.1.1_CORRECT → C2_DISTRACTOR → C2.1_DISTRACTOR → RESTART3 → FAILED",4,FAILED
"C1_DISTRACTOR → C1.1_INCORRECT → RESTART1 → C1_DISTRACTOR → C1.1_DISTRACTOR → C1.1.1_INCORRECT → RESTART2 → C1_DISTRACTOR → C1.1_DISTRACTOR → C1.1.1_INCORRECT → RESTART3 → FAILED",4,FAILED
"C1_DISTRACTOR → C1.1_INCORRECT → RESTART1 → C1_DISTRACTOR → C1.1_DISTRACTOR → C1.1.1_INCORRECT → RESTART2 → C1_DISTRACTOR → C1.1_DISTRACTOR → C1.1.1_DISTRACTOR → RESTART3 → FAILED",4,FAILED
"C1_DISTRACTOR → C1.1_INCORRECT → RESTART1 → C1_DISTRACTOR → C1.1_DISTRACTOR → C1.1.1_DISTRACTOR → RESTART2 → C1_CORRECT → C2_CORRECT → C3_CORRECT → COMPLETE",3,COMPLETE
"C1_DISTRACTOR → C1.1_INCORRECT → RESTART1 → C1_DISTRACTOR → C1.1_DISTRACTOR → C1.1.1_DISTRACTOR → RESTART2 → C1_CORRECT → C2_CORRECT → C3_INCORRECT → RESTART3 → FAILED",4,FAILED
"C1_DISTRACTOR → C1.1_INCORRECT → RESTART1 → C1_DISTRACTOR → C1.1_DISTRACTOR → C1.1.1_DISTRACTOR → RESTART2 → C1_CORRECT → C2_CORRECT → C3_DISTRACTOR → RESTART3 → FAILED",4,FAILED
"C1_DISTRACTOR → C1.1_INCORRECT → RESTART1 → C1_DISTRACTOR → C1.1_DISTRACTOR → C1.1.1_DISTRACTOR → RESTART2 → C1_CORRECT → C2_INCORRECT → RESTART3 → FAILED",4,FAILED
"C1_DISTRACTOR → C1.1_INCORRECT → RESTART1 → C1_DISTRACTOR → C1.1_DISTRACTOR → C1.1.1_DISTRACTOR → RESTART2 → C1_CORRECT → C2_DISTRACTOR → C2.1_CORRECT → C3_CORRECT → COMPLETE",3,COMPLETE
"C1_DISTRACTOR → C1.1_INCORRECT → RESTART1 → C1_DISTRACTOR → C1.1_DISTRACTOR → C1.1.1_DISTRACTOR → RESTART2 → C1_CORRECT → C2_DISTRACTOR → C2.1_CORRECT → C3_INCORRECT → RESTART3 → FAILED",4,FAILED
"C1_DISTRACTOR → C1.1_INCORRECT → RESTART1 → C1_DISTRACTOR → C1.1_DISTRACTOR → C1.1.1_DISTRACTOR → RESTART2 → C1_CORRECT → C2_DISTRACTOR → C2.1_CORRECT → C3_DISTRACTOR → RESTART3 → FAILED",4,FAILED
"C1_DISTRACTOR → C1.1_INCORRECT → RESTART1 → C1_DISTRACTOR → C1.1_DISTRACTOR → C1.1.1_DISTRACTOR → RESTART2 → C1_CORRECT → C2_DISTRACTOR → C2.1_INCORRECT → RESTART3 → FAILED",4,FAILED
"C1_DISTRACTOR → C1.1_INCORRECT → RESTART1 → C1_DISTRACTOR → C1.1_DISTRACTOR → C1.1.1_DISTRACTOR → RESTART2 → C1_CORRECT → C2_DISTRACTOR → C2.1_DISTRACTOR → RESTART3 → FAILED",4,FAILED
"C1_DISTRACTOR → C1.1_INCORRECT → RESTART1 → C1_DISTRACTOR → C1.1_DISTRACTOR → C1.1.1_DISTRACTOR → RESTART2 → C1_INCORRECT → C1.2_CORRECT → C2_CORRECT → C3_CORRECT → COMPLETE",3,COMPLETE
"C1_DISTRACTOR → C1.1_INCORRECT → RESTART1 → C1_DISTRACTOR → C1.1_DISTRACTOR → C1.1.1_DISTRACTOR → RESTART2 → C1_INCORRECT → C1.2_CORRECT → C2_CORRECT → C3_INCORRECT → RESTART3 → FAILED",4,FAILED
"C1_DISTRACTOR → C1.1_INCORRECT → RESTART1 → C1_DISTRACTOR → C1.1_DISTRACTOR → C1.1.1_DISTRACTOR → RESTART2 → C1_INCORRECT → C1.2_CORRECT → C2_CORRECT → C3_DISTRACTOR → RESTART3 → FAILED",4,FAILED
"C1_DISTRACTOR → C1.1_INCORRECT → RESTART1 → C1_DISTRACTOR → C1.1_DISTRACTOR → C1.1.1_DISTRACTOR → RESTART2 → C1_INCORRECT → C1.2_CORRECT → C2_INCORRECT → RESTART3 → FAILED",4,FAILED
"C1_DISTRACTOR → C1.1_INCORRECT → RESTART1 → C1_DISTRACTOR → C1.1_DISTRACTOR → C1.1.1_DISTRACTOR → RESTART2 → C1_INCORRECT → C1.2_CORRECT → C2_DISTRACTOR → C2.1_CORRECT → C3_CORRECT → COMPLETE",3,COMPLETE
"C1_DISTRACTOR → C1.1_INCORRECT → RESTART1 → C1_DISTRACTOR → C1.1_DISTRACTOR → C1.1.1_DISTRACTOR → RESTART2 → C1_INCORRECT → C1.2_CORRECT → C2_DISTRACTOR → C2.1_CORRECT → C3_INCORRECT → RESTART3 → FAILED",4,FAILED
"C1_DISTRACTOR → C1.1_INCORRECT → RESTART1 → C1_DISTRACTOR → C1.1_DISTRACTOR → C1.1.1_DISTRACTOR → RESTART2 → C1_INCORRECT → C1.2_CORRECT → C2_DISTRACTOR → C2.1_CORRECT → C3_DISTRACTOR → RESTART3 → FAILED",4,FAILED
"C1_DISTRACTOR → C1.1_INCORRECT → RESTART1 → C1_DISTRACTOR → C1.1_DISTRACTOR → C1.1.1_DISTRACTOR → RESTART2 → C1_INCORRECT → C1.2_CORRECT → C2_DISTRACTOR → C2.1_INCORRECT → RESTART3 → FAILED",4,FAILED
"C1_DISTRACTOR → C1.1_INCORRECT → RESTART1 → C1_DISTRACTOR → C1.1_DISTRACTOR → C1.1.1_DISTRACTOR → RESTART2 → C1_INCORRECT → C1.2_CORRECT → C2_DISTRACTOR → C2.1_DISTRACTOR → RESTART3 → FAILED",4,FAILED
"C1_DISTRACTOR → C1.1_INCORRECT → RESTART1 → C1_DISTRACTOR → C1.1_DISTRACTOR → C1.1.1_DISTRACTOR → RESTART2 → C1_INCORRECT → C1.2_INCORRECT → RESTART3 → FAILED",4,FAILED
"C1_DISTRACTOR → C1.1_INCORRECT → RESTART1 → C1_DISTRACTOR → C1.1_DISTRACTOR → C1.1.1_DISTRACTOR → RESTART2 → C1_INCORRECT → C1.2_DISTRACTOR → RESTART3 → FAILED",4,FAILED
"C1_DISTRACTOR → C1.1_INCORRECT → RESTART1 → C1_DISTRACTOR → C1.1_DISTRACTOR → C1.1.1_DISTRACTOR → RESTART2 → C1_DISTRACTOR → C1.1_CORRECT → C2_CORRECT → C3_CORRECT → COMPLETE",3,COMPLETE
"C1_DISTRACTOR → C1.1_INCORRECT → RESTART1 → C1_DISTRACTOR → C1.1_DISTRACTOR → C1.1.1_DISTRACTOR → RESTART2 → C1_DISTRACTOR → C1.1_CORRECT → C2_CORRECT → C3_INCORRECT → RESTART3 → FAILED",4,FAILED
"C1_DISTRACTOR → C1.1_INCORRECT → RESTART1 → C1_DISTRACTOR → C1.1_DISTRACTOR → C1.1.1_DISTRACTOR → RESTART2 → C1_DISTRACTOR → C1.1_CORRECT → C2_CORRECT → C3_DISTRACTOR → RESTART3 → FAILED",4,FAILED
"C1_DISTRACTOR → C1.1_INCORRECT → RESTART1 → C1_DISTRACTOR → C1.1_DISTRACTOR → C1.1.1_DISTRACTOR → RESTART2 → C1_DISTRACTOR → C1.1_CORRECT → C2_INCORRECT → RESTART3 → FAILED",4,FAILED
"C1_DISTRACTOR → C1.1_INCORRECT → RESTART1 → C1_DISTRACTOR → C1.1_DISTRACTOR → C1.1.1_DISTRACTOR → RESTART2 → C1_DISTRACTOR → C1.1_CORRECT → C2_DISTRACTOR → C2.1_CORRECT → C3_CORRECT → COMPLETE",3,COMPLETE
"C1_DISTRACTOR → C1.1_INCORRECT → RESTART1 → C1_DISTRACTOR → C1.1_DISTRACTOR → C1.1.1_DISTRACTOR → RESTART2 → C1_DISTRACTOR → C1.1_CORRECT → C2_DISTRACTOR → C2.1_CORRECT → C3_INCORRECT → RESTART3 → FAILED",4,FAILED
"C1_DISTRACTOR → C1.1_INCORRECT → RESTART1 → C1_DISTRACTOR → C1.1_DISTRACTOR → C1.1.1_DISTRACTOR → RESTART2 → C1_DISTRACTOR → C1.1_CORRECT → C2_DISTRACTOR → C2.1_CORRECT → C3_DISTRACTOR → RESTART3 → FAILED",4,FAILED
"C1_DISTRACTOR → C1.1_INCORRECT → RESTART1 → C1_DISTRACTOR → C1.1_DISTRACTOR → C1.1.1_DISTRACTOR → RESTART2 → C1_DISTRACTOR → C1.1_CORRECT → C2_DISTRACTOR → C2.1_INCORRECT → RESTART3 → FAILED",4,FAILED
"C1_DISTRACTOR → C1.1_INCORRECT → RESTART1 → C1_DISTRACTOR → C1.1_DISTRACTOR → C1.1.1_DISTRACTOR → RESTART2 → C1_DISTRACTOR → C1.1_CORRECT → C2_DISTRACTOR → C2.1_DISTRACTOR → RESTART3 → FAILED",4,FAILED
"C1_DISTRACTOR → C1.1_INCORRECT → RESTART1 → C1_DISTRACTOR → C1.1_DISTRACTOR → C1.1.1_DISTRACTOR → RESTART2 → C1_DISTRACTOR → C1.1_INCORRECT → RESTART3 → FAILED",4,FAILED
"C1_DISTRACTOR → C1.1_INCORRECT → RESTART1 → C1_DISTRACTOR → C1.1_DISTRACTOR → C1.1.1_DISTRACTOR → RESTART2 → C1_DISTRACTOR → C1.1_DISTRACTOR → C1.1.1_CORRECT → C2_CORRECT → C3_CORRECT → COMPLETE",3,COMPLETE
"C1_DISTRACTOR → C1.1_INCORRECT → RESTART1 → C1_DISTRACTOR → C1.1_DISTRACTOR → C1.1.1_DISTRACTOR → RESTART2 → C1_DISTRACTOR → C1.1_DISTRACTOR → C1.1.1_CORRECT → C2_CORRECT → C3_INCORRECT → RESTART3 → FAILED",4,FAILED
"C1_DISTRACTOR → C1.1_INCORRECT → RESTART1 → C1_DISTRACTOR → C1.1_DISTRACTOR → C1.1.1_DISTRACTOR → RESTART2 → C1_DISTRACTOR → C1.1_DISTRACTOR → C1.1.1_CORRECT → C2_CORRECT → C3_DISTRACTOR → RESTART3 → FAILED",4,FAILED
"C1_DISTRACTOR → C1.1_INCORRECT → RESTART1 → C1_DISTRACTOR → C1.1_DISTRACTOR → C1.1.1_DISTRACTOR → RESTART2 → C1_DISTRACTOR → C1.1_DISTRACTOR → C1.1.1_CORRECT → C2_INCORRECT → RESTART3 → FAILED",4,FAILED
"C1_DISTRACTOR → C1.1_INCORRECT → RESTART1 → C1_DISTRACTOR → C1.1_DISTRACTOR → C1.1.1_DISTRACTOR → RESTART2 → C1_DISTRACTOR → C1.1_DISTRACTOR → C1.1.1_CORRECT → C2_DISTRACTOR → C2.1_CORRECT → C3_CORRECT → COMPLETE",3,COMPLETE
"C1_DISTRACTOR → C1.1_INCORRECT → RESTART1 → C1_DISTRACTOR → C1.1_DISTRACTOR → C1.1.1_DISTRACTOR → RESTART2 → C1_DISTRACTOR → C1.1_DISTRACTOR → C1.1.1_CORRECT → C2_DISTRACTOR → C2.1_CORRECT → C3_INCORRECT → RESTART3 → FAILED",4,FAILED
"C1_DISTRACTOR → C1.1_INCORRECT → RESTART1 → C1_DISTRACTOR → C1.1_DISTRACTOR → C1.1.1_DISTRACTOR → RESTART2 → C1_DISTRACTOR → C1.1_DISTRACTOR → C1.1.1_CORRECT → C2_DISTRACTOR → C2.1_CORRECT → C3_DISTRACTOR → RESTART3 → FAILED",4,FAILED
"C1_DISTRACTOR → C1.1_INCORRECT → RESTART1 → C1_DISTRACTOR → C1.1_DISTRACTOR → C1.1.1_DISTRACTOR → RESTART2 → C1_DISTRACTOR → C1.1_DISTRACTOR → C1.1.1_CORRECT → C2_DISTRACTOR → C2.1_INCORRECT → RESTART3 → FAILED",4,FAILED
"C1_DISTRACTOR → C1.1_INCORRECT → RESTART1 → C1_DISTRACTOR → C1.1_DISTRACTOR → C1.1.1_DISTRACTOR → RESTART2 → C1_DISTRACTOR → C1.1_DISTRACTOR → C1.1.1_CORRECT → C2_DISTRACTOR → C2.1_DISTRACTOR → RESTART3 → FAILED",4,FAILED
"C1_DISTRACTOR → C1.1_INCORRECT → RESTART1 → C1_DISTRACTOR → C1.1_DISTRACTOR → C1.1.1_DISTRACTOR → RESTART2 → C1_DISTRACTOR → C1.1_DISTRACTOR → C1.1.1_INCORRECT → RESTART3 → FAILED",4,FAILED
"C1_DISTRACTOR → C1.1_INCORRECT → RESTART1 → C1_DISTRACTOR → C1.1_DISTRACTOR → C1.1.1_DISTRACTOR → RESTART2 → C1_DISTRACTOR → C1.1_DISTRACTOR → C1.1.1_DISTRACTOR → RESTART3 → FAILED",4,FAILED
"C1_DISTRACTOR → C1.1_DISTRACTOR → C1.1.1_CORRECT → C2_CORRECT → C3_CORRECT → COMPLETE",1,COMPLETE
"C1_DISTRACTOR → C1.1_DISTRACTOR → C1.1.1_CORRECT → C2_CORRECT → C3_INCORRECT → RESTART1 → C3_CORRECT → COMPLETE",2,COMPLETE
"C1_DISTRACTOR → C1.1_DISTRACTOR → C1.1.1_CORRECT → C2_CORRECT → C3_INCORRECT → RESTART1 → C3_INCORRECT → RESTART2 → C3_CORRECT → COMPLETE",3,COMPLETE
"C1_DISTRACTOR → C1.1_DISTRACTOR → C1.1.1_CORRECT → C2_CORRECT → C3_INCORRECT → RESTART1 → C3_INCORRECT → RESTART2 → C3_INCORRECT → RESTART3 → FAILED",4,FAILED
"C1_DISTRACTOR → C1.1_DISTRACTOR → C1.1.1_CORRECT → C2_CORRECT → C3_INCORRECT → RESTART1 → C3_INCORRECT → RESTART2 → C3_DISTRACTOR → RESTART3 → FAILED",4,FAILED
"C1_DISTRACTOR → C1.1_DISTRACTOR → C1.1.1_CORRECT → C2_CORRECT → C3_INCORRECT → RESTART1 → C3_DISTRACTOR → RESTART2 → C3_CORRECT → COMPLETE",3,COMPLETE
"C1_DISTRACTOR → C1.1_DISTRACTOR → C1.1.1_CORRECT → C2_CORRECT → C3_INCORRECT → RESTART1 → C3_DISTRACTOR → RESTART2 → C3_INCORRECT → RESTART3 → FAILED",4,FAILED
"C1_DISTRACTOR → C1.1_DISTRACTOR → C1.1.1_CORRECT → C2_CORRECT → C3_INCORRECT → RESTART1 → C3_DISTRACTOR → RESTART2 → C3_DISTRACTOR → RESTART3 → FAILED",4,FAILED
"C1_DISTRACTOR → C1.1_DISTRACTOR → C1.1.1_CORRECT → C2_CORRECT → C3_DISTRACTOR → RESTART1 → C3_CORRECT → COMPLETE",2,COMPLETE
"C1_DISTRACTOR → C1.1_DISTRACTOR → C1.1.1_CORRECT → C2_CORRECT → C3_DISTRACTOR → RESTART1 → C3_INCORRECT → RESTART2 → C3_CORRECT → COMPLETE",3,COMPLETE
"C1_DISTRACTOR → C1.1_DISTRACTOR → C1.1.1_CORRECT → C2_CORRECT → C3_DISTRACTOR → RESTART1 → C3_INCORRECT → RESTART2 → C3_INCORRECT → RESTART3 → FAILED",4,FAILED
"C1_DISTRACTOR → C1.1_DISTRACTOR → C1.1.1_CORRECT → C2_CORRECT → C3_DISTRACTOR → RESTART1 → C3_INCORRECT → RESTART2 → C3_DISTRACTOR → RESTART3 → FAILED",4,FAILED
"C1_DISTRACTOR → C1.1_DISTRACTOR → C1.1.1_CORRECT → C2_CORRECT → C3_DISTRACTOR → RESTART1 → C3_DISTRACTOR → RESTART2 → C3_CORRECT → COMPLETE",3,COMPLETE
"C1_DISTRACTOR → C1.1_DISTRACTOR → C1.1.1_CORRECT → C2_CORRECT → C3_DISTRACTOR → RESTART1 → C3_DISTRACTOR → RESTART2 → C3_INCORRECT → RESTART3 → FAILED",4,FAILED
"C1_DISTRACTOR → C1.1_DISTRACTOR → C1.1.1_CORRECT → C2_CORRECT → C3_DISTRACTOR → RESTART1 → C3_DISTRACTOR → RESTART2 → C3_DISTRACTOR → RESTART3 → FAILED",4,FAILED
"C1_DISTRACTOR → C1.1_DISTRACTOR → C1.1.1_CORRECT → C2_INCORRECT → RESTART1 → C2_CORRECT → C3_CORRECT → COMPLETE",2,COMPLETE
"C1_DISTRACTOR → C1.1_DISTRACTOR → C1.1.1_CORRECT → C2_INCORRECT → RESTART1 → C2_CORRECT → C3_INCORRECT → RESTART2 → C3_CORRECT → COMPLETE",3,COMPLETE
"C1_DISTRACTOR → C1.1_DISTRACTOR → C1.1.1_CORRECT → C2_INCORRECT → RESTART1 → C2_CORRECT → C3_INCORRECT → RESTART2 → C3_INCORRECT → RESTART3 → FAILED",4,FAILED
"C1_DISTRACTOR → C1.1_DISTRACTOR → C1.1.1_CORRECT → C2_INCORRECT → RESTART1 → C2_CORRECT → C3_INCORRECT → RESTART2 → C3_DISTRACTOR → RESTART3 → FAILED",4,FAILED
"C1_DISTRACTOR → C1.1_DISTRACTOR → C1.1.1_CORRECT → C2_INCORRECT → RESTART1 → C2_CORRECT → C3_DISTRACTOR → RESTART2 → C3_CORRECT → COMPLETE",3,COMPLETE
"C1_DISTRACTOR → C1.1_DISTRACTOR → C1.1.1_CORRECT → C2_INCORRECT → RESTART1 → C2_CORRECT → C3_DISTRACTOR → RESTART2 → C3_INCORRECT → RESTART3 → FAILED",4,FAILED
"C1_DISTRACTOR → C1.1_DISTRACTOR → C1.1.1_CORRECT → C2_INCORRECT → RESTART1 → C2_CORRECT → C3_DISTRACTOR → RESTART2 → C3_DISTRACTOR → RESTART3 → FAILED",4,FAILED
"C1_DISTRACTOR → C1.1_DISTRACTOR → C1.1.1_CORRECT → C2_INCORRECT → RESTART1 → C2_INCORRECT → RESTART2 → C2_CORRECT → C3_CORRECT → COMPLETE",3,COMPLETE
"C1_DISTRACTOR → C1.1_DISTRACTOR → C1.1.1_CORRECT → C2_INCORRECT → RESTART1 → C2_INCORRECT → RESTART2 → C2_CORRECT → C3_INCORRECT → RESTART3 → FAILED",4,FAILED
"C1_DISTRACTOR → C1.1_DISTRACTOR → C1.1.1_CORRECT → C2_INCORRECT → RESTART1 → C2_INCORRECT → RESTART2 → C2_CORRECT → C3_DISTRACTOR → RESTART3 → FAILED",4,FAILED
"C1_DISTRACTOR → C1.1_DISTRACTOR → C1.1.1_CORRECT → C2_INCORRECT → RESTART1 → C2_INCORRECT → RESTART2 → C2_INCORRECT → RESTART3 → FAILED",4,FAILED
"C1_DISTRACTOR → C1.1_DISTRACTOR → C1.1.1_CORRECT → C2_INCORRECT → RESTART1 → C2_INCORRECT → RESTART2 → C2_DISTRACTOR → C2.1_CORRECT → C3_CORRECT → COMPLETE",3,COMPLETE
"C1_DISTRACTOR → C1.1_DISTRACTOR → C1.1.1_CORRECT → C2_INCORRECT → RESTART1 → C2_INCORRECT → RESTART2 → C2_DISTRACTOR → C2.1_CORRECT → C3_INCORRECT → RESTART3 → FAILED",4,FAILED
"C1_DISTRACTOR → C1.1_DISTRACTOR → C1.1.1_CORRECT → C2_INCORRECT → RESTART1 → C2_INCORRECT → RESTART2 → C2_DISTRACTOR → C2.1_CORRECT → C3_DISTRACTOR → RESTART3 → FAILED",4,FAILED
"C1_DISTRACTOR → C1.1_DISTRACTOR → C1.1.1_CORRECT → C2_INCORRECT → RESTART1 → C2_INCORRECT → RESTART2 → C2_DISTRACTOR → C2.1_INCORRECT → RESTART3 → FAILED",4,FAILED
"C1_DISTRACTOR → C1.1_DISTRACTOR → C1.1.1_CORRECT → C2_INCORRECT → RESTART1 → C2_INCORRECT → RESTART2 → C2_DISTRACTOR → C2.1_DISTRACTOR → RESTART3 → FAILED",4,FAILED
"C1_DISTRACTOR → C1.1_DISTRACTOR → C1.1.1_CORRECT → C2_INCORRECT → RESTART1 → C2_DISTRACTOR → C2.1_CORRECT → C3_CORRECT → COMPLETE",2,COMPLETE
"C1_DISTRACTOR → C1.1_DISTRACTOR → C1.1.1_CORRECT → C2_INCORRECT → RESTART1 → C2_DISTRACTOR → C2.1_CORRECT → C3_INCORRECT → RESTART2 → C3_CORRECT → COMPLETE",3,COMPLETE
"C1_DISTRACTOR → C1.1_DISTRACTOR → C1.1.1_CORRECT → C2_INCORRECT → RESTART1 → C2_DISTRACTOR → C2.1_CORRECT → C3_INCORRECT → RESTART2 → C3_INCORRECT → RESTART3 → FAILED",4,FAILED
"C1_DISTRACTOR → C1.1_DISTRACTOR → C1.1.1_CORRECT → C2_INCORRECT → RESTART1 → C2_DISTRACTOR → C2.1_CORRECT → C3_INCORRECT → RESTART2 → C3_DISTRACTOR → RESTART3 → FAILED",4,FAILED
"C1_DISTRACTOR → C1.1_DISTRACTOR → C1.1.1_CORRECT → C2_INCORRECT → RESTART1 → C2_DISTRACTOR → C2.1_CORRECT → C3_DISTRACTOR → RESTART2 → C3_CORRECT → COMPLETE",3,COMPLETE
"C1_DISTRACTOR → C1.1_DISTRACTOR → C1.1.1_CORRECT → C2_INCORRECT → RESTART1 → C2_DISTRACTOR → C2.1_CORRECT → C3_DISTRACTOR → RESTART2 → C3_INCORRECT → RESTART3 → FAILED",4,FAILED
"C1_DISTRACTOR → C1.1_DISTRACTOR → C1.1.1_CORRECT → C2_INCORRECT → RESTART1 → C2_DISTRACTOR → C2.1_CORRECT → C3_DISTRACTOR → RESTART2 → C3_DISTRACTOR → RESTART3 → FAILED",4,FAILED
"C1_DISTRACTOR → C1.1_DISTRACTOR → C1.1.1_CORRECT → C2_INCORRECT → RESTART1 → C2_DISTRACTOR → C2.1_INCORRECT → RESTART2 → C2_CORRECT → C3_CORRECT → COMPLETE",3,COMPLETE
"C1_DISTRACTOR → C1.1_DISTRACTOR → C1.1.1_CORRECT → C2_INCORRECT → RESTART1 → C2_DISTRACTOR → C2.1_INCORRECT → RESTART2 → C2_CORRECT → C3_INCORRECT → RESTART3 → FAILED",4,FAILED
"C1_DISTRACTOR → C1.1_DISTRACTOR → C1.1.1_CORRECT → C2_INCORRECT → RESTART1 → C2_DISTRACTOR → C2.1_INCORRECT → RESTART2 → C2_CORRECT → C3_DISTRACTOR → RESTART3 → FAILED",4,FAILED
"C1_DISTRACTOR → C1.1_DISTRACTOR → C1.1.1_CORRECT → C2_INCORRECT → RESTART1 → C2_DISTRACTOR → C2.1_INCORRECT → RESTART2 → C2_INCORRECT → RESTART3 → FAILED",4,FAILED
"C1_DISTRACTOR → C1.1_DISTRACTOR → C1.1.1_CORRECT → C2_INCORRECT → RESTART1 → C2_DISTRACTOR → C2.1_INCORRECT → RESTART2 → C2_DISTRACTOR → C2.1_CORRECT → C3_CORRECT → COMPLETE",3,COMPLETE
"C1_DISTRACTOR → C1.1_DISTRACTOR → C1.1.1_CORRECT → C2_INCORRECT → RESTART1 → C2_DISTRACTOR → C2.1_INCORRECT → RESTART2 → C2_DISTRACTOR → C2.1_CORRECT → C3_INCORRECT → RESTART3 → FAILED",4,FAILED
"C1_DISTRACTOR → C1.1_DISTRACTOR → C1.1.1_CORRECT → C2_INCORRECT → RESTART1 → C2_DISTRACTOR → C2.1_INCORRECT → RESTART2 → C2_DISTRACTOR → C2.1_CORRECT → C3_DISTRACTOR → RESTART3 → FAILED",4,FAILED
"C1_DISTRACTOR → C1.1_DISTRACTOR → C1.1.1_CORRECT → C2_INCORRECT → RESTART1 → C2_DISTRACTOR → C2.1_INCORRECT → RESTART2 → C2_DISTRACTOR → C2.1_INCORRECT → RESTART3 → FAILED",4,FAILED
"C1_DISTRACTOR → C1.1_DISTRACTOR → C1.1.1_CORRECT → C2_INCORRECT → RESTART1 → C2_DISTRACTOR → C2.1_INCORRECT → RESTART2 → C2_DISTRACTOR → C2.1_DISTRACTOR → RESTART3 → FAILED",4,FAILED
"C1_DISTRACTOR → C1.1_DISTRACTOR → C1.1.1_CORRECT → C2_INCORRECT → RESTART1 → C2_DISTRACTOR → C2.1_DISTRACTOR → RESTART2 → C2_CORRECT → C3_CORRECT → COMPLETE",3,COMPLETE
"C1_DISTRACTOR → C1.1_DISTRACTOR → C1.1.1_CORRECT → C2_INCORRECT → RESTART1 → C2_DISTRACTOR → C2.1_DISTRACTOR → RESTART2 → C2_CORRECT → C3_INCORRECT → RESTART3 → FAILED",4,FAILED
"C1_DISTRACTOR → C1.1_DISTRACTOR → C1.1.1_CORRECT → C2_INCORRECT → RESTART1 → C2_DISTRACTOR → C2.1_DISTRACTOR → RESTART2 → C2_CORRECT → C3_DISTRACTOR → RESTART3 → FAILED",4,FAILED
"C1_DISTRACTOR → C1.1_DISTRACTOR → C1.1.1_CORRECT → C2_INCORRECT → RESTART1 → C2_DISTRACTOR → C2.1_DISTRACTOR → RESTART2 → C2_INCORRECT → RESTART3 → FAILED",4,FAILED
"C1_DISTRACTOR → C1.1_DISTRACTOR → C1.1.1_CORRECT → C2_INCORRECT → RESTART1 → C2_DISTRACTOR → C2.1_DISTRACTOR → RESTART2 → C2_DISTRACTOR → C2.1_CORRECT → C3_CORRECT → COMPLETE",3,COMPLETE
"C1_DISTRACTOR → C1.1_DISTRACTOR → C1.1.1_CORRECT → C2_INCORRECT → RESTART1 → C2_DISTRACTOR → C2.1_DISTRACTOR → RESTART2 → C2_DISTRACTOR → C2.1_CORRECT → C3_INCORRECT → RESTART3 → FAILED",4,FAILED
"C1_DISTRACTOR → C1.1_DISTRACTOR → C1.1.1_CORRECT → C2_INCORRECT → RESTART1 → C2_DISTRACTOR → C2.1_DISTRACTOR → RESTART2 → C2_DISTRACTOR → C2.1_CORRECT → C3_DISTRACTOR → RESTART3 → FAILED",4,FAILED
"C1_DISTRACTOR → C1.1_DISTRACTOR → C1.1.1_CORRECT → C2_INCORRECT → RESTART1 → C2_DISTRACTOR → C2.1_DISTRACTOR → RESTART2 → C2_DISTRACTOR → C2.1_INCORRECT → RESTART3 → FAILED",4,FAILED
"C1_DISTRACTOR → C1.1_DISTRACTOR → C1.1.1_CORRECT → C2_INCORRECT → RESTART1 → C2_DISTRACTOR → C2.1_DISTRACTOR → RESTART2 → C2_DISTRACTOR → C2.1_DISTRACTOR → RESTART3 → FAILED",4,FAILED
"C1_DISTRACTOR → C1.1_DISTRACTOR → C1.1.1_CORRECT → C2_DISTRACTOR → C2.1_CORRECT → C3_CORRECT → COMPLETE",1,COMPLETE
"C1_DISTRACTOR → C1.1_DISTRACTOR → C1.1.1_CORRECT → C2_DISTRACTOR → C2.1_CORRECT → C3_INCORRECT → RESTART1 → C3_CORRECT → COMPLETE",2,COMPLETE
"C1_DISTRACTOR → C1.1_DISTRACTOR → C1.1.1_CORRECT → C2_DISTRACTOR → C2.1_CORRECT → C3_INCORRECT → RESTART1 → C3_INCORRECT → RESTART2 → C3_CORRECT → COMPLETE",3,COMPLETE
"C1_DISTRACTOR → C1.1_DISTRACTOR → C1.1.1_CORRECT → C2_DISTRACTOR → C2.1_CORRECT → C3_INCORRECT → RESTART1 → C3_INCORRECT → RESTART2 → C3_INCORRECT → RESTART3 → FAILED",4,FAILED
"C1_DISTRACTOR → C1.1_DISTRACTOR → C1.1.1_CORRECT → C2_DISTRACTOR → C2.1_CORRECT → C3_INCORRECT → RESTART1 → C3_INCORRECT → RESTART2 → C3_DISTRACTOR → RESTART3 → FAILED",4,FAILED
"C1_DISTRACTOR → C1.1_DISTRACTOR → C1.1.1_CORRECT → C2_DISTRACTOR → C2.1_CORRECT → C3_INCORRECT → RESTART1 → C3_DISTRACTOR → RESTART2 → C3_CORRECT → COMPLETE",3,COMPLETE
"C1_DISTRACTOR → C1.1_DISTRACTOR → C1.1.1_CORRECT → C2_DISTRACTOR → C2.1_CORRECT → C3_INCORRECT → RESTART1 → C3_DISTRACTOR → RESTART2 → C3_INCORRECT → RESTART3 → FAILED",4,FAILED
"C1_DISTRACTOR → C1.1_DISTRACTOR → C1.1.1_CORRECT → C2_DISTRACTOR → C2.1_CORRECT → C3_INCORRECT → RESTART1 → C3_DISTRACTOR → RESTART2 → C3_DISTRACTOR → RESTART3 → FAILED",4,FAILED
"C1_DISTRACTOR → C1.1_DISTRACTOR → C1.1.1_CORRECT → C2_DISTRACTOR → C2.1_CORRECT → C3_DISTRACTOR → RESTART1 → C3_CORRECT → COMPLETE",2,COMPLETE
"C1_DISTRACTOR → C1.1_DISTRACTOR → C1.1.1_CORRECT → C2_DISTRACTOR → C2.1_CORRECT → C3_DISTRACTOR → RESTART1 → C3_INCORRECT → RESTART2 → C3_CORRECT → COMPLETE",3,COMPLETE
"C1_DISTRACTOR → C1.1_DISTRACTOR → C1.1.1_CORRECT → C2_DISTRACTOR → C2.1_CORRECT → C3_DISTRACTOR → RESTART1 → C3_INCORRECT → RESTART2 → C3_INCORRECT → RESTART3 → FAILED",4,FAILED
"C1_DISTRACTOR → C1.1_DISTRACTOR → C1.1.1_CORRECT → C2_DISTRACTOR → C2.1_CORRECT → C3_DISTRACTOR → RESTART1 → C3_INCORRECT → RESTART2 → C3_DISTRACTOR → RESTART3 → FAILED",4,FAILED
"C1_DISTRACTOR → C1.1_DISTRACTOR → C1.1.1_CORRECT → C2_DISTRACTOR → C2.1_CORRECT → C3_DISTRACTOR → RESTART1 → C3_DISTRACTOR → RESTART2 → C3_CORRECT → COMPLETE",3,COMPLETE
"C1_DISTRACTOR → C1.1_DISTRACTOR → C1.1.1_CORRECT → C2_DISTRACTOR → C2.1_CORRECT → C3_DISTRACTOR → RESTART1 → C3_DISTRACTOR → RESTART2 → C3_INCORRECT → RESTART3 → FAILED",4,FAILED
"C1_DISTRACTOR → C1.1_DISTRACTOR → C1.1.1_CORRECT → C2_DISTRACTOR → C2.1_CORRECT → C3_DISTRACTOR → RESTART1 → C3_DISTRACTOR → RESTART2 → C3_DISTRACTOR → RESTART3 → FAILED",4,FAILED
"C1_DISTRACTOR → C1.1_DISTRACTOR → C1.1.1_CORRECT → C2_DISTRACTOR → C2.1_INCORRECT → RESTART1 → C2_CORRECT → C3_CORRECT → COMPLETE",2,COMPLETE
"C1_DISTRACTOR → C1.1_DISTRACTOR → C1.1.1_CORRECT → C2_DISTRACTOR → C2.1_INCORRECT → RESTART1 → C2_CORRECT → C3_INCORRECT → RESTART2 → C3_CORRECT → COMPLETE",3,COMPLETE
"C1_DISTRACTOR → C1.1_DISTRACTOR → C1.1.1_CORRECT → C2_DISTRACTOR → C2.1_INCORRECT → RESTART1 → C2_CORRECT → C3_INCORRECT → RESTART2 → C3_INCORRECT → RESTART3 → FAILED",4,FAILED
"C1_DISTRACTOR → C1.1_DISTRACTOR → C1.1.1_CORRECT → C2_DISTRACTOR → C2.1_INCORRECT → RESTART1 → C2_CORRECT → C3_INCORRECT → RESTART2 → C3_DISTRACTOR → RESTART3 → FAILED",4,FAILED
"C1_DISTRACTOR → C1.1_DISTRACTOR → C1.1.1_CORRECT → C2_DISTRACTOR → C2.1_INCORRECT → RESTART1 → C2_CORRECT → C3_DISTRACTOR → RESTART2 → C3_CORRECT → COMPLETE",3,COMPLETE
"C1_DISTRACTOR → C1.1_DISTRACTOR → C1.1.1_CORRECT → C2_DISTRACTOR → C2.1_INCORRECT → RESTART1 → C2_CORRECT → C3_DISTRACTOR → RESTART2 → C3_INCORRECT → RESTART3 → FAILED",4,FAILED
"C1_DISTRACTOR → C1.1_DISTRACTOR → C1.1.1_CORRECT → C2_DISTRACTOR → C2.1_INCORRECT → RESTART1 → C2_CORRECT → C3_DISTRACTOR → RESTART2 → C3_DISTRACTOR → RESTART3 → FAILED",4,FAILED
"C1_DISTRACTOR → C1.1_DISTRACTOR → C1.1.1_CORRECT → C2_DISTRACTOR → C2.1_INCORRECT → RESTART1 → C2_INCORRECT → RESTART2 → C2_CORRECT → C3_CORRECT → COMPLETE",3,COMPLETE
"C1_DISTRACTOR → C1.1_DISTRACTOR → C1.1.1_CORRECT → C2_DISTRACTOR → C2.1_INCORRECT → RESTART1 → C2_INCORRECT → RESTART2 → C2_CORRECT → C3_INCORRECT → RESTART3 → FAILED",4,FAILED
"C1_DISTRACTOR → C1.1_DISTRACTOR → C1.1.1_CORRECT → C2_DISTRACTOR → C2.1_INCORRECT → RESTART1 → C2_INCORRECT → RESTART2 → C2_CORRECT → C3_DISTRACTOR → RESTART3 → FAILED",4,FAILED
"C1_DISTRACTOR → C1.1_DISTRACTOR → C1.1.1_CORRECT → C2_DISTRACTOR → C2.1_INCORRECT → RESTART1 → C2_INCORRECT → RESTART2 → C2_INCORRECT → RESTART3 → FAILED",4,FAILED
"C1_DISTRACTOR → C1.1_DISTRACTOR → C1.1.1_CORRECT → C2_DISTRACTOR → C2.1_INCORRECT → RESTART1 → C2_INCORRECT → RESTART2 → C2_DISTRACTOR → C2.1_CORRECT → C3_CORRECT → COMPLETE",3,COMPLETE
"C1_DISTRACTOR → C1.1_DISTRACTOR → C1.1.1_CORRECT → C2_DISTRACTOR → C2.1_INCORRECT → RESTART1 → C2_INCORRECT → RESTART2 → C2_DISTRACTOR → C2.1_CORRECT → C3_INCORRECT → RESTART3 → FAILED",4,FAILED
"C1_DISTRACTOR → C1.1_DISTRACTOR → C1.1.1_CORRECT → C2_DISTRACTOR → C2.1_INCORRECT → RESTART1 → C2_INCORRECT → RESTART2 → C2_DISTRACTOR → C2.1_CORRECT → C3_DISTRACTOR → RESTART3 → FAILED",4,FAILED
"C1_DISTRACTOR → C1.1_DISTRACTOR → C1.1.1_CORRECT → C2_DISTRACTOR → C2.1_INCORRECT → RESTART1 → C2_INCORRECT → RESTART2 → C2_DISTRACTOR → C2.1_INCORRECT → RESTART3 → FAILED",4,FAILED
"C1_DISTRACTOR → C1.1_DISTRACTOR → C1.1.1_CORRECT → C2_DISTRACTOR → C2.1_INCORRECT → RESTART1 → C2_INCORRECT → RESTART2 → C2_DISTRACTOR → C2.1_DISTRACTOR → RESTART3 → FAILED",4,FAILED
"C1_DISTRACTOR → C1.1_DISTRACTOR → C1.1.1_CORRECT → C2_DISTRACTOR → C2.1_INCORRECT → RESTART1 → C2_DISTRACTOR → C2.1_CORRECT → C3_CORRECT → COMPLETE",2,COMPLETE
"C1_DISTRACTOR → C1.1_DISTRACTOR → C1.1.1_CORRECT → C2_DISTRACTOR → C2.1_INCORRECT → RESTART1 → C2_DISTRACTOR → C2.1_CORRECT → C3_INCORRECT → RESTART2 → C3_CORRECT → COMPLETE",3,COMPLETE
"C1_DISTRACTOR → C1.1_DISTRACTOR → C1.1.1_CORRECT → C2_DISTRACTOR → C2.1_INCORRECT → RESTART1 → C2_DISTRACTOR → C2.1_CORRECT → C3_INCORRECT → RESTART2 → C3_INCORRECT → RESTART3 → FAILED",4,FAILED
"C1_DISTRACTOR → C1.1_DISTRACTOR → C1.1.1_CORRECT → C2_DISTRACTOR → C2.1_INCORRECT → RESTART1 → C2_DISTRACTOR → C2.1_CORRECT → C3_INCORRECT → RESTART2 → C3_DISTRACTOR → RESTART3 → FAILED",4,FAILED
"C1_DISTRACTOR → C1.1_DISTRACTOR → C1.1.1_CORRECT → C2_DISTRACTOR → C2.1_INCORRECT → RESTART1 → C2_DISTRACTOR → C2.1_CORRECT → C3_DISTRACTOR → RESTART2 → C3_CORRECT → COMPLETE",3,COMPLETE
"C1_DISTRACTOR → C1.1_DISTRACTOR → C1.1.1_CORRECT → C2_DISTRACTOR → C2.1_INCORRECT → RESTART1 → C2_DISTRACTOR → C2.1_CORRECT → C3_DISTRACTOR → RESTART2 → C3_INCORRECT → RESTART3 → FAILED",4,FAILED
"C1_DISTRACTOR → C1.1_DISTRACTOR → C1.1.1_CORRECT → C2_DISTRACTOR → C2.1_INCORRECT → RESTART1 → C2_DISTRACTOR → C2.1_CORRECT → C3_DISTRACTOR → RESTART2 → C3_DISTRACTOR → RESTART3 → FAILED",4,FAILED
"C1_DISTRACTOR → C1.1_DISTRACTOR → C1.1.1_CORRECT → C2_DISTRACTOR → C2.1_INCORRECT → RESTART1 → C2_DISTRACTOR → C2.1_INCORRECT → RESTART2 → C2_CORRECT → C3_CORRECT → COMPLETE",3,COMPLETE
"C1_DISTRACTOR → C1.1_DISTRACTOR → C1.1.1_CORRECT → C2_DISTRACTOR → C2.1_INCORRECT → RESTART1 → C2_DISTRACTOR → C2.1_INCORRECT → RESTART2 → C2_CORRECT → C3_INCORRECT → RESTART3 → FAILED",4,FAILED
"C1_DISTRACTOR → C1.1_DISTRACTOR → C1.1.1_CORRECT → C2_DISTRACTOR → C2.1_INCORRECT → RESTART1 → C2_DISTRACTOR → C2.1_INCORRECT → RESTART2 → C2_CORRECT → C3_DISTRACTOR → RESTART3 → FAILED",4,FAILED
"C1_DISTRACTOR → C1.1_DISTRACTOR → C1.1.1_CORRECT → C2_DISTRACTOR → C2.1_INCORRECT → RESTART1 → C2_DISTRACTOR → C2.1_INCORRECT → RESTART2 → C2_INCORRECT → RESTART3 → FAILED",4,FAILED
"C1_DISTRACTOR → C1.1_DISTRACTOR → C1.1.1_CORRECT → C2_DISTRACTOR → C2.1_INCORRECT → RESTART1 → C2_DISTRACTOR → C2.1_INCORRECT → RESTART2 → C2_DISTRACTOR → C2.1_CORRECT → C3_CORRECT → COMPLETE",3,COMPLETE
"C1_DISTRACTOR → C1.1_DISTRACTOR → C1.1.1_CORRECT → C2_DISTRACTOR → C2.1_INCORRECT → RESTART1 → C2_DISTRACTOR → C2.1_INCORRECT → RESTART2 → C2_DISTRACTOR → C2.1_CORRECT → C3_INCORRECT → RESTART3 → FAILED",4,FAILED
"C1_DISTRACTOR → C1.1_DISTRACTOR → C1.1.1_CORRECT → C2_DISTRACTOR → C2.1_INCORRECT → RESTART1 → C2_DISTRACTOR → C2.1_INCORRECT → RESTART2 → C2_DISTRACTOR → C2.1_CORRECT → C3_DISTRACTOR → RESTART3 → FAILED",4,FAILED
"C1_DISTRACTOR → C1.1_DISTRACTOR → C1.1.1_CORRECT → C2_DISTRACTOR → C2.1_INCORRECT → RESTART1 → C2_DISTRACTOR → C2.1_INCORRECT → RESTART2 → C2_DISTRACTOR → C2.1_INCORRECT → RESTART3 → FAILED",4,FAILED
"C1_DISTRACTOR → C1.1_DISTRACTOR → C1.1.1_CORRECT → C2_DISTRACTOR → C2.1_INCORRECT → RESTART1 → C2_DISTRACTOR → C2.1_INCORRECT → RESTART2 → C2_DISTRACTOR → C2.1_DISTRACTOR → RESTART3 → FAILED",4,FAILED
"C1_DISTRACTOR → C1.1_DISTRACTOR → C1.1.1_CORRECT → C2_DISTRACTOR → C2.1_INCORRECT → RESTART1 → C2_DISTRACTOR → C2.1_DISTRACTOR → RESTART2 → C2_CORRECT → C3_CORRECT → COMPLETE",3,COMPLETE
"C1_DISTRACTOR → C1.1_DISTRACTOR → C1.1.1_CORRECT → C2_DISTRACTOR → C2.1_INCORRECT → RESTART1 → C2_DISTRACTOR → C2.1_DISTRACTOR → RESTART2 → C2_CORRECT → C3_INCORRECT → RESTART3 → FAILED",4,FAILED
"C1_DISTRACTOR → C1.1_DISTRACTOR → C1.1.1_CORRECT → C2_DISTRACTOR → C2.1_INCORRECT → RESTART1 → C2_DISTRACTOR → C2.1_DISTRACTOR → RESTART2 → C2_CORRECT → C3_DISTRACTOR → RESTART3 → FAILED",4,FAILED
"C1_DISTRACTOR → C1.1_DISTRACTOR → C1.1.1_CORRECT → C2_DISTRACTOR → C2.1_INCORRECT → RESTART1 → C2_DISTRACTOR → C2.1_DISTRACTOR → RESTART2 → C2_INCORRECT → RESTART3 → FAILED",4,FAILED
"C1_DISTRACTOR → C1.1_DISTRACTOR → C1.1.1_CORRECT → C2_DISTRACTOR → C2.1_INCORRECT → RESTART1 → C2_DISTRACTOR → C2.1_DISTRACTOR → RESTART2 → C2_DISTRACTOR → C2.1_CORRECT → C3_CORRECT → COMPLETE",3,COMPLETE
"C1_DISTRACTOR → C1.1_DISTRACTOR → C1.1.1_CORRECT → C2_DISTRACTOR → C2.1_INCORRECT → RESTART1 → C2_DISTRACTOR → C2.1_DISTRACTOR → RESTART2 → C2_DISTRACTOR → C2.1_CORRECT → C3_INCORRECT → RESTART3 → FAILED",4,FAILED
"C1_DISTRACTOR → C1.1_DISTRACTOR → C1.1.1_CORRECT → C2_DISTRACTOR → C2.1_INCORRECT → RESTART1 → C2_DISTRACTOR → C2.1_DISTRACTOR → RESTART2 → C2_DISTRACTOR → C2.1_CORRECT → C3_DISTRACTOR → RESTART3 → FAILED",4,FAILED
"C1_DISTRACTOR → C1.1_DISTRACTOR → C1.1.1_CORRECT → C2_DISTRACTOR → C2.1_INCORRECT → RESTART1 → C2_DISTRACTOR → C2.1_DISTRACTOR → RESTART2 → C2_DISTRACTOR → C2.1_INCORRECT → RESTART3 → FAILED",4,FAILED
"C1_DISTRACTOR → C1.1_DISTRACTOR → C1.1.1_CORRECT → C2_DISTRACTOR → C2.1_INCORRECT → RESTART1 → C2_DISTRACTOR → C2.1_DISTRACTOR → RESTART2 → C2_DISTRACTOR → C2.1_DISTRACTOR → RESTART3 → FAILED",4,FAILED
"C1_DISTRACTOR → C1.1_DISTRACTOR → C1.1.1_CORRECT → C2_DISTRACTOR → C2.1_DISTRACTOR → RESTART1 → C2_CORRECT → C3_CORRECT → COMPLETE",2,COMPLETE
"C1_DISTRACTOR → C1.1_DISTRACTOR → C1.1.1_CORRECT → C2_DISTRACTOR → C2.1_DISTRACTOR → RESTART1 → C2_CORRECT → C3_INCORRECT → RESTART2 → C3_CORRECT → COMPLETE",3,COMPLETE
"C1_DISTRACTOR → C1.1_DISTRACTOR → C1.1.1_CORRECT → C2_DISTRACTOR → C2.1_DISTRACTOR → RESTART1 → C2_CORRECT → C3_INCORRECT → RESTART2 → C3_INCORRECT → RESTART3 → FAILED",4,FAILED
"C1_DISTRACTOR → C1.1_DISTRACTOR → C1.1.1_CORRECT → C2_DISTRACTOR → C2.1_DISTRACTOR → RESTART1 → C2_CORRECT → C3_INCORRECT → RESTART2 → C3_DISTRACTOR → RESTART3 → FAILED",4,FAILED
"C1_DISTRACTOR → C1.1_DISTRACTOR → C1.1.1_CORRECT → C2_DISTRACTOR → C2.1_DISTRACTOR → RESTART1 → C2_CORRECT → C3_DISTRACTOR → RESTART2 → C3_CORRECT → COMPLETE",3,COMPLETE
"C1_DISTRACTOR → C1.1_DISTRACTOR → C1.1.1_CORRECT → C2_DISTRACTOR → C2.1_DISTRACTOR → RESTART1 → C2_CORRECT → C3_DISTRACTOR → RESTART2 → C3_INCORRECT → RESTART3 → FAILED",4,FAILED
"C1_DISTRACTOR → C1.1_DISTRACTOR → C1.1.1_CORRECT → C2_DISTRACTOR → C2.1_DISTRACTOR → RESTART1 → C2_CORRECT → C3_DISTRACTOR → RESTART2 → C3_DISTRACTOR → RESTART3 → FAILED",4,FAILED
"C1_DISTRACTOR → C1.1_DISTRACTOR → C1.1.1_CORRECT → C2_DISTRACTOR → C2.1_DISTRACTOR → RESTART1 → C2_INCORRECT → RESTART2 → C2_CORRECT → C3_CORRECT → COMPLETE",3,COMPLETE
"C1_DISTRACTOR → C1.1_DISTRACTOR → C1.1.1_CORRECT → C2_DISTRACTOR → C2.1_DISTRACTOR → RESTART1 → C2_INCORRECT → RESTART2 → C2_CORRECT → C3_INCORRECT → RESTART3 → FAILED",4,FAILED
"C1_DISTRACTOR → C1.1_DISTRACTOR → C1.1.1_CORRECT → C2_DISTRACTOR → C2.1_DISTRACTOR → RESTART1 → C2_INCORRECT → RESTART2 → C2_CORRECT → C3_DISTRACTOR → RESTART3 → FAILED",4,FAILED
"C1_DISTRACTOR → C1.1_DISTRACTOR → C1.1.1_CORRECT → C2_DISTRACTOR → C2.1_DISTRACTOR → RESTART1 → C2_INCORRECT → RESTART2 → C2_INCORRECT → RESTART3 → FAILED",4,FAILED
"C1_DISTRACTOR → C1.1_DISTRACTOR → C1.1.1_CORRECT → C2_DISTRACTOR → C2.1_DISTRACTOR → RESTART1 → C2_INCORRECT → RESTART2 → C2_DISTRACTOR → C2.1_CORRECT → C3_CORRECT → COMPLETE",3,COMPLETE
"C1_DISTRACTOR → C1.1_DISTRACTOR → C1.1.1_CORRECT → C2_DISTRACTOR → C2.1_DISTRACTOR → RESTART1 → C2_INCORRECT → RESTART2 → C2_DISTRACTOR → C2.1_CORRECT → C3_INCORRECT → RESTART3 → FAILED",4,FAILED
"C1_DISTRACTOR → C1.1_DISTRACTOR → C1.1.1_CORRECT → C2_DISTRACTOR → C2.1_DISTRACTOR → RESTART1 → C2_INCORRECT → RESTART2 → C2_DISTRACTOR → C2.1_CORRECT → C3_DISTRACTOR → RESTART3 → FAILED",4,FAILED
"C1_DISTRACTOR → C1.1_DISTRACTOR → C1.1.1_CORRECT → C2_DISTRACTOR → C2.1_DISTRACTOR → RESTART1 → C2_INCORRECT → RESTART2 → C2_DISTRACTOR → C2.1_INCORRECT → RESTART3 → FAILED",4,FAILED
"C1_DISTRACTOR → C1.1_DISTRACTOR → C1.1.1_CORRECT → C2_DISTRACTOR → C2.1_DISTRACTOR → RESTART1 → C2_INCORRECT → RESTART2 → C2_DISTRACTOR → C2.1_DISTRACTOR → RESTART3 → FAILED",4,FAILED
"C1_DISTRACTOR → C1.1_DISTRACTOR → C1.1.1_CORRECT → C2_DISTRACTOR → C2.1_DISTRACTOR → RESTART1 → C2_DISTRACTOR → C2.1_CORRECT → C3_CORRECT → COMPLETE",2,COMPLETE
"C1_DISTRACTOR → C1.1_DISTRACTOR → C1.1.1_CORRECT → C2_DISTRACTOR → C2.1_DISTRACTOR → RESTART1 → C2_DISTRACTOR → C2.1_CORRECT → C3_INCORRECT → RESTART2 → C3_CORRECT → COMPLETE",3,COMPLETE
"C1_DISTRACTOR → C1.1_DISTRACTOR → C1.1.1_CORRECT → C2_DISTRACTOR → C2.1_DISTRACTOR → RESTART1 → C2_DISTRACTOR → C2.1_CORRECT → C3_INCORRECT → RESTART2 → C3_INCORRECT → RESTART3 → FAILED",4,FAILED
"C1_DISTRACTOR → C1.1_DISTRACTOR → C1.1.1_CORRECT → C2_DISTRACTOR → C2.1_DISTRACTOR → RESTART1 → C2_DISTRACTOR → C2.1_CORRECT → C3_INCORRECT → RESTART2 → C3_DISTRACTOR → RESTART3 → FAILED",4,FAILED
"C1_DISTRACTOR → C1.1_DISTRACTOR → C1.1.1_CORRECT → C2_DISTRACTOR → C2.1_DISTRACTOR → RESTART1 → C2_DISTRACTOR → C2.1_CORRECT → C3_DISTRACTOR → RESTART2 → C3_CORRECT → COMPLETE",3,COMPLETE
"C1_DISTRACTOR → C1.1_DISTRACTOR → C1.1.1_CORRECT → C2_DISTRACTOR → C2.1_DISTRACTOR → RESTART1 → C2_DISTRACTOR → C2.1_CORRECT → C3_DISTRACTOR → RESTART2 → C3_INCORRECT → RESTART3 → FAILED",4,FAILED
"C1_DISTRACTOR → C1.1_DISTRACTOR → C1.1.1_CORRECT → C2_DISTRACTOR → C2.1_DISTRACTOR → RESTART1 → C2_DISTRACTOR → C2.1_CORRECT → C3_DISTRACTOR → RESTART2 → C3_DISTRACTOR → RESTART3 → FAILED",4,FAILED
"C1_DISTRACTOR → C1.1_DISTRACTOR → C1.1.1_CORRECT → C2_DISTRACTOR → C2.1_DISTRACTOR → RESTART1 → C2_DISTRACTOR → C2.1_INCORRECT → RESTART2 → C2_CORRECT → C3_CORRECT → COMPLETE",3,COMPLETE
"C1_DISTRACTOR → C1.1_DISTRACTOR → C1.1.1_CORRECT → C2_DISTRACTOR → C2.1_DISTRACTOR → RESTART1 → C2_DISTRACTOR → C2.1_INCORRECT → RESTART2 → C2_CORRECT → C3_INCORRECT → RESTART3 → FAILED",4,FAILED
"C1_DISTRACTOR → C1.1_DISTRACTOR → C1.1.1_CORRECT → C2_DISTRACTOR → C2.1_DISTRACTOR → RESTART1 → C2_DISTRACTOR → C2.1_INCORRECT → RESTART2 → C2_CORRECT → C3_DISTRACTOR → RESTART3 → FAILED",4,FAILED
"C1_DISTRACTOR → C1.1_DISTRACTOR → C1.1.1_CORRECT → C2_DISTRACTOR → C2.1_DISTRACTOR → RESTART1 → C2_DISTRACTOR → C2.1_INCORRECT → RESTART2 → C2_INCORRECT → RESTART3 → FAILED",4,FAILED
"C1_DISTRACTOR → C1.1_DISTRACTOR → C1.1.1_CORRECT → C2_DISTRACTOR → C2.1_DISTRACTOR → RESTART1 → C2_DISTRACTOR → C2.1_INCORRECT → RESTART2 → C2_DISTRACTOR → C2.1_CORRECT → C3_CORRECT → COMPLETE",3,COMPLETE
"C1_DISTRACTOR → C1.1_DISTRACTOR → C1.1.1_CORRECT → C2_DISTRACTOR → C2.1_DISTRACTOR → RESTART1 → C2_DISTRACTOR → C2.1_INCORRECT → RESTART2 → C2_DISTRACTOR → C2.1_CORRECT → C3_INCORRECT → RESTART3 → FAILED",4,FAILED
"C1_DISTRACTOR → C1.1_DISTRACTOR → C1.1.1_CORRECT → C2_DISTRACTOR → C2.1_DISTRACTOR → RESTART1 → C2_DISTRACTOR → C2.1_INCORRECT → RESTART2 → C2_DISTRACTOR → C2.1_CORRECT → C3_DISTRACTOR → RESTART3 → FAILED",4,FAILED
"C1_DISTRACTOR → C1.1_DISTRACTOR → C1.1.1_CORRECT → C2_DISTRACTOR → C2.1_DISTRACTOR → RESTART1 → C2_DISTRACTOR → C2.1_INCORRECT → RESTART2 → C2_DISTRACTOR → C2.1_INCORRECT → RESTART3 → FAILED",4,FAILED
"C1_DISTRACTOR → C1.1_DISTRACTOR → C1.1.1_CORRECT → C2_DISTRACTOR → C2.1_DISTRACTOR → RESTART1 → C2_DISTRACTOR → C2.1_INCORRECT → RESTART2 → C2_DISTRACTOR → C2.1_DISTRACTOR → RESTART3 → FAILED",4,FAILED
"C1_DISTRACTOR → C1.1_DISTRACTOR → C1.1.1_CORRECT → C2_DISTRACTOR → C2.1_DISTRACTOR → RESTART1 → C2_DISTRACTOR → C2.1_DISTRACTOR → RESTART2 → C2_CORRECT → C3_CORRECT → COMPLETE",3,COMPLETE
"C1_DISTRACTOR → C1.1_DISTRACTOR → C1.1.1_CORRECT → C2_DISTRACTOR → C2.1_DISTRACTOR → RESTART1 → C2_DISTRACTOR → C2.1_DISTRACTOR → RESTART2 → C2_CORRECT → C3_INCORRECT → RESTART3 → FAILED",4,FAILED
"C1_DISTRACTOR → C1.1_DISTRACTOR → C1.1.1_CORRECT → C2_DISTRACTOR → C2.1_DISTRACTOR → RESTART1 → C2_DISTRACTOR → C2.1_DISTRACTOR → RESTART2 → C2_CORRECT → C3_DISTRACTOR → RESTART3 → FAILED",4,FAILED
"C1_DISTRACTOR → C1.1_DISTRACTOR → C1.1.1_CORRECT → C2_DISTRACTOR → C2.1_DISTRACTOR → RESTART1 → C2_DISTRACTOR → C2.1_DISTRACTOR → RESTART2 → C2_INCORRECT → RESTART3 → FAILED",4,FAILED
"C1_DISTRACTOR → C1.1_DISTRACTOR → C1.1.1_CORRECT → C2_DISTRACTOR → C2.1_DISTRACTOR → RESTART1 → C2_DISTRACTOR → C2.1_DISTRACTOR → RESTART2 → C2_DISTRACTOR → C2.1_CORRECT → C3_CORRECT → COMPLETE",3,COMPLETE
"C1_DISTRACTOR → C1.1_DISTRACTOR → C1.1.1_CORRECT → C2_DISTRACTOR → C2.1_DISTRACTOR → RESTART1 → C2_DISTRACTOR → C2.1_DISTRACTOR → RESTART2 → C2_DISTRACTOR → C2.1_CORRECT → C3_INCORRECT → RESTART3 → FAILED",4,FAILED
"C1_DISTRACTOR → C1.1_DISTRACTOR → C1.1.1_CORRECT → C2_DISTRACTOR → C2.1_DISTRACTOR → RESTART1 → C2_DISTRACTOR → C2.1_DISTRACTOR → RESTART2 → C2_DISTRACTOR → C2.1_CORRECT → C3_DISTRACTOR → RESTART3 → FAILED",4,FAILED
"C1_DISTRACTOR → C1.1_DISTRACTOR → C1.1.1_CORRECT → C2_DISTRACTOR → C2.1_DISTRACTOR → RESTART1 → C2_DISTRACTOR → C2.1_DISTRACTOR → RESTART2 → C2_DISTRACTOR → C2.1_INCORRECT → RESTART3 → FAILED",4,FAILED
"C1_DISTRACTOR → C1.1_DISTRACTOR → C1.1.1_CORRECT → C2_DISTRACTOR → C2.1_DISTRACTOR → RESTART1 → C2_DISTRACTOR → C2.1_DISTRACTOR → RESTART2 → C2_DISTRACTOR → C2.1_DISTRACTOR → RESTART3 → FAILED",4,FAILED
"C1_DISTRACTOR → C1.1_DISTRACTOR → C1.1.1_INCORRECT → RESTART1 → C1_CORRECT → C2_CORRECT → C3_CORRECT → COMPLETE",2,COMPLETE
"C1_DISTRACTOR → C1.1_DISTRACTOR → C1.1.1_INCORRECT → RESTART1 → C1_CORRECT → C2_CORRECT → C3_INCORRECT → RESTART2 → C3_CORRECT → COMPLETE",3,COMPLETE
"C1_DISTRACTOR → C1.1_DISTRACTOR → C1.1.1_INCORRECT → RESTART1 → C1_CORRECT → C2_CORRECT → C3_INCORRECT → RESTART2 → C3_INCORRECT → RESTART3 → FAILED",4,FAILED
"C1_DISTRACTOR → C1.1_DISTRACTOR → C1.1.1_INCORRECT → RESTART1 → C1_CORRECT → C2_CORRECT → C3_INCORRECT → RESTART2 → C3_DISTRACTOR → RESTART3 → FAILED",4,FAILED
"C1_DISTRACTOR → C1.1_DISTRACTOR → C1.1.1_INCORRECT → RESTART1 → C1_CORRECT → C2_CORRECT → C3_DISTRACTOR → RESTART2 → C3_CORRECT → COMPLETE",3,COMPLETE
"C1_DISTRACTOR → C1.1_DISTRACTOR → C1.1.1_INCORRECT → RESTART1 → C1_CORRECT → C2_CORRECT → C3_DISTRACTOR → RESTART2 → C3_INCORRECT → RESTART3 → FAILED",4,FAILED
"C1_DISTRACTOR → C1.1_DISTRACTOR → C1.1.1_INCORRECT → RESTART1 → C1_CORRECT → C2_CORRECT → C3_DISTRACTOR → RESTART2 → C3_DISTRACTOR → RESTART3 → FAILED",4,FAILED
"C1_DISTRACTOR → C1.1_DISTRACTOR → C1.1.1_INCORRECT → RESTART1 → C1_CORRECT → C2_INCORRECT → RESTART2 → C2_CORRECT → C3_CORRECT → COMPLETE",3,COMPLETE
"C1_DISTRACTOR → C1.1_DISTRACTOR → C1.1.1_INCORRECT → RESTART1 → C1_CORRECT → C2_INCORRECT → RESTART2 → C2_CORRECT → C3_INCORRECT → RESTART3 → FAILED",4,FAILED
"C1_DISTRACTOR → C1.1_DISTRACTOR → C1.1.1_INCORRECT → RESTART1 → C1_CORRECT → C2_INCORRECT → RESTART2 → C2_CORRECT → C3_DISTRACTOR → RESTART3 → FAILED",4,FAILED
"C1_DISTRACTOR → C1.1_DISTRACTOR → C1.1.1_INCORRECT → RESTART1 → C1_CORRECT → C2_INCORRECT → RESTART2 → C2_INCORRECT → RESTART3 → FAILED",4,FAILED
"C1_DISTRACTOR → C1.1_DISTRACTOR → C1.1.1_INCORRECT → RESTART1 → C1_CORRECT → C2_INCORRECT → RESTART2 → C2_DISTRACTOR → C2.1_CORRECT → C3_CORRECT → COMPLETE",3,COMPLETE
"C1_DISTRACTOR → C1.1_DISTRACTOR → C1.1.1_INCORRECT → RESTART1 → C1_CORRECT → C2_INCORRECT → RESTART2 → C2_DISTRACTOR → C2.1_CORRECT → C3_INCORRECT → RESTART3 → FAILED",4,FAILED
"C1_DISTRACTOR → C1.1_DISTRACTOR → C1.1.1_INCORRECT → RESTART1 → C1_CORRECT → C2_INCORRECT → RESTART2 → C2_DISTRACTOR → C2.1_CORRECT → C3_DISTRACTOR → RESTART3 → FAILED",4,FAILED
"C1_DISTRACTOR → C1.1_DISTRACTOR → C1.1.1_INCORRECT → RESTART1 → C1_CORRECT → C2_INCORRECT → RESTART2 → C2_DISTRACTOR → C2.1_INCORRECT → RESTART3 → FAILED",4,FAILED
"C1_DISTRACTOR → C1.1_DISTRACTOR → C1.1.1_INCORRECT → RESTART1 → C1_CORRECT → C2_INCORRECT → RESTART2 → C2_DISTRACTOR → C2.1_DISTRACTOR → RESTART3 → FAILED",4,FAILED
"C1_DISTRACTOR → C1.1_DISTRACTOR → C1.1.1_INCORRECT → RESTART1 → C1_CORRECT → C2_DISTRACTOR → C2.1_CORRECT → C3_CORRECT → COMPLETE",2,COMPLETE
"C1_DISTRACTOR → C1.1_DISTRACTOR → C1.1.1_INCORRECT → RESTART1 → C1_CORRECT → C2_DISTRACTOR → C2.1_CORRECT → C3_INCORRECT → RESTART2 → C3_CORRECT → COMPLETE",3,COMPLETE
"C1_DISTRACTOR → C1.1_DISTRACTOR → C1.1.1_INCORRECT → RESTART1 → C1_CORRECT → C2_DISTRACTOR → C2.1_CORRECT → C3_INCORRECT → RESTART2 → C3_INCORRECT → RESTART3 → FAILED",4,FAILED
"C1_DISTRACTOR → C1.1_DISTRACTOR → C1.1.1_INCORRECT → RESTART1 → C1_CORRECT → C2_DISTRACTOR → C2.1_CORRECT → C3_INCORRECT → RESTART2 → C3_DISTRACTOR → RESTART3 → FAILED",4,FAILED
"C1_DISTRACTOR → C1.1_DISTRACTOR → C1.1.1_INCORRECT → RESTART1 → C1_CORRECT → C2_DISTRACTOR → C2.1_CORRECT → C3_DISTRACTOR → RESTART2 → C3_CORRECT → COMPLETE",3,COMPLETE
"C1_DISTRACTOR → C1.1_DISTRACTOR → C1.1.1_INCORRECT → RESTART1 → C1_CORRECT → C2_DISTRACTOR → C2.1_CORRECT → C3_DISTRACTOR → RESTART2 → C3_INCORRECT → RESTART3 → FAILED",4,FAILED
"C1_DISTRACTOR → C1.1_DISTRACTOR → C1.1.1_INCORRECT → RESTART1 → C1_CORRECT → C2_DISTRACTOR → C2.1_CORRECT → C3_DISTRACTOR → RESTART2 → C3_DISTRACTOR → RESTART3 → FAILED",4,FAILED
"C1_DISTRACTOR → C1.1_DISTRACTOR → C1.1.1_INCORRECT → RESTART1 → C1_CORRECT → C2_DISTRACTOR → C2.1_INCORRECT → RESTART2 → C2_CORRECT → C3_CORRECT → COMPLETE",3,COMPLETE
"C1_DISTRACTOR → C1.1_DISTRACTOR → C1.1.1_INCORRECT → RESTART1 → C1_CORRECT → C2_DISTRACTOR → C2.1_INCORRECT → RESTART2 → C2_CORRECT → C3_INCORRECT → RESTART3 → FAILED",4,FAILED
"C1_DISTRACTOR → C1.1_DISTRACTOR → C1.1.1_INCORRECT → RESTART1 → C1_CORRECT → C2_DISTRACTOR → C2.1_INCORRECT → RESTART2 → C2_CORRECT → C3_DISTRACTOR → RESTART3 → FAILED",4,FAILED
"C1_DISTRACTOR → C1.1_DISTRACTOR → C1.1.1_INCORRECT → RESTART1 → C1_CORRECT → C2_DISTRACTOR → C2.1_INCORRECT → RESTART2 → C2_INCORRECT → RESTART3 → FAILED",4,FAILED
"C1_DISTRACTOR → C1.1_DISTRACTOR → C1.1.1_INCORRECT → RESTART1 → C1_CORRECT → C2_DISTRACTOR → C2.1_INCORRECT → RESTART2 → C2_DISTRACTOR → C2.1_CORRECT → C3_CORRECT → COMPLETE",3,COMPLETE
"C1_DISTRACTOR → C1.1_DISTRACTOR → C1.1.1_INCORRECT → RESTART1 → C1_CORRECT → C2_DISTRACTOR → C2.1_INCORRECT → RESTART2 → C2_DISTRACTOR → C2.1_CORRECT → C3_INCORRECT → RESTART3 → FAILED",4,FAILED
"C1_DISTRACTOR → C1.1_DISTRACTOR → C1.1.1_INCORRECT → RESTART1 → C1_CORRECT → C2_DISTRACTOR → C2.1_INCORRECT → RESTART2 → C2_DISTRACTOR → C2.1_CORRECT → C3_DISTRACTOR → RESTART3 → FAILED",4,FAILED
"C1_DISTRACTOR → C1.1_DISTRACTOR → C1.1.1_INCORRECT → RESTART1 → C1_CORRECT → C2_DISTRACTOR → C2.1_INCORRECT → RESTART2 → C2_DISTRACTOR → C2.1_INCORRECT → RESTART3 → FAILED",4,FAILED
"C1_DISTRACTOR → C1.1_DISTRACTOR → C1.1.1_INCORRECT → RESTART1 → C1_CORRECT → C2_DISTRACTOR → C2.1_INCORRECT → RESTART2 → C2_DISTRACTOR → C2.1_DISTRACTOR → RESTART3 → FAILED",4,FAILED
"C1_DISTRACTOR → C1.1_DISTRACTOR → C1.1.1_INCORRECT → RESTART1 → C1_CORRECT → C2_DISTRACTOR → C2.1_DISTRACTOR → RESTART2 → C2_CORRECT → C3_CORRECT → COMPLETE",3,COMPLETE
"C1_DISTRACTOR → C1.1_DISTRACTOR → C1.1.1_INCORRECT → RESTART1 → C1_CORRECT → C2_DISTRACTOR → C2.1_DISTRACTOR → RESTART2 → C2_CORRECT → C3_INCORRECT → RESTART3 → FAILED",4,FAILED
"C1_DISTRACTOR → C1.1_DISTRACTOR → C1.1.1_INCORRECT → RESTART1 → C1_CORRECT → C2_DISTRACTOR → C2.1_DISTRACTOR → RESTART2 → C2_CORRECT → C3_DISTRACTOR → RESTART3 → FAILED",4,FAILED
"C1_DISTRACTOR → C1.1_DISTRACTOR → C1.1.1_INCORRECT → RESTART1 → C1_CORRECT → C2_DISTRACTOR → C2.1_DISTRACTOR → RESTART2 → C2_INCORRECT → RESTART3 → FAILED",4,FAILED
"C1_DISTRACTOR → C1.1_DISTRACTOR → C1.1.1_INCORRECT → RESTART1 → C1_CORRECT → C2_DISTRACTOR → C2.1_DISTRACTOR → RESTART2 → C2_DISTRACTOR → C2.1_CORRECT → C3_CORRECT → COMPLETE",3,COMPLETE
"C1_DISTRACTOR → C1.1_DISTRACTOR → C1.1.1_INCORRECT → RESTART1 → C1_CORRECT → C2_DISTRACTOR → C2.1_DISTRACTOR → RESTART2 → C2_DISTRACTOR → C2.1_CORRECT → C3_INCORRECT → RESTART3 → FAILED",4,FAILED
"C1_DISTRACTOR → C1.1_DISTRACTOR → C1.1.1_INCORRECT → RESTART1 → C1_CORRECT → C2_DISTRACTOR → C2.1_DISTRACTOR → RESTART2 → C2_DISTRACTOR → C2.1_CORRECT → C3_DISTRACTOR → RESTART3 → FAILED",4,FAILED
"C1_DISTRACTOR → C1.1_DISTRACTOR → C1.1.1_INCORRECT → RESTART1 → C1_CORRECT → C2_DISTRACTOR → C2.1_DISTRACTOR → RESTART2 → C2_DISTRACTOR → C2.1_INCORRECT → RESTART3 → FAILED",4,FAILED
"C1_DISTRACTOR → C1.1_DISTRACTOR → C1.1.1_INCORRECT → RESTART1 → C1_CORRECT → C2_DISTRACTOR → C2.1_DISTRACTOR → RESTART2 → C2_DISTRACTOR → C2.1_DISTRACTOR → RESTART3 → FAILED",4,FAILED
"C1_DISTRACTOR → C1.1_DISTRACTOR → C1.1.1_INCORRECT → RESTART1 → C1_INCORRECT → C1.2_CORRECT → C2_CORRECT → C3_CORRECT → COMPLETE",2,COMPLETE
"C1_DISTRACTOR → C1.1_DISTRACTOR → C1.1.1_INCORRECT → RESTART1 → C1_INCORRECT → C1.2_CORRECT → C2_CORRECT → C3_INCORRECT → RESTART2 → C3_CORRECT → COMPLETE",3,COMPLETE
"C1_DISTRACTOR → C1.1_DISTRACTOR → C1.1.1_INCORRECT → RESTART1 → C1_INCORRECT → C1.2_CORRECT → C2_CORRECT → C3_INCORRECT → RESTART2 → C3_INCORRECT → RESTART3 → FAILED",4,FAILED
"C1_DISTRACTOR → C1.1_DISTRACTOR → C1.1.1_INCORRECT → RESTART1 → C1_INCORRECT → C1.2_CORRECT → C2_CORRECT → C3_INCORRECT → RESTART2 → C3_DISTRACTOR → RESTART3 → FAILED",4,FAILED
"C1_DISTRACTOR → C1.1_DISTRACTOR → C1.1.1_INCORRECT → RESTART1 → C1_INCORRECT → C1.2_CORRECT → C2_CORRECT → C3_DISTRACTOR → RESTART2 → C3_CORRECT → COMPLETE",3,COMPLETE
"C1_DISTRACTOR → C1.1_DISTRACTOR → C1.1.1_INCORRECT → RESTART1 → C1_INCORRECT → C1.2_CORRECT → C2_CORRECT → C3_DISTRACTOR → RESTART2 → C3_INCORRECT → RESTART3 → FAILED",4,FAILED
"C1_DISTRACTOR → C1.1_DISTRACTOR → C1.1.1_INCORRECT → RESTART1 → C1_INCORRECT → C1.2_CORRECT → C2_CORRECT → C3_DISTRACTOR → RESTART2 → C3_DISTRACTOR → RESTART3 → FAILED",4,FAILED
"C1_DISTRACTOR → C1.1_DISTRACTOR → C1.1.1_INCORRECT → RESTART1 → C1_INCORRECT → C1.2_CORRECT → C2_INCORRECT → RESTART2 → C2_CORRECT → C3_CORRECT → COMPLETE",3,COMPLETE
"C1_DISTRACTOR → C1.1_DISTRACTOR → C1.1.1_INCORRECT → RESTART1 → C1_INCORRECT → C1.2_CORRECT → C2_INCORRECT → RESTART2 → C2_CORRECT → C3_INCORRECT → RESTART3 → FAILED",4,FAILED
"C1_DISTRACTOR → C1.1_DISTRACTOR → C1.1.1_INCORRECT → RESTART1 → C1_INCORRECT → C1.2_CORRECT → C2_INCORRECT → RESTART2 → C2_CORRECT → C3_DISTRACTOR → RESTART3 → FAILED",4,FAILED
"C1_DISTRACTOR → C1.1_DISTRACTOR → C1.1.1_INCORRECT → RESTART1 → C1_INCORRECT → C1.2_CORRECT → C2_INCORRECT → RESTART2 → C2_INCORRECT → RESTART3 → FAILED",4,FAILED
"C1_DISTRACTOR → C1.1_DISTRACTOR → C1.1.1_INCORRECT → RESTART1 → C1_INCORRECT → C1.2_CORRECT → C2_INCORRECT → RESTART2 → C2_DISTRACTOR → C2.1_CORRECT → C3_CORRECT → COMPLETE",3,COMPLETE
"C1_DISTRACTOR → C1.1_DISTRACTOR → C1.1.1_INCORRECT → RESTART1 → C1_INCORRECT → C1.2_CORRECT → C2_INCORRECT → RESTART2 → C2_DISTRACTOR → C2.1_CORRECT → C3_INCORRECT → RESTART3 → FAILED",4,FAILED
"C1_DISTRACTOR → C1.1_DISTRACTOR → C1.1.1_INCORRECT → RESTART1 → C1_INCORRECT → C1.2_CORRECT → C2_INCORRECT → RESTART2 → C2_DISTRACTOR → C2.1_CORRECT → C3_DISTRACTOR → RESTART3 → FAILED",4,FAILED
"C1_DISTRACTOR → C1.1_DISTRACTOR → C1.1.1_INCORRECT → RESTART1 → C1_INCORRECT → C1.2_CORRECT → C2_INCORRECT → RESTART2 → C2_DISTRACTOR → C2.1_INCORRECT → RESTART3 → FAILED",4,FAILED
"C1_DISTRACTOR → C1.1_DISTRACTOR → C1.1.1_INCORRECT → RESTART1 → C1_INCORRECT → C1.2_CORRECT → C2_INCORRECT → RESTART2 → C2_DISTRACTOR → C2.1_DISTRACTOR → RESTART3 → FAILED",4,FAILED
"C1_DISTRACTOR → C1.1_DISTRACTOR → C1.1.1_INCORRECT → RESTART1 → C1_INCORRECT → C1.2_CORRECT → C2_DISTRACTOR → C2.1_CORRECT → C3_CORRECT → COMPLETE",2,COMPLETE
"C1_DISTRACTOR → C1.1_DISTRACTOR → C1.1.1_INCORRECT → RESTART1 → C1_INCORRECT → C1.2_CORRECT → C2_DISTRACTOR → C2.1_CORRECT → C3_INCORRECT → RESTART2 → C3_CORRECT → COMPLETE",3,COMPLETE
"C1_DISTRACTOR → C1.1_DISTRACTOR → C1.1.1_INCORRECT → RESTART1 → C1_INCORRECT → C1.2_CORRECT → C2_DISTRACTOR → C2.1_CORRECT → C3_INCORRECT → RESTART2 → C3_INCORRECT → RESTART3 → FAILED",4,FAILED
"C1_DISTRACTOR → C1.1_DISTRACTOR → C1.1.1_INCORRECT → RESTART1 → C1_INCORRECT → C1.2_CORRECT → C2_DISTRACTOR → C2.1_CORRECT → C3_INCORRECT → RESTART2 → C3_DISTRACTOR → RESTART3 → FAILED",4,FAILED
"C1_DISTRACTOR → C1.1_DISTRACTOR → C1.1.1_INCORRECT → RESTART1 → C1_INCORRECT → C1.2_CORRECT → C2_DISTRACTOR → C2.1_CORRECT → C3_DISTRACTOR → RESTART2 → C3_CORRECT → COMPLETE",3,COMPLETE
"C1_DISTRACTOR → C1.1_DISTRACTOR → C1.1.1_INCORRECT → RESTART1 → C1_INCORRECT → C1.2_CORRECT → C2_DISTRACTOR → C2.1_CORRECT → C3_DISTRACTOR → RESTART2 → C3_INCORRECT → RESTART3 → FAILED",4,FAILED
"C1_DISTRACTOR → C1.1_DISTRACTOR → C1.1.1_INCORRECT → RESTART1 → C1_INCORRECT → C1.2_CORRECT → C2_DISTRACTOR → C2.1_CORRECT → C3_DISTRACTOR → RESTART2 → C3_DISTRACTOR → RESTART3 → FAILED",4,FAILED
"C1_DISTRACTOR → C1.1_DISTRACTOR → C1.1.1_INCORRECT → RESTART1 → C1_INCORRECT → C1.2_CORRECT → C2_DISTRACTOR → C2.1_INCORRECT → RESTART2 → C2_CORRECT → C3_CORRECT → COMPLETE",3,COMPLETE
"C1_DISTRACTOR → C1.1_DISTRACTOR → C1.1.1_INCORRECT → RESTART1 → C1_INCORRECT → C1.2_CORRECT → C2_DISTRACTOR → C2.1_INCORRECT → RESTART2 → C2_CORRECT → C3_INCORRECT → RESTART3 → FAILED",4,FAILED
"C1_DISTRACTOR → C1.1_DISTRACTOR → C1.1.1_INCORRECT → RESTART1 → C1_INCORRECT → C1.2_CORRECT → C2_DISTRACTOR → C2.1_INCORRECT → RESTART2 → C2_CORRECT → C3_DISTRACTOR → RESTART3 → FAILED",4,FAILED
"C1_DISTRACTOR → C1.1_DISTRACTOR → C1.1.1_INCORRECT → RESTART1 → C1_INCORRECT → C1.2_CORRECT → C2_DISTRACTOR → C2.1_INCORRECT → RESTART2 → C2_INCORRECT → RESTART3 → FAILED",4,FAILED
"C1_DISTRACTOR → C1.1_DISTRACTOR → C1.1.1_INCORRECT → RESTART1 → C1_INCORRECT → C1.2_CORRECT → C2_DISTRACTOR → C2.1_INCORRECT → RESTART2 → C2_DISTRACTOR → C2.1_CORRECT → C3_CORRECT → COMPLETE",3,COMPLETE
"C1_DISTRACTOR → C1.1_DISTRACTOR → C1.1.1_INCORRECT → RESTART1 → C1_INCORRECT → C1.2_CORRECT → C2_DISTRACTOR → C2.1_INCORRECT → RESTART2 → C2_DISTRACTOR → C2.1_CORRECT → C3_INCORRECT → RESTART3 → FAILED",4,FAILED
"C1_DISTRACTOR → C1.1_DISTRACTOR → C1.1.1_INCORRECT → RESTART1 → C1_INCORRECT → C1.2_CORRECT → C2_DISTRACTOR → C2.1_INCORRECT → RESTART2 → C2_DISTRACTOR → C2.1_CORRECT → C3_DISTRACTOR → RESTART3 → FAILED",4,FAILED
"C1_DISTRACTOR → C1.1_DISTRACTOR → C1.1.1_INCORRECT → RESTART1 → C1_INCORRECT → C1.2_CORRECT → C2_DISTRACTOR → C2.1_INCORRECT → RESTART2 → C2_DISTRACTOR → C2.1_INCORRECT → RESTART3 → FAILED",4,FAILED
"C1_DISTRACTOR → C1.1_DISTRACTOR → C1.1.1_INCORRECT → RESTART1 → C1_INCORRECT → C1.2_CORRECT → C2_DISTRACTOR → C2.1_INCORRECT → RESTART2 → C2_DISTRACTOR → C2.1_DISTRACTOR → RESTART3 → FAILED",4,FAILED
"C1_DISTRACTOR → C1.1_DISTRACTOR → C1.1.1_INCORRECT → RESTART1 → C1_INCORRECT → C1.2_CORRECT → C2_DISTRACTOR → C2.1_DISTRACTOR → RESTART2 → C2_CORRECT → C3_CORRECT → COMPLETE",3,COMPLETE
"C1_DISTRACTOR → C1.1_DISTRACTOR → C1.1.1_INCORRECT → RESTART1 → C1_INCORRECT → C1.2_CORRECT → C2_DISTRACTOR → C2.1_DISTRACTOR → RESTART2 → C2_CORRECT → C3_INCORRECT → RESTART3 → FAILED",4,FAILED
"C1_DISTRACTOR → C1.1_DISTRACTOR → C1.1.1_INCORRECT → RESTART1 → C1_INCORRECT → C1.2_CORRECT → C2_DISTRACTOR → C2.1_DISTRACTOR → RESTART2 → C2_CORRECT → C3_DISTRACTOR → RESTART3 → FAILED",4,FAILED
"C1_DISTRACTOR → C1.1_DISTRACTOR → C1.1.1_INCORRECT → RESTART1 → C1_INCORRECT → C1.2_CORRECT → C2_DISTRACTOR → C2.1_DISTRACTOR → RESTART2 → C2_INCORRECT → RESTART3 → FAILED",4,FAILED
"C1_DISTRACTOR → C1.1_DISTRACTOR → C1.1.1_INCORRECT → RESTART1 → C1_INCORRECT → C1.2_CORRECT → C2_DISTRACTOR → C2.1_DISTRACTOR → RESTART2 → C2_DISTRACTOR → C2.1_CORRECT → C3_CORRECT → COMPLETE",3,COMPLETE
"C1_DISTRACTOR → C1.1_DISTRACTOR → C1.1.1_INCORRECT → RESTART1 → C1_INCORRECT → C1.2_CORRECT → C2_DISTRACTOR → C2.1_DISTRACTOR → RESTART2 → C2_DISTRACTOR → C2.1_CORRECT → C3_INCORRECT → RESTART3 → FAILED",4,FAILED
"C1_DISTRACTOR → C1.1_DISTRACTOR → C1.1.1_INCORRECT → RESTART1 → C1_INCORRECT → C1.2_CORRECT → C2_DISTRACTOR → C2.1_DISTRACTOR → RESTART2 → C2_DISTRACTOR → C2.1_CORRECT → C3_DISTRACTOR → RESTART3 → FAILED",4,FAILED
"C1_DISTRACTOR → C1.1_DISTRACTOR → C1.1.1_INCORRECT → RESTART1 → C1_INCORRECT → C1.2_CORRECT → C2_DISTRACTOR → C2.1_DISTRACTOR → RESTART2 → C2_DISTRACTOR → C2.1_INCORRECT → RESTART3 → FAILED",4,FAILED
"C1_DISTRACTOR → C1.1_DISTRACTOR → C1.1.1_INCORRECT → RESTART1 → C1_INCORRECT → C1.2_CORRECT → C2_DISTRACTOR → C2.1_DISTRACTOR → RESTART2 → C2_DISTRACTOR → C2.1_DISTRACTOR → RESTART3 → FAILED",4,FAILED
"C1_DISTRACTOR → C1.1_DISTRACTOR → C1.1.1_INCORRECT → RESTART1 → C1_INCORRECT → C1.2_INCORRECT → RESTART2 → C1_CORRECT → C2_CORRECT → C3_CORRECT → COMPLETE",3,COMPLETE
"C1_DISTRACTOR → C1.1_DISTRACTOR → C1.1.1_INCORRECT → RESTART1 → C1_INCORRECT → C1.2_INCORRECT → RESTART2 → C1_CORRECT → C2_CORRECT → C3_INCORRECT → RESTART3 → FAILED",4,FAILED
"C1_DISTRACTOR → C1.1_DISTRACTOR → C1.1.1_INCORRECT → RESTART1 → C1_INCORRECT → C1.2_INCORRECT → RESTART2 → C1_CORRECT → C2_CORRECT → C3_DISTRACTOR → RESTART3 → FAILED",4,FAILED
"C1_DISTRACTOR → C1.1_DISTRACTOR → C1.1.1_INCORRECT → RESTART1 → C1_INCORRECT → C1.2_INCORRECT → RESTART2 → C1_CORRECT → C2_INCORRECT → RESTART3 → FAILED",4,FAILED
"C1_DISTRACTOR → C1.1_DISTRACTOR → C1.1.1_INCORRECT → RESTART1 → C1_INCORRECT → C1.2_INCORRECT → RESTART2 → C1_CORRECT → C2_DISTRACTOR → C2.1_CORRECT → C3_CORRECT → COMPLETE",3,COMPLETE
"C1_DISTRACTOR → C1.1_DISTRACTOR → C1.1.1_INCORRECT → RESTART1 → C1_INCORRECT → C1.2_INCORRECT → RESTART2 → C1_CORRECT → C2_DISTRACTOR → C2.1_CORRECT → C3_INCORRECT → RESTART3 → FAILED",4,FAILED
"C1_DISTRACTOR → C1.1_DISTRACTOR → C1.1.1_INCORRECT → RESTART1 → C1_INCORRECT → C1.2_INCORRECT → RESTART2 → C1_CORRECT → C2_DISTRACTOR → C2.1_CORRECT → C3_DISTRACTOR → RESTART3 → FAILED",4,FAILED
"C1_DISTRACTOR → C1.1_DISTRACTOR → C1.1.1_INCORRECT → RESTART1 → C1_INCORRECT → C1.2_INCORRECT → RESTART2 → C1_CORRECT → C2_DISTRACTOR → C2.1_INCORRECT → RESTART3 → FAILED",4,FAILED
"C1_DISTRACTOR → C1.1_DISTRACTOR → C1.1.1_INCORRECT → RESTART1 → C1_INCORRECT → C1.2_INCORRECT → RESTART2 → C1_CORRECT → C2_DISTRACTOR → C2.1_DISTRACTOR → RESTART3 → FAILED",4,FAILED
"C1_DISTRACTOR → C1.1_DISTRACTOR → C1.1.1_INCORRECT → RESTART1 → C1_INCORRECT → C1.2_INCORRECT → RESTART2 → C1_INCORRECT → C1.2_CORRECT → C2_CORRECT → C3_CORRECT → COMPLETE",3,COMPLETE
"C1_DISTRACTOR → C1.1_DISTRACTOR → C1.1.1_INCORRECT → RESTART1 → C1_INCORRECT → C1.2_INCORRECT → RESTART2 → C1_INCORRECT → C1.2_CORRECT → C2_CORRECT → C3_INCORRECT → RESTART3 → FAILED",4,FAILED
"C1_DISTRACTOR → C1.1_DISTRACTOR → C1.1.1_INCORRECT → RESTART1 → C1_INCORRECT → C1.2_INCORRECT → RESTART2 → C1_INCORRECT → C1.2_CORRECT → C2_CORRECT → C3_DISTRACTOR → RESTART3 → FAILED",4,FAILED
"C1_DISTRACTOR → C1.1_DISTRACTOR → C1.1.1_INCORRECT → RESTART1 → C1_INCORRECT → C1.2_INCORRECT → RESTART2 → C1_INCORRECT → C1.2_CORRECT → C2_INCORRECT → RESTART3 → FAILED",4,FAILED
"C1_DISTRACTOR → C1.1_DISTRACTOR → C1.1.1_INCORRECT → RESTART1 → C1_INCORRECT → C1.2_INCORRECT → RESTART2 → C1_INCORRECT → C1.2_CORRECT → C2_DISTRACTOR → C2.1_CORRECT → C3_CORRECT → COMPLETE",3,COMPLETE
"C1_DISTRACTOR → C1.1_DISTRACTOR → C1.1.1_INCORRECT → RESTART1 → C1_INCORRECT → C1.2_INCORRECT → RESTART2 → C1_INCORRECT → C1.2_CORRECT → C2_DISTRACTOR → C2.1_CORRECT → C3_INCORRECT → RESTART3 → FAILED",4,FAILED
"C1_DISTRACTOR → C1.1_DISTRACTOR → C1.1.1_INCORRECT → RESTART1 → C1_INCORRECT → C1.2_INCORRECT → RESTART2 → C1_INCORRECT → C1.2_CORRECT → C2_DISTRACTOR → C2.1_CORRECT → C3_DISTRACTOR → RESTART3 → FAILED",4,FAILED
"C1_DISTRACTOR → C1.1_DISTRACTOR → C1.1.1_INCORRECT → RESTART1 → C1_INCORRECT → C1.2_INCORRECT → RESTART2 → C1_INCORRECT → C1.2_CORRECT → C2_DISTRACTOR → C2.1_INCORRECT → RESTART3 → FAILED",4,FAILED
"C1_DISTRACTOR → C1.1_DISTRACTOR → C1.1.1_INCORRECT → RESTART1 → C1_INCORRECT → C1.2_INCORRECT → RESTART2 → C1_INCORRECT → C1.2_CORRECT → C2_DISTRACTOR → C2.1_DISTRACTOR → RESTART3 → FAILED",4,FAILED
"C1_DISTRACTOR → C1.1_DISTRACTOR → C1.1.1_INCORRECT → RESTART1 → C1_INCORRECT → C1.2_INCORRECT → RESTART2 → C1_INCORRECT → C1.2_INCORRECT → RESTART3 → FAILED",4,FAILED
"C1_DISTRACTOR → C1.1_DISTRACTOR → C1.1.1_INCORRECT → RESTART1 → C1_INCORRECT → C1.2_INCORRECT → RESTART2 → C1_INCORRECT → C1.2_DISTRACTOR → RESTART3 → FAILED",4,FAILED
"C1_DISTRACTOR → C1.1_DISTRACTOR → C1.1.1_INCORRECT → RESTART1 → C1_INCORRECT → C1.2_INCORRECT → RESTART2 → C1_DISTRACTOR → C1.1_CORRECT → C2_CORRECT → C3_CORRECT → COMPLETE",3,COMPLETE
"C1_DISTRACTOR → C1.1_DISTRACTOR → C1.1.1_INCORRECT → RESTART1 → C1_INCORRECT → C1.2_INCORRECT → RESTART2 → C1_DISTRACTOR → C1.1_CORRECT → C2_CORRECT → C3_INCORRECT → RESTART3 → FAILED",4,FAILED
"C1_DISTRACTOR → C1.1_DISTRACTOR → C1.1.1_INCORRECT → RESTART1 → C1_INCORRECT → C1.2_INCORRECT → RESTART2 → C1_DISTRACTOR → C1.1_CORRECT → C2_CORRECT → C3_DISTRACTOR → RESTART3 → FAILED",4,FAILED
"C1_DISTRACTOR → C1.1_DISTRACTOR → C1.1.1_INCORRECT → RESTART1 → C1_INCORRECT → C1.2_INCORRECT → RESTART2 → C1_DISTRACTOR → C1.1_CORRECT → C2_INCORRECT → RESTART3 → FAILED",4,FAILED
"C1_DISTRACTOR → C1.1_DISTRACTOR → C1.1.1_INCORRECT → RESTART1 → C1_INCORRECT → C1.2_INCORRECT → RESTART2 → C1_DISTRACTOR → C1.1_CORRECT → C2_DISTRACTOR → C2.1_CORRECT → C3_CORRECT → COMPLETE",3,COMPLETE
"C1_DISTRACTOR → C1.1_DISTRACTOR → C1.1.1_INCORRECT → RESTART1 → C1_INCORRECT → C1.2_INCORRECT → RESTART2 → C1_DISTRACTOR → C1.1_CORRECT → C2_DISTRACTOR → C2.1_CORRECT → C3_INCORRECT → RESTART3 → FAILED",4,FAILED
"C1_DISTRACTOR → C1.1_DISTRACTOR → C1.1.1_INCORRECT → RESTART1 → C1_INCORRECT → C1.2_INCORRECT → RESTART2 → C1_DISTRACTOR → C1.1_CORRECT → C2_DISTRACTOR → C2.1_CORRECT → C3_DISTRACTOR → RESTART3 → FAILED",4,FAILED
"C1_DISTRACTOR → C1.1_DISTRACTOR → C1.1.1_INCORRECT → RESTART1 → C1_INCORRECT → C1.2_INCORRECT → RESTART2 → C1_DISTRACTOR → C1.1_CORRECT → C2_DISTRACTOR → C2.1_INCORRECT → RESTART3 → FAILED",4,FAILED
"C1_DISTRACTOR → C1.1_DISTRACTOR → C1.1.1_INCORRECT → RESTART1 → C1_INCORRECT → C1.2_INCORRECT → RESTART2 → C1_DISTRACTOR → C1.1_CORRECT → C2_DISTRACTOR → C2.1_DISTRACTOR → RESTART3 → FAILED",4,FAILED
"C1_DISTRACTOR → C1.1_DISTRACTOR → C1.1.1_INCORRECT → RESTART1 → C1_INCORRECT → C1.2_INCORRECT → RESTART2 → C1_DISTRACTOR → C1.1_INCORRECT → RESTART3 → FAILED",4,FAILED
"C1_DISTRACTOR → C1.1_DISTRACTOR → C1.1.1_INCORRECT → RESTART1 → C1_INCORRECT → C1.2_INCORRECT → RESTART2 → C1_DISTRACTOR → C1.1_DISTRACTOR → C1.1.1_CORRECT → C2_CORRECT → C3_CORRECT → COMPLETE",3,COMPLETE
"C1_DISTRACTOR → C1.1_DISTRACTOR → C1.1.1_INCORRECT → RESTART1 → C1_INCORRECT → C1.2_INCORRECT → RESTART2 → C1_DISTRACTOR → C1.1_DISTRACTOR → C1.1.1_CORRECT → C2_CORRECT → C3_INCORRECT → RESTART3 → FAILED",4,FAILED
"C1_DISTRACTOR → C1.1_DISTRACTOR → C1.1.1_INCORRECT → RESTART1 → C1_INCORRECT → C1.2_INCORRECT → RESTART2 → C1_DISTRACTOR → C1.1_DISTRACTOR → C1.1.1_CORRECT → C2_CORRECT → C3_DISTRACTOR → RESTART3 → FAILED",4,FAILED
"C1_DISTRACTOR → C1.1_DISTRACTOR → C1.1.1_INCORRECT → RESTART1 → C1_INCORRECT → C1.2_INCORRECT → RESTART2 → C1_DISTRACTOR → C1.1_DISTRACTOR → C1.1.1_CORRECT → C2_INCORRECT → RESTART3 → FAILED",4,FAILED
"C1_DISTRACTOR → C1.1_DISTRACTOR → C1.1.1_INCORRECT → RESTART1 → C1_INCORRECT → C1.2_INCORRECT → RESTART2 → C1_DISTRACTOR → C1.1_DISTRACTOR → C1.1.1_CORRECT → C2_DISTRACTOR → C2.1_CORRECT → C3_CORRECT → COMPLETE",3,COMPLETE
"C1_DISTRACTOR → C1.1_DISTRACTOR → C1.1.1_INCORRECT → RESTART1 → C1_INCORRECT → C1.2_INCORRECT → RESTART2 → C1_DISTRACTOR → C1.1_DISTRACTOR → C1.1.1_CORRECT → C2_DISTRACTOR → C2.1_CORRECT → C3_INCORRECT → RESTART3 → FAILED",4,FAILED
"C1_DISTRACTOR → C1.1_DISTRACTOR → C1.1.1_INCORRECT → RESTART1 → C1_INCORRECT → C1.2_INCORRECT → RESTART2 → C1_DISTRACTOR → C1.1_DISTRACTOR → C1.1.1_CORRECT → C2_DISTRACTOR → C2.1_CORRECT → C3_DISTRACTOR → RESTART3 → FAILED",4,FAILED
"C1_DISTRACTOR → C1.1_DISTRACTOR → C1.1.1_INCORRECT → RESTART1 → C1_INCORRECT → C1.2_INCORRECT → RESTART2 → C1_DISTRACTOR → C1.1_DISTRACTOR → C1.1.1_CORRECT → C2_DISTRACTOR → C2.1_INCORRECT → RESTART3 → FAILED",4,FAILED
"C1_DISTRACTOR → C1.1_DISTRACTOR → C1.1.1_INCORRECT → RESTART1 → C1_INCORRECT → C1.2_INCORRECT → RESTART2 → C1_DISTRACTOR → C1.1_DISTRACTOR → C1.1.1_CORRECT → C2_DISTRACTOR → C2.1_DISTRACTOR → RESTART3 → FAILED",4,FAILED
"C1_DISTRACTOR → C1.1_DISTRACTOR → C1.1.1_INCORRECT → RESTART1 → C1_INCORRECT → C1.2_INCORRECT → RESTART2 → C1_DISTRACTOR → C1.1_DISTRACTOR → C1.1.1_INCORRECT → RESTART3 → FAILED",4,FAILED
"C1_DISTRACTOR → C1.1_DISTRACTOR → C1.1.1_INCORRECT → RESTART1 → C1_INCORRECT → C1.2_INCORRECT → RESTART2 → C1_DISTRACTOR → C1.1_DISTRACTOR → C1.1.1_DISTRACTOR → RESTART3 → FAILED",4,FAILED
"C1_DISTRACTOR → C1.1_DISTRACTOR → C1.1.1_INCORRECT → RESTART1 → C1_INCORRECT → C1.2_DISTRACTOR → RESTART2 → C1_CORRECT → C2_CORRECT → C3_CORRECT → COMPLETE",3,COMPLETE
"C1_DISTRACTOR → C1.1_DISTRACTOR → C1.1.1_INCORRECT → RESTART1 → C1_INCORRECT → C1.2_DISTRACTOR → RESTART2 → C1_CORRECT → C2_CORRECT → C3_INCORRECT → RESTART3 → FAILED",4,FAILED
"C1_DISTRACTOR → C1.1_DISTRACTOR → C1.1.1_INCORRECT → RESTART1 → C1_INCORRECT → C1.2_DISTRACTOR → RESTART2 → C1_CORRECT → C2_CORRECT → C3_DISTRACTOR → RESTART3 → FAILED",4,FAILED
"C1_DISTRACTOR → C1.1_DISTRACTOR → C1.1.1_INCORRECT → RESTART1 → C1_INCORRECT → C1.2_DISTRACTOR → RESTART2 → C1_CORRECT → C2_INCORRECT → RESTART3 → FAILED",4,FAILED
"C1_DISTRACTOR → C1.1_DISTRACTOR → C1.1.1_INCORRECT → RESTART1 → C1_INCORRECT → C1.2_DISTRACTOR → RESTART2 → C1_CORRECT → C2_DISTRACTOR → C2.1_CORRECT → C3_CORRECT → COMPLETE",3,COMPLETE
"C1_DISTRACTOR → C1.1_DISTRACTOR → C1.1.1_INCORRECT → RESTART1 → C1_INCORRECT → C1.2_DISTRACTOR → RESTART2 → C1_CORRECT → C2_DISTRACTOR → C2.1_CORRECT → C3_INCORRECT → RESTART3 → FAILED",4,FAILED
"C1_DISTRACTOR → C1.1_DISTRACTOR → C1.1.1_INCORRECT → RESTART1 → C1_INCORRECT → C1.2_DISTRACTOR → RESTART2 → C1_CORRECT → C2_DISTRACTOR → C2.1_CORRECT → C3_DISTRACTOR → RESTART3 → FAILED",4,FAILED
"C1_DISTRACTOR → C1.1_DISTRACTOR → C1.1.1_INCORRECT → RESTART1 → C1_INCORRECT → C1.2_DISTRACTOR → RESTART2 → C1_CORRECT → C2_DISTRACTOR → C2.1_INCORRECT → RESTART3 → FAILED",4,FAILED
"C1_DISTRACTOR → C1.1_DISTRACTOR → C1.1.1_INCORRECT → RESTART1 → C1_INCORRECT → C1.2_DISTRACTOR → RESTART2 → C1_CORRECT → C2_DISTRACTOR → C2.1_DISTRACTOR → RESTART3 → FAILED",4,FAILED
"C1_DISTRACTOR → C1.1_DISTRACTOR → C1.1.1_INCORRECT → RESTART1 → C1_INCORRECT → C1.2_DISTRACTOR → RESTART2 → C1_INCORRECT → C1.2_CORRECT → C2_CORRECT → C3_CORRECT → COMPLETE",3,COMPLETE
"C1_DISTRACTOR → C1.1_DISTRACTOR → C1.1.1_INCORRECT → RESTART1 → C1_INCORRECT → C1.2_DISTRACTOR → RESTART2 → C1_INCORRECT → C1.2_CORRECT → C2_CORRECT → C3_INCORRECT → RESTART3 → FAILED",4,FAILED
"C1_DISTRACTOR → C1.1_DISTRACTOR → C1.1.1_INCORRECT → RESTART1 → C1_INCORRECT → C1.2_DISTRACTOR → RESTART2 → C1_INCORRECT → C1.2_CORRECT → C2_CORRECT → C3_DISTRACTOR → RESTART3 → FAILED",4,FAILED
"C1_DISTRACTOR → C1.1_DISTRACTOR → C1.1.1_INCORRECT → RESTART1 → C1_INCORRECT → C1.2_DISTRACTOR → RESTART2 → C1_INCORRECT → C1.2_CORRECT → C2_INCORRECT → RESTART3 → FAILED",4,FAILED
"C1_DISTRACTOR → C1.1_DISTRACTOR → C1.1.1_INCORRECT → RESTART1 → C1_INCORRECT → C1.2_DISTRACTOR → RESTART2 → C1_INCORRECT → C1.2_CORRECT → C2_DISTRACTOR → C2.1_CORRECT → C3_CORRECT → COMPLETE",3,COMPLETE
"C1_DISTRACTOR → C1.1_DISTRACTOR → C1.1.1_INCORRECT → RESTART1 → C1_INCORRECT → C1.2_DISTRACTOR → RESTART2 → C1_INCORRECT → C1.2_CORRECT → C2_DISTRACTOR → C2.1_CORRECT → C3_INCORRECT → RESTART3 → FAILED",4,FAILED
"C1_DISTRACTOR → C1.1_DISTRACTOR → C1.1.1_INCORRECT → RESTART1 → C1_INCORRECT → C1.2_DISTRACTOR → RESTART2 → C1_INCORRECT → C1.2_CORRECT → C2_DISTRACTOR → C2.1_CORRECT → C3_DISTRACTOR → RESTART3 → FAILED",4,FAILED
"C1_DISTRACTOR → C1.1_DISTRACTOR → C1.1.1_INCORRECT → RESTART1 → C1_INCORRECT → C1.2_DISTRACTOR → RESTART2 → C1_INCORRECT → C1.2_CORRECT → C2_DISTRACTOR → C2.1_INCORRECT → RESTART3 → FAILED",4,FAILED
"C1_DISTRACTOR → C1.1_DISTRACTOR → C1.1.1_INCORRECT → RESTART1 → C1_INCORRECT → C1.2_DISTRACTOR → RESTART2 → C1_INCORRECT → C1.2_CORRECT → C2_DISTRACTOR → C2.1_DISTRACTOR → RESTART3 → FAILED",4,FAILED
"C1_DISTRACTOR → C1.1_DISTRACTOR → C1.1.1_INCORRECT → RESTART1 → C1_INCORRECT → C1.2_DISTRACTOR → RESTART2 → C1_INCORRECT → C1.2_INCORRECT → RESTART3 → FAILED",4,FAILED
"C1_DISTRACTOR → C1.1_DISTRACTOR → C1.1.1_INCORRECT → RESTART1 → C1_INCORRECT → C1.2_DISTRACTOR → RESTART2 → C1_INCORRECT → C1.2_DISTRACTOR → RESTART3 → FAILED",4,FAILED
"C1_DISTRACTOR → C1.1_DISTRACTOR → C1.1.1_INCORRECT → RESTART1 → C1_INCORRECT → C1.2_DISTRACTOR → RESTART2 → C1_DISTRACTOR → C1.1_CORRECT → C2_CORRECT → C3_CORRECT → COMPLETE",3,COMPLETE
"C1_DISTRACTOR → C1.1_DISTRACTOR → C1.1.1_INCORRECT → RESTART1 → C1_INCORRECT → C1.2_DISTRACTOR → RESTART2 → C1_DISTRACTOR → C1.1_CORRECT → C2_CORRECT → C3_INCORRECT → RESTART3 → FAILED",4,FAILED
"C1_DISTRACTOR → C1.1_DISTRACTOR → C1.1.1_INCORRECT → RESTART1 → C1_INCORRECT → C1.2_DISTRACTOR → RESTART2 → C1_DISTRACTOR → C1.1_CORRECT → C2_CORRECT → C3_DISTRACTOR → RESTART3 → FAILED",4,FAILED
"C1_DISTRACTOR → C1.1_DISTRACTOR → C1.1.1_INCORRECT → RESTART1 → C1_INCORRECT → C1.2_DISTRACTOR → RESTART2 → C1_DISTRACTOR → C1.1_CORRECT → C2_INCORRECT → RESTART3 → FAILED",4,FAILED
"C1_DISTRACTOR → C1.1_DISTRACTOR → C1.1.1_INCORRECT → RESTART1 → C1_INCORRECT → C1.2_DISTRACTOR → RESTART2 → C1_DISTRACTOR → C1.1_CORRECT → C2_DISTRACTOR → C2.1_CORRECT → C3_CORRECT → COMPLETE",3,COMPLETE
"C1_DISTRACTOR → C1.1_DISTRACTOR → C1.1.1_INCORRECT → RESTART1 → C1_INCORRECT → C1.2_DISTRACTOR → RESTART2 → C1_DISTRACTOR → C1.1_CORRECT → C2_DISTRACTOR → C2.1_CORRECT → C3_INCORRECT → RESTART3 → FAILED",4,FAILED
"C1_DISTRACTOR → C1.1_DISTRACTOR → C1.1.1_INCORRECT → RESTART1 → C1_INCORRECT → C1.2_DISTRACTOR → RESTART2 → C1_DISTRACTOR → C1.1_CORRECT → C2_DISTRACTOR → C2.1_CORRECT → C3_DISTRACTOR → RESTART3 → FAILED",4,FAILED
"C1_DISTRACTOR → C1.1_DISTRACTOR → C1.1.1_INCORRECT → RESTART1 → C1_INCORRECT → C1.2_DISTRACTOR → RESTART2 → C1_DISTRACTOR → C1.1_CORRECT → C2_DISTRACTOR → C2.1_INCORRECT → RESTART3 → FAILED",4,FAILED
"C1_DISTRACTOR → C1.1_DISTRACTOR → C1.1.1_INCORRECT → RESTART1 → C1_INCORRECT → C1.2_DISTRACTOR → RESTART2 → C1_DISTRACTOR → C1.1_CORRECT → C2_DISTRACTOR → C2.1_DISTRACTOR → RESTART3 → FAILED",4,FAILED
"C1_DISTRACTOR → C1.1_DISTRACTOR → C1.1.1_INCORRECT → RESTART1 → C1_INCORRECT → C1.2_DISTRACTOR → RESTART2 → C1_DISTRACTOR → C1.1_INCORRECT → RESTART3 → FAILED",4,FAILED
"C1_DISTRACTOR → C1.1_DISTRACTOR → C1.1.1_INCORRECT → RESTART1 → C1_INCORRECT → C1.2_DISTRACTOR → RESTART2 → C1_DISTRACTOR → C1.1_DISTRACTOR → C1.1.1_CORRECT → C2_CORRECT → C3_CORRECT → COMPLETE",3,COMPLETE
"C1_DISTRACTOR → C1.1_DISTRACTOR → C1.1.1_INCORRECT → RESTART1 → C1_INCORRECT → C1.2_DISTRACTOR → RESTART2 → C1_DISTRACTOR → C1.1_DISTRACTOR → C1.1.1_CORRECT → C2_CORRECT → C3_INCORRECT → RESTART3 → FAILED",4,FAILED
"C1_DISTRACTOR → C1.1_DISTRACTOR → C1.1.1_INCORRECT → RESTART1 → C1_INCORRECT → C1.2_DISTRACTOR → RESTART2 → C1_DISTRACTOR → C1.1_DISTRACTOR → C1.1.1_CORRECT → C2_CORRECT → C3_DISTRACTOR → RESTART3 → FAILED",4,FAILED
"C1_DISTRACTOR → C1.1_DISTRACTOR → C1.1.1_INCORRECT → RESTART1 → C1_INCORRECT → C1.2_DISTRACTOR → RESTART2 → C1_DISTRACTOR → C1.1_DISTRACTOR → C1.1.1_CORRECT → C2_INCORRECT → RESTART3 → FAILED",4,FAILED
"C1_DISTRACTOR → C1.1_DISTRACTOR → C1.1.1_INCORRECT → RESTART1 → C1_INCORRECT → C1.2_DISTRACTOR → RESTART2 → C1_DISTRACTOR → C1.1_DISTRACTOR → C1.1.1_CORRECT → C2_DISTRACTOR → C2.1_CORRECT → C3_CORRECT → COMPLETE",3,COMPLETE
"C1_DISTRACTOR → C1.1_DISTRACTOR → C1.1.1_INCORRECT → RESTART1 → C1_INCORRECT → C1.2_DISTRACTOR → RESTART2 → C1_DISTRACTOR → C1.1_DISTRACTOR → C1.1.1_CORRECT → C2_DISTRACTOR → C2.1_CORRECT → C3_INCORRECT → RESTART3 → FAILED",4,FAILED
"C1_DISTRACTOR → C1.1_DISTRACTOR → C1.1.1_INCORRECT → RESTART1 → C1_INCORRECT → C1.2_DISTRACTOR → RESTART2 → C1_DISTRACTOR → C1.1_DISTRACTOR → C1.1.1_CORRECT → C2_DISTRACTOR → C2.1_CORRECT → C3_DISTRACTOR → RESTART3 → FAILED",4,FAILED
"C1_DISTRACTOR → C1.1_DISTRACTOR → C1.1.1_INCORRECT → RESTART1 → C1_INCORRECT → C1.2_DISTRACTOR → RESTART2 → C1_DISTRACTOR → C1.1_DISTRACTOR → C1.1.1_CORRECT → C2_DISTRACTOR → C2.1_INCORRECT → RESTART3 → FAILED",4,FAILED
"C1_DISTRACTOR → C1.1_DISTRACTOR → C1.1.1_INCORRECT → RESTART1 → C1_INCORRECT → C1.2_DISTRACTOR → RESTART2 → C1_DISTRACTOR → C1.1_DISTRACTOR → C1.1.1_CORRECT → C2_DISTRACTOR → C2.1_DISTRACTOR → RESTART3 → FAILED",4,FAILED
"C1_DISTRACTOR → C1.1_DISTRACTOR → C1.1.1_INCORRECT → RESTART1 → C1_INCORRECT → C1.2_DISTRACTOR → RESTART2 → C1_DISTRACTOR → C1.1_DISTRACTOR → C1.1.1_INCORRECT → RESTART3 → FAILED",4,FAILED
"C1_DISTRACTOR → C1.1_DISTRACTOR → C1.1.1_INCORRECT → RESTART1 → C1_INCORRECT → C1.2_DISTRACTOR → RESTART2 → C1_DISTRACTOR → C1.1_DISTRACTOR → C1.1.1_DISTRACTOR → RESTART3 → FAILED",4,FAILED
"C1_DISTRACTOR → C1.1_DISTRACTOR → C1.1.1_INCORRECT → RESTART1 → C1_DISTRACTOR → C1.1_CORRECT → C2_CORRECT → C3_CORRECT → COMPLETE",2,COMPLETE
"C1_DISTRACTOR → C1.1_DISTRACTOR → C1.1.1_INCORRECT → RESTART1 → C1_DISTRACTOR → C1.1_CORRECT → C2_CORRECT → C3_INCORRECT → RESTART2 → C3_CORRECT → COMPLETE",3,COMPLETE
"C1_DISTRACTOR → C1.1_DISTRACTOR → C1.1.1_INCORRECT → RESTART1 → C1_DISTRACTOR → C1.1_CORRECT → C2_CORRECT → C3_INCORRECT → RESTART2 → C3_INCORRECT → RESTART3 → FAILED",4,FAILED
"C1_DISTRACTOR → C1.1_DISTRACTOR → C1.1.1_INCORRECT → RESTART1 → C1_DISTRACTOR → C1.1_CORRECT → C2_CORRECT → C3_INCORRECT → RESTART2 → C3_DISTRACTOR → RESTART3 → FAILED",4,FAILED
"C1_DISTRACTOR → C1.1_DISTRACTOR → C1.1.1_INCORRECT → RESTART1 → C1_DISTRACTOR → C1.1_CORRECT → C2_CORRECT → C3_DISTRACTOR → RESTART2 → C3_CORRECT → COMPLETE",3,COMPLETE
"C1_DISTRACTOR → C1.1_DISTRACTOR → C1.1.1_INCORRECT → RESTART1 → C1_DISTRACTOR → C1.1_CORRECT → C2_CORRECT → C3_DISTRACTOR → RESTART2 → C3_INCORRECT → RESTART3 → FAILED",4,FAILED
"C1_DISTRACTOR → C1.1_DISTRACTOR → C1.1.1_INCORRECT → RESTART1 → C1_DISTRACTOR → C1.1_CORRECT → C2_CORRECT → C3_DISTRACTOR → RESTART2 → C3_DISTRACTOR → RESTART3 → FAILED",4,FAILED
"C1_DISTRACTOR → C1.1_DISTRACTOR → C1.1.1_INCORRECT → RESTART1 → C1_DISTRACTOR → C1.1_CORRECT → C2_INCORRECT → RESTART2 → C2_CORRECT → C3_CORRECT → COMPLETE",3,COMPLETE
"C1_DISTRACTOR → C1.1_DISTRACTOR → C1.1.1_INCORRECT → RESTART1 → C1_DISTRACTOR → C1.1_CORRECT → C2_INCORRECT → RESTART2 → C2_CORRECT → C3_INCORRECT → RESTART3 → FAILED",4,FAILED
"C1_DISTRACTOR → C1.1_DISTRACTOR → C1.1.1_INCORRECT → RESTART1 → C1_DISTRACTOR → C1.1_CORRECT → C2_INCORRECT → RESTART2 → C2_CORRECT → C3_DISTRACTOR → RESTART3 → FAILED",4,FAILED
"C1_DISTRACTOR → C1.1_DISTRACTOR → C1.1.1_INCORRECT → RESTART1 → C1_DISTRACTOR → C1.1_CORRECT → C2_INCORRECT → RESTART2 → C2_INCORRECT → RESTART3 → FAILED",4,FAILED
"C1_DISTRACTOR → C1.1_DISTRACTOR → C1.1.1_INCORRECT → RESTART1 → C1_DISTRACTOR → C1.1_CORRECT → C2_INCORRECT → RESTART2 → C2_DISTRACTOR → C2.1_CORRECT → C3_CORRECT → COMPLETE",3,COMPLETE
"C1_DISTRACTOR → C1.1_DISTRACTOR → C1.1.1_INCORRECT → RESTART1 → C1_DISTRACTOR → C1.1_CORRECT → C2_INCORRECT → RESTART2 → C2_DISTRACTOR → C2.1_CORRECT → C3_INCORRECT → RESTART3 → FAILED",4,FAILED
"C1_DISTRACTOR → C1.1_DISTRACTOR → C1.1.1_INCORRECT → RESTART1 → C1_DISTRACTOR → C1.1_CORRECT → C2_INCORRECT → RESTART2 → C2_DISTRACTOR → C2.1_CORRECT → C3_DISTRACTOR → RESTART3 → FAILED",4,FAILED
"C1_DISTRACTOR → C1.1_DISTRACTOR → C1.1.1_INCORRECT → RESTART1 → C1_DISTRACTOR → C1.1_CORRECT → C2_INCORRECT → RESTART2 → C2_DISTRACTOR → C2.1_INCORRECT → RESTART3 → FAILED",4,FAILED
"C1_DISTRACTOR → C1.1_DISTRACTOR → C1.1.1_INCORRECT → RESTART1 → C1_DISTRACTOR → C1.1_CORRECT → C2_INCORRECT → RESTART2 → C2_DISTRACTOR → C2.1_DISTRACTOR → RESTART3 → FAILED",4,FAILED
"C1_DISTRACTOR → C1.1_DISTRACTOR → C1.1.1_INCORRECT → RESTART1 → C1_DISTRACTOR → C1.1_CORRECT → C2_DISTRACTOR → C2.1_CORRECT → C3_CORRECT → COMPLETE",2,COMPLETE
"C1_DISTRACTOR → C1.1_DISTRACTOR → C1.1.1_INCORRECT → RESTART1 → C1_DISTRACTOR → C1.1_CORRECT → C2_DISTRACTOR → C2.1_CORRECT → C3_INCORRECT → RESTART2 → C3_CORRECT → COMPLETE",3,COMPLETE
"C1_DISTRACTOR → C1.1_DISTRACTOR → C1.1.1_INCORRECT → RESTART1 → C1_DISTRACTOR → C1.1_CORRECT → C2_DISTRACTOR → C2.1_CORRECT → C3_INCORRECT → RESTART2 → C3_INCORRECT → RESTART3 → FAILED",4,FAILED
"C1_DISTRACTOR → C1.1_DISTRACTOR → C1.1.1_INCORRECT → RESTART1 → C1_DISTRACTOR → C1.1_CORRECT → C2_DISTRACTOR → C2.1_CORRECT → C3_INCORRECT → RESTART2 → C3_DISTRACTOR → RESTART3 → FAILED",4,FAILED
"C1_DISTRACTOR → C1.1_DISTRACTOR → C1.1.1_INCORRECT → RESTART1 → C1_DISTRACTOR → C1.1_CORRECT → C2_DISTRACTOR → C2.1_CORRECT → C3_DISTRACTOR → RESTART2 → C3_CORRECT → COMPLETE",3,COMPLETE
"C1_DISTRACTOR → C1.1_DISTRACTOR → C1.1.1_INCORRECT → RESTART1 → C1_DISTRACTOR → C1.1_CORRECT → C2_DISTRACTOR → C2.1_CORRECT → C3_DISTRACTOR → RESTART2 → C3_INCORRECT → RESTART3 → FAILED",4,FAILED
"C1_DISTRACTOR → C1.1_DISTRACTOR → C1.1.1_INCORRECT → RESTART1 → C1_DISTRACTOR → C1.1_CORRECT → C2_DISTRACTOR → C2.1_CORRECT → C3_DISTRACTOR → RESTART2 → C3_DISTRACTOR → RESTART3 → FAILED",4,FAILED
"C1_DISTRACTOR → C1.1_DISTRACTOR → C1.1.1_INCORRECT → RESTART1 → C1_DISTRACTOR → C1.1_CORRECT → C2_DISTRACTOR → C2.1_INCORRECT → RESTART2 → C2_CORRECT → C3_CORRECT → COMPLETE",3,COMPLETE
"C1_DISTRACTOR → C1.1_DISTRACTOR → C1.1.1_INCORRECT → RESTART1 → C1_DISTRACTOR → C1.1_CORRECT → C2_DISTRACTOR → C2.1_INCORRECT → RESTART2 → C2_CORRECT → C3_INCORRECT → RESTART3 → FAILED",4,FAILED
"C1_DISTRACTOR → C1.1_DISTRACTOR → C1.1.1_INCORRECT → RESTART1 → C1_DISTRACTOR → C1.1_CORRECT → C2_DISTRACTOR → C2.1_INCORRECT → RESTART2 → C2_CORRECT → C3_DISTRACTOR → RESTART3 → FAILED",4,FAILED
"C1_DISTRACTOR → C1.1_DISTRACTOR → C1.1.1_INCORRECT → RESTART1 → C1_DISTRACTOR → C1.1_CORRECT → C2_DISTRACTOR → C2.1_INCORRECT → RESTART2 → C2_INCORRECT → RESTART3 → FAILED",4,FAILED
"C1_DISTRACTOR → C1.1_DISTRACTOR → C1.1.1_INCORRECT → RESTART1 → C1_DISTRACTOR → C1.1_CORRECT → C2_DISTRACTOR → C2.1_INCORRECT → RESTART2 → C2_DISTRACTOR → C2.1_CORRECT → C3_CORRECT → COMPLETE",3,COMPLETE
"C1_DISTRACTOR → C1.1_DISTRACTOR → C1.1.1_INCORRECT → RESTART1 → C1_DISTRACTOR → C1.1_CORRECT → C2_DISTRACTOR → C2.1_INCORRECT → RESTART2 → C2_DISTRACTOR → C2.1_CORRECT → C3_INCORRECT → RESTART3 → FAILED",4,FAILED
"C1_DISTRACTOR → C1.1_DISTRACTOR → C1.1.1_INCORRECT → RESTART1 → C1_DISTRACTOR → C1.1_CORRECT → C2_DISTRACTOR → C2.1_INCORRECT → RESTART2 → C2_DISTRACTOR → C2.1_CORRECT → C3_DISTRACTOR → RESTART3 → FAILED",4,FAILED
"C1_DISTRACTOR → C1.1_DISTRACTOR → C1.1.1_INCORRECT → RESTART1 → C1_DISTRACTOR → C1.1_CORRECT → C2_DISTRACTOR → C2.1_INCORRECT → RESTART2 → C2_DISTRACTOR → C2.1_INCORRECT → RESTART3 → FAILED",4,FAILED
"C1_DISTRACTOR → C1.1_DISTRACTOR → C1.1.1_INCORRECT → RESTART1 → C1_DISTRACTOR → C1.1_CORRECT → C2_DISTRACTOR → C2.1_INCORRECT → RESTART2 → C2_DISTRACTOR → C2.1_DISTRACTOR → RESTART3 → FAILED",4,FAILED
"C1_DISTRACTOR → C1.1_DISTRACTOR → C1.1.1_INCORRECT → RESTART1 → C1_DISTRACTOR → C1.1_CORRECT → C2_DISTRACTOR → C2.1_DISTRACTOR → RESTART2 → C2_CORRECT → C3_CORRECT → COMPLETE",3,COMPLETE
"C1_DISTRACTOR → C1.1_DISTRACTOR → C1.1.1_INCORRECT → RESTART1 → C1_DISTRACTOR → C1.1_CORRECT → C2_DISTRACTOR → C2.1_DISTRACTOR → RESTART2 → C2_CORRECT → C3_INCORRECT → RESTART3 → FAILED",4,FAILED
"C1_DISTRACTOR → C1.1_DISTRACTOR → C1.1.1_INCORRECT → RESTART1 → C1_DISTRACTOR → C1.1_CORRECT → C2_DISTRACTOR → C2.1_DISTRACTOR → RESTART2 → C2_CORRECT → C3_DISTRACTOR → RESTART3 → FAILED",4,FAILED
"C1_DISTRACTOR → C1.1_DISTRACTOR → C1.1.1_INCORRECT → RESTART1 → C1_DISTRACTOR → C1.1_CORRECT → C2_DISTRACTOR → C2.1_DISTRACTOR → RESTART2 → C2_INCORRECT → RESTART3 → FAILED",4,FAILED
"C1_DISTRACTOR → C1.1_DISTRACTOR → C1.1.1_INCORRECT → RESTART1 → C1_DISTRACTOR → C1.1_CORRECT → C2_DISTRACTOR → C2.1_DISTRACTOR → RESTART2 → C2_DISTRACTOR → C2.1_CORRECT → C3_CORRECT → COMPLETE",3,COMPLETE
"C1_DISTRACTOR → C1.1_DISTRACTOR → C1.1.1_INCORRECT → RESTART1 → C1_DISTRACTOR → C1.1_CORRECT → C2_DISTRACTOR → C2.1_DISTRACTOR → RESTART2 → C2_DISTRACTOR → C2.1_CORRECT → C3_INCORRECT → RESTART3 → FAILED",4,FAILED
"C1_DISTRACTOR → C1.1_DISTRACTOR → C1.1.1_INCORRECT → RESTART1 → C1_DISTRACTOR → C1.1_CORRECT → C2_DISTRACTOR → C2.1_DISTRACTOR → RESTART2 → C2_DISTRACTOR → C2.1_CORRECT → C3_DISTRACTOR → RESTART3 → FAILED",4,FAILED
"C1_DISTRACTOR → C1.1_DISTRACTOR → C1.1.1_INCORRECT → RESTART1 → C1_DISTRACTOR → C1.1_CORRECT → C2_DISTRACTOR → C2.1_DISTRACTOR → RESTART2 → C2_DISTRACTOR → C2.1_INCORRECT → RESTART3 → FAILED",4,FAILED
"C1_DISTRACTOR → C1.1_DISTRACTOR → C1.1.1_INCORRECT → RESTART1 → C1_DISTRACTOR → C1.1_CORRECT → C2_DISTRACTOR → C2.1_DISTRACTOR → RESTART2 → C2_DISTRACTOR → C2.1_DISTRACTOR → RESTART3 → FAILED",4,FAILED
"C1_DISTRACTOR → C1.1_DISTRACTOR → C1.1.1_INCORRECT → RESTART1 → C1_DISTRACTOR → C1.1_INCORRECT → RESTART2 → C1_CORRECT → C2_CORRECT → C3_CORRECT → COMPLETE",3,COMPLETE
"C1_DISTRACTOR → C1.1_DISTRACTOR → C1.1.1_INCORRECT → RESTART1 → C1_DISTRACTOR → C1.1_INCORRECT → RESTART2 → C1_CORRECT → C2_CORRECT → C3_INCORRECT → RESTART3 → FAILED",4,FAILED
"C1_DISTRACTOR → C1.1_DISTRACTOR → C1.1.1_INCORRECT → RESTART1 → C1_DISTRACTOR → C1.1_INCORRECT → RESTART2 → C1_CORRECT → C2_CORRECT → C3_DISTRACTOR → RESTART3 → FAILED",4,FAILED
"C1_DISTRACTOR → C1.1_DISTRACTOR → C1.1.1_INCORRECT → RESTART1 → C1_DISTRACTOR → C1.1_INCORRECT → RESTART2 → C1_CORRECT → C2_INCORRECT → RESTART3 → FAILED",4,FAILED
"C1_DISTRACTOR → C1.1_DISTRACTOR → C1.1.1_INCORRECT → RESTART1 → C1_DISTRACTOR → C1.1_INCORRECT → RESTART2 → C1_CORRECT → C2_DISTRACTOR → C2.1_CORRECT → C3_CORRECT → COMPLETE",3,COMPLETE
"C1_DISTRACTOR → C1.1_DISTRACTOR → C1.1.1_INCORRECT → RESTART1 → C1_DISTRACTOR → C1.1_INCORRECT → RESTART2 → C1_CORRECT → C2_DISTRACTOR → C2.1_CORRECT → C3_INCORRECT → RESTART3 → FAILED",4,FAILED
"C1_DISTRACTOR → C1.1_DISTRACTOR → C1.1.1_INCORRECT → RESTART1 → C1_DISTRACTOR → C1.1_INCORRECT → RESTART2 → C1_CORRECT → C2_DISTRACTOR → C2.1_CORRECT → C3_DISTRACTOR → RESTART3 → FAILED",4,FAILED
"C1_DISTRACTOR → C1.1_DISTRACTOR → C1.1.1_INCORRECT → RESTART1 → C1_DISTRACTOR → C1.1_INCORRECT → RESTART2 → C1_CORRECT → C2_DISTRACTOR → C2.1_INCORRECT → RESTART3 → FAILED",4,FAILED
"C1_DISTRACTOR → C1.1_DISTRACTOR → C1.1.1_INCORRECT → RESTART1 → C1_DISTRACTOR → C1.1_INCORRECT → RESTART2 → C1_CORRECT → C2_DISTRACTOR → C2.1_DISTRACTOR → RESTART3 → FAILED",4,FAILED
"C1_DISTRACTOR → C1.1_DISTRACTOR → C1.1.1_INCORRECT → RESTART1 → C1_DISTRACTOR → C1.1_INCORRECT → RESTART2 → C1_INCORRECT → C1.2_CORRECT → C2_CORRECT → C3_CORRECT → COMPLETE",3,COMPLETE
"C1_DISTRACTOR → C1.1_DISTRACTOR → C1.1.1_INCORRECT → RESTART1 → C1_DISTRACTOR → C1.1_INCORRECT → RESTART2 → C1_INCORRECT → C1.2_CORRECT → C2_CORRECT → C3_INCORRECT → RESTART3 → FAILED",4,FAILED
"C1_DISTRACTOR → C1.1_DISTRACTOR → C1.1.1_INCORRECT → RESTART1 → C1_DISTRACTOR → C1.1_INCORRECT → RESTART2 → C1_INCORRECT → C1.2_CORRECT → C2_CORRECT → C3_DISTRACTOR → RESTART3 → FAILED",4,FAILED
"C1_DISTRACTOR → C1.1_DISTRACTOR → C1.1.1_INCORRECT → RESTART1 → C1_DISTRACTOR → C1.1_INCORRECT → RESTART2 → C1_INCORRECT → C1.2_CORRECT → C2_INCORRECT → RESTART3 → FAILED",4,FAILED
"C1_DISTRACTOR → C1.1_DISTRACTOR → C1.1.1_INCORRECT → RESTART1 → C1_DISTRACTOR → C1.1_INCORRECT → RESTART2 → C1_INCORRECT → C1.2_CORRECT → C2_DISTRACTOR → C2.1_CORRECT → C3_CORRECT → COMPLETE",3,COMPLETE
"C1_DISTRACTOR → C1.1_DISTRACTOR → C1.1.1_INCORRECT → RESTART1 → C1_DISTRACTOR → C1.1_INCORRECT → RESTART2 → C1_INCORRECT → C1.2_CORRECT → C2_DISTRACTOR → C2.1_CORRECT → C3_INCORRECT → RESTART3 → FAILED",4,FAILED
"C1_DISTRACTOR → C1.1_DISTRACTOR → C1.1.1_INCORRECT → RESTART1 → C1_DISTRACTOR → C1.1_INCORRECT → RESTART2 → C1_INCORRECT → C1.2_CORRECT → C2_DISTRACTOR → C2.1_CORRECT → C3_DISTRACTOR → RESTART3 → FAILED",4,FAILED
"C1_DISTRACTOR → C1.1_DISTRACTOR → C1.1.1_INCORRECT → RESTART1 → C1_DISTRACTOR → C1.1_INCORRECT → RESTART2 → C1_INCORRECT → C1.2_CORRECT → C2_DISTRACTOR → C2.1_INCORRECT → RESTART3 → FAILED",4,FAILED
"C1_DISTRACTOR → C1.1_DISTRACTOR → C1.1.1_INCORRECT → RESTART1 → C1_DISTRACTOR → C1.1_INCORRECT → RESTART2 → C1_INCORRECT → C1.2_CORRECT → C2_DISTRACTOR → C2.1_DISTRACTOR → RESTART3 → FAILED",4,FAILED
"C1_DISTRACTOR → C1.1_DISTRACTOR → C1.1.1_INCORRECT → RESTART1 → C1_DISTRACTOR → C1.1_INCORRECT → RESTART2 → C1_INCORRECT → C1.2_INCORRECT → RESTART3 → FAILED",4,FAILED
"C1_DISTRACTOR → C1.1_DISTRACTOR → C1.1.1_INCORRECT → RESTART1 → C1_DISTRACTOR → C1.1_INCORRECT → RESTART2 → C1_INCORRECT → C1.2_DISTRACTOR → RESTART3 → FAILED",4,FAILED
"C1_DISTRACTOR → C1.1_DISTRACTOR → C1.1.1_INCORRECT → RESTART1 → C1_DISTRACTOR → C1.1_INCORRECT → RESTART2 → C1_DISTRACTOR → C1.1_CORRECT → C2_CORRECT → C3_CORRECT → COMPLETE",3,COMPLETE
"C1_DISTRACTOR → C1.1_DISTRACTOR → C1.1.1_INCORRECT → RESTART1 → C1_DISTRACTOR → C1.1_INCORRECT → RESTART2 → C1_DISTRACTOR → C1.1_CORRECT → C2_CORRECT → C3_INCORRECT → RESTART3 → FAILED",4,FAILED
"C1_DISTRACTOR → C1.1_DISTRACTOR → C1.1.1_INCORRECT → RESTART1 → C1_DISTRACTOR → C1.1_INCORRECT → RESTART2 → C1_DISTRACTOR → C1.1_CORRECT → C2_CORRECT → C3_DISTRACTOR → RESTART3 → FAILED",4,FAILED
"C1_DISTRACTOR → C1.1_DISTRACTOR → C1.1.1_INCORRECT → RESTART1 → C1_DISTRACTOR → C1.1_INCORRECT → RESTART2 → C1_DISTRACTOR → C1.1_CORRECT → C2_INCORRECT → RESTART3 → FAILED",4,FAILED
"C1_DISTRACTOR → C1.1_DISTRACTOR → C1.1.1_INCORRECT → RESTART1 → C1_DISTRACTOR → C1.1_INCORRECT → RESTART2 → C1_DISTRACTOR → C1.1_CORRECT → C2_DISTRACTOR → C2.1_CORRECT → C3_CORRECT → COMPLETE",3,COMPLETE
"C1_DISTRACTOR → C1.1_DISTRACTOR → C1.1.1_INCORRECT → RESTART1 → C1_DISTRACTOR → C1.1_INCORRECT → RESTART2 → C1_DISTRACTOR → C1.1_CORRECT → C2_DISTRACTOR → C2.1_CORRECT → C3_INCORRECT → RESTART3 → FAILED",4,FAILED
"C1_DISTRACTOR → C1.1_DISTRACTOR → C1.1.1_INCORRECT → RESTART1 → C1_DISTRACTOR → C1.1_INCORRECT → RESTART2 → C1_DISTRACTOR → C1.1_CORRECT → C2_DISTRACTOR → C2.1_CORRECT → C3_DISTRACTOR → RESTART3 → FAILED",4,FAILED
"C1_DISTRACTOR → C1.1_DISTRACTOR → C1.1.1_INCORRECT → RESTART1 → C1_DISTRACTOR → C1.1_INCORRECT → RESTART2 → C1_DISTRACTOR → C1.1_CORRECT → C2_DISTRACTOR → C2.1_INCORRECT → RESTART3 → FAILED",4,FAILED
"C1_DISTRACTOR → C1.1_DISTRACTOR → C1.1.1_INCORRECT → RESTART1 → C1_DISTRACTOR → C1.1_INCORRECT → RESTART2 → C1_DISTRACTOR → C1.1_CORRECT → C2_DISTRACTOR → C2.1_DISTRACTOR → RESTART3 → FAILED",4,FAILED
"C1_DISTRACTOR → C1.1_DISTRACTOR → C1.1.1_INCORRECT → RESTART1 → C1_DISTRACTOR → C1.1_INCORRECT → RESTART2 → C1_DISTRACTOR → C1.1_INCORRECT → RESTART3 → FAILED",4,FAILED
"C1_DISTRACTOR → C1.1_DISTRACTOR → C1.1.1_INCORRECT → RESTART1 → C1_DISTRACTOR → C1.1_INCORRECT → RESTART2 → C1_DISTRACTOR → C1.1_DISTRACTOR → C1.1.1_CORRECT → C2_CORRECT → C3_CORRECT → COMPLETE",3,COMPLETE
"C1_DISTRACTOR → C1.1_DISTRACTOR → C1.1.1_INCORRECT → RESTART1 → C1_DISTRACTOR → C1.1_INCORRECT → RESTART2 → C1_DISTRACTOR → C1.1_DISTRACTOR → C1.1.1_CORRECT → C2_CORRECT → C3_INCORRECT → RESTART3 → FAILED",4,FAILED
"C1_DISTRACTOR → C1.1_DISTRACTOR → C1.1.1_INCORRECT → RESTART1 → C1_DISTRACTOR → C1.1_INCORRECT → RESTART2 → C1_DISTRACTOR → C1.1_DISTRACTOR → C1.1.1_CORRECT → C2_CORRECT → C3_DISTRACTOR → RESTART3 → FAILED",4,FAILED
"C1_DISTRACTOR → C1.1_DISTRACTOR → C1.1.1_INCORRECT → RESTART1 → C1_DISTRACTOR → C1.1_INCORRECT → RESTART2 → C1_DISTRACTOR → C1.1_DISTRACTOR → C1.1.1_CORRECT → C2_INCORRECT → RESTART3 → FAILED",4,FAILED
"C1_DISTRACTOR → C1.1_DISTRACTOR → C1.1.1_INCORRECT → RESTART1 → C1_DISTRACTOR → C1.1_INCORRECT → RESTART2 → C1_DISTRACTOR → C1.1_DISTRACTOR → C1.1.1_CORRECT → C2_DISTRACTOR → C2.1_CORRECT → C3_CORRECT → COMPLETE",3,COMPLETE
"C1_DISTRACTOR → C1.1_DISTRACTOR → C1.1.1_INCORRECT → RESTART1 → C1_DISTRACTOR → C1.1_INCORRECT → RESTART2 → C1_DISTRACTOR → C1.1_DISTRACTOR → C1.1.1_CORRECT → C2_DISTRACTOR → C2.1_CORRECT → C3_INCORRECT → RESTART3 → FAILED",4,FAILED
"C1_DISTRACTOR → C1.1_DISTRACTOR → C1.1.1_INCORRECT → RESTART1 → C1_DISTRACTOR → C1.1_INCORRECT → RESTART2 → C1_DISTRACTOR → C1.1_DISTRACTOR → C1.1.1_CORRECT → C2_DISTRACTOR → C2.1_CORRECT → C3_DISTRACTOR → RESTART3 → FAILED",4,FAILED
"C1_DISTRACTOR → C1.1_DISTRACTOR → C1.1.1_INCORRECT → RESTART1 → C1_DISTRACTOR → C1.1_INCORRECT → RESTART2 → C1_DISTRACTOR → C1.1_DISTRACTOR → C1.1.1_CORRECT → C2_DISTRACTOR → C2.1_INCORRECT → RESTART3 → FAILED",4,FAILED
"C1_DISTRACTOR → C1.1_DISTRACTOR → C1.1.1_INCORRECT → RESTART1 → C1_DISTRACTOR → C1.1_INCORRECT → RESTART2 → C1_DISTRACTOR → C1.1_DISTRACTOR → C1.1.1_CORRECT → C2_DISTRACTOR → C2.1_DISTRACTOR → RESTART3 → FAILED",4,FAILED
"C1_DISTRACTOR → C1.1_DISTRACTOR → C1.1.1_INCORRECT → RESTART1 → C1_DISTRACTOR → C1.1_INCORRECT → RESTART2 → C1_DISTRACTOR → C1.1_DISTRACTOR → C1.1.1_INCORRECT → RESTART3 → FAILED",4,FAILED
"C1_DISTRACTOR → C1.1_DISTRACTOR → C1.1.1_INCORRECT → RESTART1 → C1_DISTRACTOR → C1.1_INCORRECT → RESTART2 → C1_DISTRACTOR → C1.1_DISTRACTOR → C1.1.1_DISTRACTOR → RESTART3 → FAILED",4,FAILED
"C1_DISTRACTOR → C1.1_DISTRACTOR → C1.1.1_INCORRECT → RESTART1 → C1_DISTRACTOR → C1.1_DISTRACTOR → C1.1.1_CORRECT → C2_CORRECT → C3_CORRECT → COMPLETE",2,COMPLETE
"C1_DISTRACTOR → C1.1_DISTRACTOR → C1.1.1_INCORRECT → RESTART1 → C1_DISTRACTOR → C1.1_DISTRACTOR → C1.1.1_CORRECT → C2_CORRECT → C3_INCORRECT → RESTART2 → C3_CORRECT → COMPLETE",3,COMPLETE
"C1_DISTRACTOR → C1.1_DISTRACTOR → C1.1.1_INCORRECT → RESTART1 → C1_DISTRACTOR → C1.1_DISTRACTOR → C1.1.1_CORRECT → C2_CORRECT → C3_INCORRECT → RESTART2 → C3_INCORRECT → RESTART3 → FAILED",4,FAILED
"C1_DISTRACTOR → C1.1_DISTRACTOR → C1.1.1_INCORRECT → RESTART1 → C1_DISTRACTOR → C1.1_DISTRACTOR → C1.1.1_CORRECT → C2_CORRECT → C3_INCORRECT → RESTART2 → C3_DISTRACTOR → RESTART3 → FAILED",4,FAILED
"C1_DISTRACTOR → C1.1_DISTRACTOR → C1.1.1_INCORRECT → RESTART1 → C1_DISTRACTOR → C1.1_DISTRACTOR → C1.1.1_CORRECT → C2_CORRECT → C3_DISTRACTOR → RESTART2 → C3_CORRECT → COMPLETE",3,COMPLETE
"C1_DISTRACTOR → C1.1_DISTRACTOR → C1.1.1_INCORRECT → RESTART1 → C1_DISTRACTOR → C1.1_DISTRACTOR → C1.1.1_CORRECT → C2_CORRECT → C3_DISTRACTOR → RESTART2 → C3_INCORRECT → RESTART3 → FAILED",4,FAILED
"C1_DISTRACTOR → C1.1_DISTRACTOR → C1.1.1_INCORRECT → RESTART1 → C1_DISTRACTOR → C1.1_DISTRACTOR → C1.1.1_CORRECT → C2_CORRECT → C3_DISTRACTOR → RESTART2 → C3_DISTRACTOR → RESTART3 → FAILED",4,FAILED
"C1_DISTRACTOR → C1.1_DISTRACTOR → C1.1.1_INCORRECT → RESTART1 → C1_DISTRACTOR → C1.1_DISTRACTOR → C1.1.1_CORRECT → C2_INCORRECT → RESTART2 → C2_CORRECT → C3_CORRECT → COMPLETE",3,COMPLETE
"C1_DISTRACTOR → C1.1_DISTRACTOR → C1.1.1_INCORRECT → RESTART1 → C1_DISTRACTOR → C1.1_DISTRACTOR → C1.1.1_CORRECT → C2_INCORRECT → RESTART2 → C2_CORRECT → C3_INCORRECT → RESTART3 → FAILED",4,FAILED
"C1_DISTRACTOR → C1.1_DISTRACTOR → C1.1.1_INCORRECT → RESTART1 → C1_DISTRACTOR → C1.1_DISTRACTOR → C1.1.1_CORRECT → C2_INCORRECT → RESTART2 → C2_CORRECT → C3_DISTRACTOR → RESTART3 → FAILED",4,FAILED
"C1_DISTRACTOR → C1.1_DISTRACTOR → C1.1.1_INCORRECT → RESTART1 → C1_DISTRACTOR → C1.1_DISTRACTOR → C1.1.1_CORRECT → C2_INCORRECT → RESTART2 → C2_INCORRECT → RESTART3 → FAILED",4,FAILED
"C1_DISTRACTOR → C1.1_DISTRACTOR → C1.1.1_INCORRECT → RESTART1 → C1_DISTRACTOR → C1.1_DISTRACTOR → C1.1.1_CORRECT → C2_INCORRECT → RESTART2 → C2_DISTRACTOR → C2.1_CORRECT → C3_CORRECT → COMPLETE",3,COMPLETE
"C1_DISTRACTOR → C1.1_DISTRACTOR → C1.1.1_INCORRECT → RESTART1 → C1_DISTRACTOR → C1.1_DISTRACTOR → C1.1.1_CORRECT → C2_INCORRECT → RESTART2 → C2_DISTRACTOR → C2.1_CORRECT → C3_INCORRECT → RESTART3 → FAILED",4,FAILED
"C1_DISTRACTOR → C1.1_DISTRACTOR → C1.1.1_INCORRECT → RESTART1 → C1_DISTRACTOR → C1.1_DISTRACTOR → C1.1.1_CORRECT → C2_INCORRECT → RESTART2 → C2_DISTRACTOR → C2.1_CORRECT → C3_DISTRACTOR → RESTART3 → FAILED",4,FAILED
"C1_DISTRACTOR → C1.1_DISTRACTOR → C1.1.1_INCORRECT → RESTART1 → C1_DISTRACTOR → C1.1_DISTRACTOR → C1.1.1_CORRECT → C2_INCORRECT → RESTART2 → C2_DISTRACTOR → C2.1_INCORRECT → RESTART3 → FAILED",4,FAILED
"C1_DISTRACTOR → C1.1_DISTRACTOR → C1.1.1_INCORRECT → RESTART1 → C1_DISTRACTOR → C1.1_DISTRACTOR → C1.1.1_CORRECT → C2_INCORRECT → RESTART2 → C2_DISTRACTOR → C2.1_DISTRACTOR → RESTART3 → FAILED",4,FAILED
"C1_DISTRACTOR → C1.1_DISTRACTOR → C1.1.1_INCORRECT → RESTART1 → C1_DISTRACTOR → C1.1_DISTRACTOR → C1.1.1_CORRECT → C2_DISTRACTOR → C2.1_CORRECT → C3_CORRECT → COMPLETE",2,COMPLETE
"C1_DISTRACTOR → C1.1_DISTRACTOR → C1.1.1_INCORRECT → RESTART1 → C1_DISTRACTOR → C1.1_DISTRACTOR → C1.1.1_CORRECT → C2_DISTRACTOR → C2.1_CORRECT → C3_INCORRECT → RESTART2 → C3_CORRECT → COMPLETE",3,COMPLETE
"C1_DISTRACTOR → C1.1_DISTRACTOR → C1.1.1_INCORRECT → RESTART1 → C1_DISTRACTOR → C1.1_DISTRACTOR → C1.1.1_CORRECT → C2_DISTRACTOR → C2.1_CORRECT → C3_INCORRECT → RESTART2 → C3_INCORRECT → RESTART3 → FAILED",4,FAILED
"C1_DISTRACTOR → C1.1_DISTRACTOR → C1.1.1_INCORRECT → RESTART1 → C1_DISTRACTOR → C1.1_DISTRACTOR → C1.1.1_CORRECT → C2_DISTRACTOR → C2.1_CORRECT → C3_INCORRECT → RESTART2 → C3_DISTRACTOR → RESTART3 → FAILED",4,FAILED
"C1_DISTRACTOR → C1.1_DISTRACTOR → C1.1.1_INCORRECT → RESTART1 → C1_DISTRACTOR → C1.1_DISTRACTOR → C1.1.1_CORRECT → C2_DISTRACTOR → C2.1_CORRECT → C3_DISTRACTOR → RESTART2 → C3_CORRECT → COMPLETE",3,COMPLETE
"C1_DISTRACTOR → C1.1_DISTRACTOR → C1.1.1_INCORRECT → RESTART1 → C1_DISTRACTOR → C1.1_DISTRACTOR → C1.1.1_CORRECT → C2_DISTRACTOR → C2.1_CORRECT → C3_DISTRACTOR → RESTART2 → C3_INCORRECT → RESTART3 → FAILED",4,FAILED
"C1_DISTRACTOR → C1.1_DISTRACTOR → C1.1.1_INCORRECT → RESTART1 → C1_DISTRACTOR → C1.1_DISTRACTOR → C1.1.1_CORRECT → C2_DISTRACTOR → C2.1_CORRECT → C3_DISTRACTOR → RESTART2 → C3_DISTRACTOR → RESTART3 → FAILED",4,FAILED
"C1_DISTRACTOR → C1.1_DISTRACTOR → C1.1.1_INCORRECT → RESTART1 → C1_DISTRACTOR → C1.1_DISTRACTOR → C1.1.1_CORRECT → C2_DISTRACTOR → C2.1_INCORRECT → RESTART2 → C2_CORRECT → C3_CORRECT → COMPLETE",3,COMPLETE
"C1_DISTRACTOR → C1.1_DISTRACTOR → C1.1.1_INCORRECT → RESTART1 → C1_DISTRACTOR → C1.1_DISTRACTOR → C1.1.1_CORRECT → C2_DISTRACTOR → C2.1_INCORRECT → RESTART2 → C2_CORRECT → C3_INCORRECT → RESTART3 → FAILED",4,FAILED
"C1_DISTRACTOR → C1.1_DISTRACTOR → C1.1.1_INCORRECT → RESTART1 → C1_DISTRACTOR → C1.1_DISTRACTOR → C1.1.1_CORRECT → C2_DISTRACTOR → C2.1_INCORRECT → RESTART2 → C2_CORRECT → C3_DISTRACTOR → RESTART3 → FAILED",4,FAILED
"C1_DISTRACTOR → C1.1_DISTRACTOR → C1.1.1_INCORRECT → RESTART1 → C1_DISTRACTOR → C1.1_DISTRACTOR → C1.1.1_CORRECT → C2_DISTRACTOR → C2.1_INCORRECT → RESTART2 → C2_INCORRECT → RESTART3 → FAILED",4,FAILED
"C1_DISTRACTOR → C1.1_DISTRACTOR → C1.1.1_INCORRECT → RESTART1 → C1_DISTRACTOR → C1.1_DISTRACTOR → C1.1.1_CORRECT → C2_DISTRACTOR → C2.1_INCORRECT → RESTART2 → C2_DISTRACTOR → C2.1_CORRECT → C3_CORRECT → COMPLETE",3,COMPLETE
"C1_DISTRACTOR → C1.1_DISTRACTOR → C1.1.1_INCORRECT → RESTART1 → C1_DISTRACTOR → C1.1_DISTRACTOR → C1.1.1_CORRECT → C2_DISTRACTOR → C2.1_INCORRECT → RESTART2 → C2_DISTRACTOR → C2.1_CORRECT → C3_INCORRECT → RESTART3 → FAILED",4,FAILED
"C1_DISTRACTOR → C1.1_DISTRACTOR → C1.1.1_INCORRECT → RESTART1 → C1_DISTRACTOR → C1.1_DISTRACTOR → C1.1.1_CORRECT → C2_DISTRACTOR → C2.1_INCORRECT → RESTART2 → C2_DISTRACTOR → C2.1_CORRECT → C3_DISTRACTOR → RESTART3 → FAILED",4,FAILED
"C1_DISTRACTOR → C1.1_DISTRACTOR → C1.1.1_INCORRECT → RESTART1 → C1_DISTRACTOR → C1.1_DISTRACTOR → C1.1.1_CORRECT → C2_DISTRACTOR → C2.1_INCORRECT → RESTART2 → C2_DISTRACTOR → C2.1_INCORRECT → RESTART3 → FAILED",4,FAILED
"C1_DISTRACTOR → C1.1_DISTRACTOR → C1.1.1_INCORRECT → RESTART1 → C1_DISTRACTOR → C1.1_DISTRACTOR → C1.1.1_CORRECT → C2_DISTRACTOR → C2.1_INCORRECT → RESTART2 → C2_DISTRACTOR → C2.1_DISTRACTOR → RESTART3 → FAILED",4,FAILED
"C1_DISTRACTOR → C1.1_DISTRACTOR → C1.1.1_INCORRECT → RESTART1 → C1_DISTRACTOR → C1.1_DISTRACTOR → C1.1.1_CORRECT → C2_DISTRACTOR → C2.1_DISTRACTOR → RESTART2 → C2_CORRECT → C3_CORRECT → COMPLETE",3,COMPLETE
"C1_DISTRACTOR → C1.1_DISTRACTOR → C1.1.1_INCORRECT → RESTART1 → C1_DISTRACTOR → C1.1_DISTRACTOR → C1.1.1_CORRECT → C2_DISTRACTOR → C2.1_DISTRACTOR → RESTART2 → C2_CORRECT → C3_INCORRECT → RESTART3 → FAILED",4,FAILED
"C1_DISTRACTOR → C1.1_DISTRACTOR → C1.1.1_INCORRECT → RESTART1 → C1_DISTRACTOR → C1.1_DISTRACTOR → C1.1.1_CORRECT → C2_DISTRACTOR → C2.1_DISTRACTOR → RESTART2 → C2_CORRECT → C3_DISTRACTOR → RESTART3 → FAILED",4,FAILED
"C1_DISTRACTOR → C1.1_DISTRACTOR → C1.1.1_INCORRECT → RESTART1 → C1_DISTRACTOR → C1.1_DISTRACTOR → C1.1.1_CORRECT → C2_DISTRACTOR → C2.1_DISTRACTOR → RESTART2 → C2_INCORRECT → RESTART3 → FAILED",4,FAILED
"C1_DISTRACTOR → C1.1_DISTRACTOR → C1.1.1_INCORRECT → RESTART1 → C1_DISTRACTOR → C1.1_DISTRACTOR → C1.1.1_CORRECT → C2_DISTRACTOR → C2.1_DISTRACTOR → RESTART2 → C2_DISTRACTOR → C2.1_CORRECT → C3_CORRECT → COMPLETE",3,COMPLETE
"C1_DISTRACTOR → C1.1_DISTRACTOR → C1.1.1_INCORRECT → RESTART1 → C1_DISTRACTOR → C1.1_DISTRACTOR → C1.1.1_CORRECT → C2_DISTRACTOR → C2.1_DISTRACTOR → RESTART2 → C2_DISTRACTOR → C2.1_CORRECT → C3_INCORRECT → RESTART3 → FAILED",4,FAILED
"C1_DISTRACTOR → C1.1_DISTRACTOR → C1.1.1_INCORRECT → RESTART1 → C1_DISTRACTOR → C1.1_DISTRACTOR → C1.1.1_CORRECT → C2_DISTRACTOR → C2.1_DISTRACTOR → RESTART2 → C2_DISTRACTOR → C2.1_CORRECT → C3_DISTRACTOR → RESTART3 → FAILED",4,FAILED
"C1_DISTRACTOR → C1.1_DISTRACTOR → C1.1.1_INCORRECT → RESTART1 → C1_DISTRACTOR → C1.1_DISTRACTOR → C1.1.1_CORRECT → C2_DISTRACTOR → C2.1_DISTRACTOR → RESTART2 → C2_DISTRACTOR → C2.1_INCORRECT → RESTART3 → FAILED",4,FAILED
"C1_DISTRACTOR → C1.1_DISTRACTOR → C1.1.1_INCORRECT → RESTART1 → C1_DISTRACTOR → C1.1_DISTRACTOR → C1.1.1_CORRECT → C2_DISTRACTOR → C2.1_DISTRACTOR → RESTART2 → C2_DISTRACTOR → C2.1_DISTRACTOR → RESTART3 → FAILED",4,FAILED
"C1_DISTRACTOR → C1.1_DISTRACTOR → C1.1.1_INCORRECT → RESTART1 → C1_DISTRACTOR → C1.1_DISTRACTOR → C1.1.1_INCORRECT → RESTART2 → C1_CORRECT → C2_CORRECT → C3_CORRECT → COMPLETE",3,COMPLETE
"C1_DISTRACTOR → C1.1_DISTRACTOR → C1.1.1_INCORRECT → RESTART1 → C1_DISTRACTOR → C1.1_DISTRACTOR → C1.1.1_INCORRECT → RESTART2 → C1_CORRECT → C2_CORRECT → C3_INCORRECT → RESTART3 → FAILED",4,FAILED
"C1_DISTRACTOR → C1.1_DISTRACTOR → C1.1.1_INCORRECT → RESTART1 → C1_DISTRACTOR → C1.1_DISTRACTOR → C1.1.1_INCORRECT → RESTART2 → C1_CORRECT → C2_CORRECT → C3_DISTRACTOR → RESTART3 → FAILED",4,FAILED
"C1_DISTRACTOR → C1.1_DISTRACTOR → C1.1.1_INCORRECT → RESTART1 → C1_DISTRACTOR → C1.1_DISTRACTOR → C1.1.1_INCORRECT → RESTART2 → C1_CORRECT → C2_INCORRECT → RESTART3 → FAILED",4,FAILED
"C1_DISTRACTOR → C1.1_DISTRACTOR → C1.1.1_INCORRECT → RESTART1 → C1_DISTRACTOR → C1.1_DISTRACTOR → C1.1.1_INCORRECT → RESTART2 → C1_CORRECT → C2_DISTRACTOR → C2.1_CORRECT → C3_CORRECT → COMPLETE",3,COMPLETE
"C1_DISTRACTOR → C1.1_DISTRACTOR → C1.1.1_INCORRECT → RESTART1 → C1_DISTRACTOR → C1.1_DISTRACTOR → C1.1.1_INCORRECT → RESTART2 → C1_CORRECT → C2_DISTRACTOR → C2.1_CORRECT → C3_INCORRECT → RESTART3 → FAILED",4,FAILED
"C1_DISTRACTOR → C1.1_DISTRACTOR → C1.1.1_INCORRECT → RESTART1 → C1_DISTRACTOR → C1.1_DISTRACTOR → C1.1.1_INCORRECT → RESTART2 → C1_CORRECT → C2_DISTRACTOR → C2.1_CORRECT → C3_DISTRACTOR → RESTART3 → FAILED",4,FAILED
"C1_DISTRACTOR → C1.1_DISTRACTOR → C1.1.1_INCORRECT → RESTART1 → C1_DISTRACTOR → C1.1_DISTRACTOR → C1.1.1_INCORRECT → RESTART2 → C1_CORRECT → C2_DISTRACTOR → C2.1_INCORRECT → RESTART3 → FAILED",4,FAILED
"C1_DISTRACTOR → C1.1_DISTRACTOR → C1.1.1_INCORRECT → RESTART1 → C1_DISTRACTOR → C1.1_DISTRACTOR → C1.1.1_INCORRECT → RESTART2 → C1_CORRECT → C2_DISTRACTOR → C2.1_DISTRACTOR → RESTART3 → FAILED",4,FAILED
"C1_DISTRACTOR → C1.1_DISTRACTOR → C1.1.1_INCORRECT → RESTART1 → C1_DISTRACTOR → C1.1_DISTRACTOR → C1.1.1_INCORRECT → RESTART2 → C1_INCORRECT → C1.2_CORRECT → C2_CORRECT → C3_CORRECT → COMPLETE",3,COMPLETE
"C1_DISTRACTOR → C1.1_DISTRACTOR → C1.1.1_INCORRECT → RESTART1 → C1_DISTRACTOR → C1.1_DISTRACTOR → C1.1.1_INCORRECT → RESTART2 → C1_INCORRECT → C1.2_CORRECT → C2_CORRECT → C3_INCORRECT → RESTART3 → FAILED",4,FAILED
"C1_DISTRACTOR → C1.1_DISTRACTOR → C1.1.1_INCORRECT → RESTART1 → C1_DISTRACTOR → C1.1_DISTRACTOR → C1.1.1_INCORRECT → RESTART2 → C1_INCORRECT → C1.2_CORRECT → C2_CORRECT → C3_DISTRACTOR → RESTART3 → FAILED",4,FAILED
"C1_DISTRACTOR → C1.1_DISTRACTOR → C1.1.1_INCORRECT → RESTART1 → C1_DISTRACTOR → C1.1_DISTRACTOR → C1.1.1_INCORRECT → RESTART2 → C1_INCORRECT → C1.2_CORRECT → C2_INCORRECT → RESTART3 → FAILED",4,FAILED
"C1_DISTRACTOR → C1.1_DISTRACTOR → C1.1.1_INCORRECT → RESTART1 → C1_DISTRACTOR → C1.1_DISTRACTOR → C1.1.1_INCORRECT → RESTART2 → C1_INCORRECT → C1.2_CORRECT → C2_DISTRACTOR → C2.1_CORRECT → C3_CORRECT → COMPLETE",3,COMPLETE
"C1_DISTRACTOR → C1.1_DISTRACTOR → C1.1.1_INCORRECT → RESTART1 → C1_DISTRACTOR → C1.1_DISTRACTOR → C1.1.1_INCORRECT → RESTART2 → C1_INCORRECT → C1.2_CORRECT → C2_DISTRACTOR → C2.1_CORRECT → C3_INCORRECT → RESTART3 → FAILED",4,FAILED
"C1_DISTRACTOR → C1.1_DISTRACTOR → C1.1.1_INCORRECT → RESTART1 → C1_DISTRACTOR → C1.1_DISTRACTOR → C1.1.1_INCORRECT → RESTART2 → C1_INCORRECT → C1.2_CORRECT → C2_DISTRACTOR → C2.1_CORRECT → C3_DISTRACTOR → RESTART3 → FAILED",4,FAILED
"C1_DISTRACTOR → C1.1_DISTRACTOR → C1.1.1_INCORRECT → RESTART1 → C1_DISTRACTOR → C1.1_DISTRACTOR → C1.1.1_INCORRECT → RESTART2 → C1_INCORRECT → C1.2_CORRECT → C2_DISTRACTOR → C2.1_INCORRECT → RESTART3 → FAILED",4,FAILED
"C1_DISTRACTOR → C1.1_DISTRACTOR → C1.1.1_INCORRECT → RESTART1 → C1_DISTRACTOR → C1.1_DISTRACTOR → C1.1.1_INCORRECT → RESTART2 → C1_INCORRECT → C1.2_CORRECT → C2_DISTRACTOR → C2.1_DISTRACTOR → RESTART3 → FAILED",4,FAILED
"C1_DISTRACTOR → C1.1_DISTRACTOR → C1.1.1_INCORRECT → RESTART1 → C1_DISTRACTOR → C1.1_DISTRACTOR → C1.1.1_INCORRECT → RESTART2 → C1_INCORRECT → C1.2_INCORRECT → RESTART3 → FAILED",4,FAILED
"C1_DISTRACTOR → C1.1_DISTRACTOR → C1.1.1_INCORRECT → RESTART1 → C1_DISTRACTOR → C1.1_DISTRACTOR → C1.1.1_INCORRECT → RESTART2 → C1_INCORRECT → C1.2_DISTRACTOR → RESTART3 → FAILED",4,FAILED
"C1_DISTRACTOR → C1.1_DISTRACTOR → C1.1.1_INCORRECT → RESTART1 → C1_DISTRACTOR → C1.1_DISTRACTOR → C1.1.1_INCORRECT → RESTART2 → C1_DISTRACTOR → C1.1_CORRECT → C2_CORRECT → C3_CORRECT → COMPLETE",3,COMPLETE
"C1_DISTRACTOR → C1.1_DISTRACTOR → C1.1.1_INCORRECT → RESTART1 → C1_DISTRACTOR → C1.1_DISTRACTOR → C1.1.1_INCORRECT → RESTART2 → C1_DISTRACTOR → C1.1_CORRECT → C2_CORRECT → C3_INCORRECT → RESTART3 → FAILED",4,FAILED
"C1_DISTRACTOR → C1.1_DISTRACTOR → C1.1.1_INCORRECT → RESTART1 → C1_DISTRACTOR → C1.1_DISTRACTOR → C1.1.1_INCORRECT → RESTART2 → C1_DISTRACTOR → C1.1_CORRECT → C2_CORRECT → C3_DISTRACTOR → RESTART3 → FAILED",4,FAILED
"C1_DISTRACTOR → C1.1_DISTRACTOR → C1.1.1_INCORRECT → RESTART1 → C1_DISTRACTOR → C1.1_DISTRACTOR → C1.1.1_INCORRECT → RESTART2 → C1_DISTRACTOR → C1.1_CORRECT → C2_INCORRECT → RESTART3 → FAILED",4,FAILED
"C1_DISTRACTOR → C1.1_DISTRACTOR → C1.1.1_INCORRECT → RESTART1 → C1_DISTRACTOR → C1.1_DISTRACTOR → C1.1.1_INCORRECT → RESTART2 → C1_DISTRACTOR → C1.1_CORRECT → C2_DISTRACTOR → C2.1_CORRECT → C3_CORRECT → COMPLETE",3,COMPLETE
"C1_DISTRACTOR → C1.1_DISTRACTOR → C1.1.1_INCORRECT → RESTART1 → C1_DISTRACTOR → C1.1_DISTRACTOR → C1.1.1_INCORRECT → RESTART2 → C1_DISTRACTOR → C1.1_CORRECT → C2_DISTRACTOR → C2.1_CORRECT → C3_INCORRECT → RESTART3 → FAILED",4,FAILED
"C1_DISTRACTOR → C1.1_DISTRACTOR → C1.1.1_INCORRECT → RESTART1 → C1_DISTRACTOR → C1.1_DISTRACTOR → C1.1.1_INCORRECT → RESTART2 → C1_DISTRACTOR → C1.1_CORRECT → C2_DISTRACTOR → C2.1_CORRECT → C3_DISTRACTOR → RESTART3 → FAILED",4,FAILED
"C1_DISTRACTOR → C1.1_DISTRACTOR → C1.1.1_INCORRECT → RESTART1 → C1_DISTRACTOR → C1.1_DISTRACTOR → C1.1.1_INCORRECT → RESTART2 → C1_DISTRACTOR → C1.1_CORRECT → C2_DISTRACTOR → C2.1_INCORRECT → RESTART3 → FAILED",4,FAILED
"C1_DISTRACTOR → C1.1_DISTRACTOR → C1.1.1_INCORRECT → RESTART1 → C1_DISTRACTOR → C1.1_DISTRACTOR → C1.1.1_INCORRECT → RESTART2 → C1_DISTRACTOR → C1.1_CORRECT → C2_DISTRACTOR → C2.1_DISTRACTOR → RESTART3 → FAILED",4,FAILED
"C1_DISTRACTOR → C1.1_DISTRACTOR → C1.1.1_INCORRECT → RESTART1 → C1_DISTRACTOR → C1.1_DISTRACTOR → C1.1.1_INCORRECT → RESTART2 → C1_DISTRACTOR → C1.1_INCORRECT → RESTART3 → FAILED",4,FAILED
"C1_DISTRACTOR → C1.1_DISTRACTOR → C1.1.1_INCORRECT → RESTART1 → C1_DISTRACTOR → C1.1_DISTRACTOR → C1.1.1_INCORRECT → RESTART2 → C1_DISTRACTOR → C1.1_DISTRACTOR → C1.1.1_CORRECT → C2_CORRECT → C3_CORRECT → COMPLETE",3,COMPLETE
"C1_DISTRACTOR → C1.1_DISTRACTOR → C1.1.1_INCORRECT → RESTART1 → C1_DISTRACTOR → C1.1_DISTRACTOR → C1.1.1_INCORRECT → RESTART2 → C1_DISTRACTOR → C1.1_DISTRACTOR → C1.1.1_CORRECT → C2_CORRECT → C3_INCORRECT → RESTART3 → FAILED",4,FAILED
"C1_DISTRACTOR → C1.1_DISTRACTOR → C1.1.1_INCORRECT → RESTART1 → C1_DISTRACTOR → C1.1_DISTRACTOR → C1.1.1_INCORRECT → RESTART2 → C1_DISTRACTOR → C1.1_DISTRACTOR → C1.1.1_CORRECT → C2_CORRECT → C3_DISTRACTOR → RESTART3 → FAILED",4,FAILED
"C1_DISTRACTOR → C1.1_DISTRACTOR → C1.1.1_INCORRECT → RESTART1 → C1_DISTRACTOR → C1.1_DISTRACTOR → C1.1.1_INCORRECT → RESTART2 → C1_DISTRACTOR → C1.1_DISTRACTOR → C1.1.1_CORRECT → C2_INCORRECT → RESTART3 → FAILED",4,FAILED
"C1_DISTRACTOR → C1.1_DISTRACTOR → C1.1.1_INCORRECT → RESTART1 → C1_DISTRACTOR → C1.1_DISTRACTOR → C1.1.1_INCORRECT → RESTART2 → C1_DISTRACTOR → C1.1_DISTRACTOR → C1.1.1_CORRECT → C2_DISTRACTOR → C2.1_CORRECT → C3_CORRECT → COMPLETE",3,COMPLETE
"C1_DISTRACTOR → C1.1_DISTRACTOR → C1.1.1_INCORRECT → RESTART1 → C1_DISTRACTOR → C1.1_DISTRACTOR → C1.1.1_INCORRECT → RESTART2 → C1_DISTRACTOR → C1.1_DISTRACTOR → C1.1.1_CORRECT → C2_DISTRACTOR → C2.1_CORRECT → C3_INCORRECT → RESTART3 → FAILED",4,FAILED
"C1_DISTRACTOR → C1.1_DISTRACTOR → C1.1.1_INCORRECT → RESTART1 → C1_DISTRACTOR → C1.1_DISTRACTOR → C1.1.1_INCORRECT → RESTART2 → C1_DISTRACTOR → C1.1_DISTRACTOR → C1.1.1_CORRECT → C2_DISTRACTOR → C2.1_CORRECT → C3_DISTRACTOR → RESTART3 → FAILED",4,FAILED
"C1_DISTRACTOR → C1.1_DISTRACTOR → C1.1.1_INCORRECT → RESTART1 → C1_DISTRACTOR → C1.1_DISTRACTOR → C1.1.1_INCORRECT → RESTART2 → C1_DISTRACTOR → C1.1_DISTRACTOR → C1.1.1_CORRECT → C2_DISTRACTOR → C2.1_INCORRECT → RESTART3 → FAILED",4,FAILED
"C1_DISTRACTOR → C1.1_DISTRACTOR → C1.1.1_INCORRECT → RESTART1 → C1_DISTRACTOR → C1.1_DISTRACTOR → C1.1.1_INCORRECT → RESTART2 → C1_DISTRACTOR → C1.1_DISTRACTOR → C1.1.1_CORRECT → C2_DISTRACTOR → C2.1_DISTRACTOR → RESTART3 → FAILED",4,FAILED
"C1_DISTRACTOR → C1.1_DISTRACTOR → C1.1.1_INCORRECT → RESTART1 → C1_DISTRACTOR → C1.1_DISTRACTOR → C1.1.1_INCORRECT → RESTART2 → C1_DISTRACTOR → C1.1_DISTRACTOR → C1.1.1_INCORRECT → RESTART3 → FAILED",4,FAILED
"C1_DISTRACTOR → C1.1_DISTRACTOR → C1.1.1_INCORRECT → RESTART1 → C1_DISTRACTOR → C1.1_DISTRACTOR → C1.1.1_INCORRECT → RESTART2 → C1_DISTRACTOR → C1.1_DISTRACTOR → C1.1.1_DISTRACTOR → RESTART3 → FAILED",4,FAILED
"C1_DISTRACTOR → C1.1_DISTRACTOR → C1.1.1_INCORRECT → RESTART1 → C1_DISTRACTOR → C1.1_DISTRACTOR → C1.1.1_DISTRACTOR → RESTART2 → C1_CORRECT → C2_CORRECT → C3_CORRECT → COMPLETE",3,COMPLETE
"C1_DISTRACTOR → C1.1_DISTRACTOR → C1.1.1_INCORRECT → RESTART1 → C1_DISTRACTOR → C1.1_DISTRACTOR → C1.1.1_DISTRACTOR → RESTART2 → C1_CORRECT → C2_CORRECT → C3_INCORRECT → RESTART3 → FAILED",4,FAILED
"C1_DISTRACTOR → C1.1_DISTRACTOR → C1.1.1_INCORRECT → RESTART1 → C1_DISTRACTOR → C1.1_DISTRACTOR → C1.1.1_DISTRACTOR → RESTART2 → C1_CORRECT → C2_CORRECT → C3_DISTRACTOR → RESTART3 → FAILED",4,FAILED
"C1_DISTRACTOR → C1.1_DISTRACTOR → C1.1.1_INCORRECT → RESTART1 → C1_DISTRACTOR → C1.1_DISTRACTOR → C1.1.1_DISTRACTOR → RESTART2 → C1_CORRECT → C2_INCORRECT → RESTART3 → FAILED",4,FAILED
"C1_DISTRACTOR → C1.1_DISTRACTOR → C1.1.1_INCORRECT → RESTART1 → C1_DISTRACTOR → C1.1_DISTRACTOR → C1.1.1_DISTRACTOR → RESTART2 → C1_CORRECT → C2_DISTRACTOR → C2.1_CORRECT → C3_CORRECT → COMPLETE",3,COMPLETE
"C1_DISTRACTOR → C1.1_DISTRACTOR → C1.1.1_INCORRECT → RESTART1 → C1_DISTRACTOR → C1.1_DISTRACTOR → C1.1.1_DISTRACTOR → RESTART2 → C1_CORRECT → C2_DISTRACTOR → C2.1_CORRECT → C3_INCORRECT → RESTART3 → FAILED",4,FAILED
"C1_DISTRACTOR → C1.1_DISTRACTOR → C1.1.1_INCORRECT → RESTART1 → C1_DISTRACTOR → C1.1_DISTRACTOR → C1.1.1_DISTRACTOR → RESTART2 → C1_CORRECT → C2_DISTRACTOR → C2.1_CORRECT → C3_DISTRACTOR → RESTART3 → FAILED",4,FAILED
"C1_DISTRACTOR → C1.1_DISTRACTOR → C1.1.1_INCORRECT → RESTART1 → C1_DISTRACTOR → C1.1_DISTRACTOR → C1.1.1_DISTRACTOR → RESTART2 → C1_CORRECT → C2_DISTRACTOR → C2.1_INCORRECT → RESTART3 → FAILED",4,FAILED
"C1_DISTRACTOR → C1.1_DISTRACTOR → C1.1.1_INCORRECT → RESTART1 → C1_DISTRACTOR → C1.1_DISTRACTOR → C1.1.1_DISTRACTOR → RESTART2 → C1_CORRECT → C2_DISTRACTOR → C2.1_DISTRACTOR → RESTART3 → FAILED",4,FAILED
"C1_DISTRACTOR → C1.1_DISTRACTOR → C1.1.1_INCORRECT → RESTART1 → C1_DISTRACTOR → C1.1_DISTRACTOR → C1.1.1_DISTRACTOR → RESTART2 → C1_INCORRECT → C1.2_CORRECT → C2_CORRECT → C3_CORRECT → COMPLETE",3,COMPLETE
"C1_DISTRACTOR → C1.1_DISTRACTOR → C1.1.1_INCORRECT → RESTART1 → C1_DISTRACTOR → C1.1_DISTRACTOR → C1.1.1_DISTRACTOR → RESTART2 → C1_INCORRECT → C1.2_CORRECT → C2_CORRECT → C3_INCORRECT → RESTART3 → FAILED",4,FAILED
"C1_DISTRACTOR → C1.1_DISTRACTOR → C1.1.1_INCORRECT → RESTART1 → C1_DISTRACTOR → C1.1_DISTRACTOR → C1.1.1_DISTRACTOR → RESTART2 → C1_INCORRECT → C1.2_CORRECT → C2_CORRECT → C3_DISTRACTOR → RESTART3 → FAILED",4,FAILED
"C1_DISTRACTOR → C1.1_DISTRACTOR → C1.1.1_INCORRECT → RESTART1 → C1_DISTRACTOR → C1.1_DISTRACTOR → C1.1.1_DISTRACTOR → RESTART2 → C1_INCORRECT → C1.2_CORRECT → C2_INCORRECT → RESTART3 → FAILED",4,FAILED
"C1_DISTRACTOR → C1.1_DISTRACTOR → C1.1.1_INCORRECT → RESTART1 → C1_DISTRACTOR → C1.1_DISTRACTOR → C1.1.1_DISTRACTOR → RESTART2 → C1_INCORRECT → C1.2_CORRECT → C2_DISTRACTOR → C2.1_CORRECT → C3_CORRECT → COMPLETE",3,COMPLETE
"C1_DISTRACTOR → C1.1_DISTRACTOR → C1.1.1_INCORRECT → RESTART1 → C1_DISTRACTOR → C1.1_DISTRACTOR → C1.1.1_DISTRACTOR → RESTART2 → C1_INCORRECT → C1.2_CORRECT → C2_DISTRACTOR → C2.1_CORRECT → C3_INCORRECT → RESTART3 → FAILED",4,FAILED
"C1_DISTRACTOR → C1.1_DISTRACTOR → C1.1.1_INCORRECT → RESTART1 → C1_DISTRACTOR → C1.1_DISTRACTOR → C1.1.1_DISTRACTOR → RESTART2 → C1_INCORRECT → C1.2_CORRECT → C2_DISTRACTOR → C2.1_CORRECT → C3_DISTRACTOR → RESTART3 → FAILED",4,FAILED
"C1_DISTRACTOR → C1.1_DISTRACTOR → C1.1.1_INCORRECT → RESTART1 → C1_DISTRACTOR → C1.1_DISTRACTOR → C1.1.1_DISTRACTOR → RESTART2 → C1_INCORRECT → C1.2_CORRECT → C2_DISTRACTOR → C2.1_INCORRECT → RESTART3 → FAILED",4,FAILED
"C1_DISTRACTOR → C1.1_DISTRACTOR → C1.1.1_INCORRECT → RESTART1 → C1_DISTRACTOR → C1.1_DISTRACTOR → C1.1.1_DISTRACTOR → RESTART2 → C1_INCORRECT → C1.2_CORRECT → C2_DISTRACTOR → C2.1_DISTRACTOR → RESTART3 → FAILED",4,FAILED
"C1_DISTRACTOR → C1.1_DISTRACTOR → C1.1.1_INCORRECT → RESTART1 → C1_DISTRACTOR → C1.1_DISTRACTOR → C1.1.1_DISTRACTOR → RESTART2 → C1_INCORRECT → C1.2_INCORRECT → RESTART3 → FAILED",4,FAILED
"C1_DISTRACTOR → C1.1_DISTRACTOR → C1.1.1_INCORRECT → RESTART1 → C1_DISTRACTOR → C1.1_DISTRACTOR → C1.1.1_DISTRACTOR → RESTART2 → C1_INCORRECT → C1.2_DISTRACTOR → RESTART3 → FAILED",4,FAILED
"C1_DISTRACTOR → C1.1_DISTRACTOR → C1.1.1_INCORRECT → RESTART1 → C1_DISTRACTOR → C1.1_DISTRACTOR → C1.1.1_DISTRACTOR → RESTART2 → C1_DISTRACTOR → C1.1_CORRECT → C2_CORRECT → C3_CORRECT → COMPLETE",3,COMPLETE
"C1_DISTRACTOR → C1.1_DISTRACTOR → C1.1.1_INCORRECT → RESTART1 → C1_DISTRACTOR → C1.1_DISTRACTOR → C1.1.1_DISTRACTOR → RESTART2 → C1_DISTRACTOR → C1.1_CORRECT → C2_CORRECT → C3_INCORRECT → RESTART3 → FAILED",4,FAILED
"C1_DISTRACTOR → C1.1_DISTRACTOR → C1.1.1_INCORRECT → RESTART1 → C1_DISTRACTOR → C1.1_DISTRACTOR → C1.1.1_DISTRACTOR → RESTART2 → C1_DISTRACTOR → C1.1_CORRECT → C2_CORRECT → C3_DISTRACTOR → RESTART3 → FAILED",4,FAILED
"C1_DISTRACTOR → C1.1_DISTRACTOR → C1.1.1_INCORRECT → RESTART1 → C1_DISTRACTOR → C1.1_DISTRACTOR → C1.1.1_DISTRACTOR → RESTART2 → C1_DISTRACTOR → C1.1_CORRECT → C2_INCORRECT → RESTART3 → FAILED",4,FAILED
"C1_DISTRACTOR → C1.1_DISTRACTOR → C1.1.1_INCORRECT → RESTART1 → C1_DISTRACTOR → C1.1_DISTRACTOR → C1.1.1_DISTRACTOR → RESTART2 → C1_DISTRACTOR → C1.1_CORRECT → C2_DISTRACTOR → C2.1_CORRECT → C3_CORRECT → COMPLETE",3,COMPLETE
"C1_DISTRACTOR → C1.1_DISTRACTOR → C1.1.1_INCORRECT → RESTART1 → C1_DISTRACTOR → C1.1_DISTRACTOR → C1.1.1_DISTRACTOR → RESTART2 → C1_DISTRACTOR → C1.1_CORRECT → C2_DISTRACTOR → C2.1_CORRECT → C3_INCORRECT → RESTART3 → FAILED",4,FAILED
"C1_DISTRACTOR → C1.1_DISTRACTOR → C1.1.1_INCORRECT → RESTART1 → C1_DISTRACTOR → C1.1_DISTRACTOR → C1.1.1_DISTRACTOR → RESTART2 → C1_DISTRACTOR → C1.1_CORRECT → C2_DISTRACTOR → C2.1_CORRECT → C3_DISTRACTOR → RESTART3 → FAILED",4,FAILED
"C1_DISTRACTOR → C1.1_DISTRACTOR → C1.1.1_INCORRECT → RESTART1 → C1_DISTRACTOR → C1.1_DISTRACTOR → C1.1.1_DISTRACTOR → RESTART2 → C1_DISTRACTOR → C1.1_CORRECT → C2_DISTRACTOR → C2.1_INCORRECT → RESTART3 → FAILED",4,FAILED
"C1_DISTRACTOR → C1.1_DISTRACTOR → C1.1.1_INCORRECT → RESTART1 → C1_DISTRACTOR → C1.1_DISTRACTOR → C1.1.1_DISTRACTOR → RESTART2 → C1_DISTRACTOR → C1.1_CORRECT → C2_DISTRACTOR → C2.1_DISTRACTOR → RESTART3 → FAILED",4,FAILED
"C1_DISTRACTOR → C1.1_DISTRACTOR → C1.1.1_INCORRECT → RESTART1 → C1_DISTRACTOR → C1.1_DISTRACTOR → C1.1.1_DISTRACTOR → RESTART2 → C1_DISTRACTOR → C1.1_INCORRECT → RESTART3 → FAILED",4,FAILED
"C1_DISTRACTOR → C1.1_DISTRACTOR → C1.1.1_INCORRECT → RESTART1 → C1_DISTRACTOR → C1.1_DISTRACTOR → C1.1.1_DISTRACTOR → RESTART2 → C1_DISTRACTOR → C1.1_DISTRACTOR → C1.1.1_CORRECT → C2_CORRECT → C3_CORRECT → COMPLETE",3,COMPLETE
"C1_DISTRACTOR → C1.1_DISTRACTOR → C1.1.1_INCORRECT → RESTART1 → C1_DISTRACTOR → C1.1_DISTRACTOR → C1.1.1_DISTRACTOR → RESTART2 → C1_DISTRACTOR → C1.1_DISTRACTOR → C1.1.1_CORRECT → C2_CORRECT → C3_INCORRECT → RESTART3 → FAILED",4,FAILED
"C1_DISTRACTOR → C1.1_DISTRACTOR → C1.1.1_INCORRECT → RESTART1 → C1_DISTRACTOR → C1.1_DISTRACTOR → C1.1.1_DISTRACTOR → RESTART2 → C1_DISTRACTOR → C1.1_DISTRACTOR → C1.1.1_CORRECT → C2_CORRECT → C3_DISTRACTOR → RESTART3 → FAILED",4,FAILED
"C1_DISTRACTOR → C1.1_DISTRACTOR → C1.1.1_INCORRECT → RESTART1 → C1_DISTRACTOR → C1.1_DISTRACTOR → C1.1.1_DISTRACTOR → RESTART2 → C1_DISTRACTOR → C1.1_DISTRACTOR → C1.1.1_CORRECT → C2_INCORRECT → RESTART3 → FAILED",4,FAILED
"C1_DISTRACTOR → C1.1_DISTRACTOR → C1.1.1_INCORRECT → RESTART1 → C1_DISTRACTOR → C1.1_DISTRACTOR → C1.1.1_DISTRACTOR → RESTART2 → C1_DISTRACTOR → C1.1_DISTRACTOR → C1.1.1_CORRECT → C2_DISTRACTOR → C2.1_CORRECT → C3_CORRECT → COMPLETE",3,COMPLETE
"C1_DISTRACTOR → C1.1_DISTRACTOR → C1.1.1_INCORRECT → RESTART1 → C1_DISTRACTOR → C1.1_DISTRACTOR → C1.1.1_DISTRACTOR → RESTART2 → C1_DISTRACTOR → C1.1_DISTRACTOR → C1.1.1_CORRECT → C2_DISTRACTOR → C2.1_CORRECT → C3_INCORRECT → RESTART3 → FAILED",4,FAILED
"C1_DISTRACTOR → C1.1_DISTRACTOR → C1.1.1_INCORRECT → RESTART1 → C1_DISTRACTOR → C1.1_DISTRACTOR → C1.1.1_DISTRACTOR → RESTART2 → C1_DISTRACTOR → C1.1_DISTRACTOR → C1.1.1_CORRECT → C2_DISTRACTOR → C2.1_CORRECT → C3_DISTRACTOR → RESTART3 → FAILED",4,FAILED
"C1_DISTRACTOR → C1.1_DISTRACTOR → C1.1.1_INCORRECT → RESTART1 → C1_DISTRACTOR → C1.1_DISTRACTOR → C1.1.1_DISTRACTOR → RESTART2 → C1_DISTRACTOR → C1.1_DISTRACTOR → C1.1.1_CORRECT → C2_DISTRACTOR → C2.1_INCORRECT → RESTART3 → FAILED",4,FAILED
"C1_DISTRACTOR → C1.1_DISTRACTOR → C1.1.1_INCORRECT → RESTART1 → C1_DISTRACTOR → C1.1_DISTRACTOR → C1.1.1_DISTRACTOR → RESTART2 → C1_DISTRACTOR → C1.1_DISTRACTOR → C1.1.1_CORRECT → C2_DISTRACTOR → C2.1_DISTRACTOR → RESTART3 → FAILED",4,FAILED
"C1_DISTRACTOR → C1.1_DISTRACTOR → C1.1.1_INCORRECT → RESTART1 → C1_DISTRACTOR → C1.1_DISTRACTOR → C1.1.1_DISTRACTOR → RESTART2 → C1_DISTRACTOR → C1.1_DISTRACTOR → C1.1.1_INCORRECT → RESTART3 → FAILED",4,FAILED
"C1_DISTRACTOR → C1.1_DISTRACTOR → C1.1.1_INCORRECT → RESTART1 → C1_DISTRACTOR → C1.1_DISTRACTOR → C1.1.1_DISTRACTOR → RESTART2 → C1_DISTRACTOR → C1.1_DISTRACTOR → C1.1.1_DISTRACTOR → RESTART3 → FAILED",4,FAILED
"C1_DISTRACTOR → C1.1_DISTRACTOR → C1.1.1_DISTRACTOR → RESTART1 → C1_CORRECT → C2_CORRECT → C3_CORRECT → COMPLETE",2,COMPLETE
"C1_DISTRACTOR → C1.1_DISTRACTOR → C1.1.1_DISTRACTOR → RESTART1 → C1_CORRECT → C2_CORRECT → C3_INCORRECT → RESTART2 → C3_CORRECT → COMPLETE",3,COMPLETE
"C1_DISTRACTOR → C1.1_DISTRACTOR → C1.1.1_DISTRACTOR → RESTART1 → C1_CORRECT → C2_CORRECT → C3_INCORRECT → RESTART2 → C3_INCORRECT → RESTART3 → FAILED",4,FAILED
"C1_DISTRACTOR → C1.1_DISTRACTOR → C1.1.1_DISTRACTOR → RESTART1 → C1_CORRECT → C2_CORRECT → C3_INCORRECT → RESTART2 → C3_DISTRACTOR → RESTART3 → FAILED",4,FAILED
"C1_DISTRACTOR → C1.1_DISTRACTOR → C1.1.1_DISTRACTOR → RESTART1 → C1_CORRECT → C2_CORRECT → C3_DISTRACTOR → RESTART2 → C3_CORRECT → COMPLETE",3,COMPLETE
"C1_DISTRACTOR → C1.1_DISTRACTOR → C1.1.1_DISTRACTOR → RESTART1 → C1_CORRECT → C2_CORRECT → C3_DISTRACTOR → RESTART2 → C3_INCORRECT → RESTART3 → FAILED",4,FAILED
"C1_DISTRACTOR → C1.1_DISTRACTOR → C1.1.1_DISTRACTOR → RESTART1 → C1_CORRECT → C2_CORRECT → C3_DISTRACTOR → RESTART2 → C3_DISTRACTOR → RESTART3 → FAILED",4,FAILED
"C1_DISTRACTOR → C1.1_DISTRACTOR → C1.1.1_DISTRACTOR → RESTART1 → C1_CORRECT → C2_INCORRECT → RESTART2 → C2_CORRECT → C3_CORRECT → COMPLETE",3,COMPLETE
"C1_DISTRACTOR → C1.1_DISTRACTOR → C1.1.1_DISTRACTOR → RESTART1 → C1_CORRECT → C2_INCORRECT → RESTART2 → C2_CORRECT → C3_INCORRECT → RESTART3 → FAILED",4,FAILED
"C1_DISTRACTOR → C1.1_DISTRACTOR → C1.1.1_DISTRACTOR → RESTART1 → C1_CORRECT → C2_INCORRECT → RESTART2 → C2_CORRECT → C3_DISTRACTOR → RESTART3 → FAILED",4,FAILED
"C1_DISTRACTOR → C1.1_DISTRACTOR → C1.1.1_DISTRACTOR → RESTART1 → C1_CORRECT → C2_INCORRECT → RESTART2 → C2_INCORRECT → RESTART3 → FAILED",4,FAILED
"C1_DISTRACTOR → C1.1_DISTRACTOR → C1.1.1_DISTRACTOR → RESTART1 → C1_CORRECT → C2_INCORRECT → RESTART2 → C2_DISTRACTOR → C2.1_CORRECT → C3_CORRECT → COMPLETE",3,COMPLETE
"C1_DISTRACTOR → C1.1_DISTRACTOR → C1.1.1_DISTRACTOR → RESTART1 → C1_CORRECT → C2_INCORRECT → RESTART2 → C2_DISTRACTOR → C2.1_CORRECT → C3_INCORRECT → RESTART3 → FAILED",4,FAILED
"C1_DISTRACTOR → C1.1_DISTRACTOR → C1.1.1_DISTRACTOR → RESTART1 → C1_CORRECT → C2_INCORRECT → RESTART2 → C2_DISTRACTOR → C2.1_CORRECT → C3_DISTRACTOR → RESTART3 → FAILED",4,FAILED
"C1_DISTRACTOR → C1.1_DISTRACTOR → C1.1.1_DISTRACTOR → RESTART1 → C1_CORRECT → C2_INCORRECT → RESTART2 → C2_DISTRACTOR → C2.1_INCORRECT → RESTART3 → FAILED",4,FAILED
"C1_DISTRACTOR → C1.1_DISTRACTOR → C1.1.1_DISTRACTOR → RESTART1 → C1_CORRECT → C2_INCORRECT → RESTART2 → C2_DISTRACTOR → C2.1_DISTRACTOR → RESTART3 → FAILED",4,FAILED
"C1_DISTRACTOR → C1.1_DISTRACTOR → C1.1.1_DISTRACTOR → RESTART1 → C1_CORRECT → C2_DISTRACTOR → C2.1_CORRECT → C3_CORRECT → COMPLETE",2,COMPLETE
"C1_DISTRACTOR → C1.1_DISTRACTOR → C1.1.1_DISTRACTOR → RESTART1 → C1_CORRECT → C2_DISTRACTOR → C2.1_CORRECT → C3_INCORRECT → RESTART2 → C3_CORRECT → COMPLETE",3,COMPLETE
"C1_DISTRACTOR → C1.1_DISTRACTOR → C1.1.1_DISTRACTOR → RESTART1 → C1_CORRECT → C2_DISTRACTOR → C2.1_CORRECT → C3_INCORRECT → RESTART2 → C3_INCORRECT → RESTART3 → FAILED",4,FAILED
"C1_DISTRACTOR → C1.1_DISTRACTOR → C1.1.1_DISTRACTOR → RESTART1 → C1_CORRECT → C2_DISTRACTOR → C2.1_CORRECT → C3_INCORRECT → RESTART2 → C3_DISTRACTOR → RESTART3 → FAILED",4,FAILED
"C1_DISTRACTOR → C1.1_DISTRACTOR → C1.1.1_DISTRACTOR → RESTART1 → C1_CORRECT → C2_DISTRACTOR → C2.1_CORRECT → C3_DISTRACTOR → RESTART2 → C3_CORRECT → COMPLETE",3,COMPLETE
"C1_DISTRACTOR → C1.1_DISTRACTOR → C1.1.1_DISTRACTOR → RESTART1 → C1_CORRECT → C2_DISTRACTOR → C2.1_CORRECT → C3_DISTRACTOR → RESTART2 → C3_INCORRECT → RESTART3 → FAILED",4,FAILED
"C1_DISTRACTOR → C1.1_DISTRACTOR → C1.1.1_DISTRACTOR → RESTART1 → C1_CORRECT → C2_DISTRACTOR → C2.1_CORRECT → C3_DISTRACTOR → RESTART2 → C3_DISTRACTOR → RESTART3 → FAILED",4,FAILED
"C1_DISTRACTOR → C1.1_DISTRACTOR → C1.1.1_DISTRACTOR → RESTART1 → C1_CORRECT → C2_DISTRACTOR → C2.1_INCORRECT → RESTART2 → C2_CORRECT → C3_CORRECT → COMPLETE",3,COMPLETE
"C1_DISTRACTOR → C1.1_DISTRACTOR → C1.1.1_DISTRACTOR → RESTART1 → C1_CORRECT → C2_DISTRACTOR → C2.1_INCORRECT → RESTART2 → C2_CORRECT → C3_INCORRECT → RESTART3 → FAILED",4,FAILED
"C1_DISTRACTOR → C1.1_DISTRACTOR → C1.1.1_DISTRACTOR → RESTART1 → C1_CORRECT → C2_DISTRACTOR → C2.1_INCORRECT → RESTART2 → C2_CORRECT → C3_DISTRACTOR → RESTART3 → FAILED",4,FAILED
"C1_DISTRACTOR → C1.1_DISTRACTOR → C1.1.1_DISTRACTOR → RESTART1 → C1_CORRECT → C2_DISTRACTOR → C2.1_INCORRECT → RESTART2 → C2_INCORRECT → RESTART3 → FAILED",4,FAILED
"C1_DISTRACTOR → C1.1_DISTRACTOR → C1.1.1_DISTRACTOR → RESTART1 → C1_CORRECT → C2_DISTRACTOR → C2.1_INCORRECT → RESTART2 → C2_DISTRACTOR → C2.1_CORRECT → C3_CORRECT → COMPLETE",3,COMPLETE
"C1_DISTRACTOR → C1.1_DISTRACTOR → C1.1.1_DISTRACTOR → RESTART1 → C1_CORRECT → C2_DISTRACTOR → C2.1_INCORRECT → RESTART2 → C2_DISTRACTOR → C2.1_CORRECT → C3_INCORRECT → RESTART3 → FAILED",4,FAILED
"C1_DISTRACTOR → C1.1_DISTRACTOR → C1.1.1_DISTRACTOR → RESTART1 → C1_CORRECT → C2_DISTRACTOR → C2.1_INCORRECT → RESTART2 → C2_DISTRACTOR → C2.1_CORRECT → C3_DISTRACTOR → RESTART3 → FAILED",4,FAILED
"C1_DISTRACTOR → C1.1_DISTRACTOR → C1.1.1_DISTRACTOR → RESTART1 → C1_CORRECT → C2_DISTRACTOR → C2.1_INCORRECT → RESTART2 → C2_DISTRACTOR → C2.1_INCORRECT → RESTART3 → FAILED",4,FAILED
"C1_DISTRACTOR → C1.1_DISTRACTOR → C1.1.1_DISTRACTOR → RESTART1 → C1_CORRECT → C2_DISTRACTOR → C2.1_INCORRECT → RESTART2 → C2_DISTRACTOR → C2.1_DISTRACTOR → RESTART3 → FAILED",4,FAILED
"C1_DISTRACTOR → C1.1_DISTRACTOR → C1.1.1_DISTRACTOR → RESTART1 → C1_CORRECT → C2_DISTRACTOR → C2.1_DISTRACTOR → RESTART2 → C2_CORRECT → C3_CORRECT → COMPLETE",3,COMPLETE
"C1_DISTRACTOR → C1.1_DISTRACTOR → C1.1.1_DISTRACTOR → RESTART1 → C1_CORRECT → C2_DISTRACTOR → C2.1_DISTRACTOR → RESTART2 → C2_CORRECT → C3_INCORRECT → RESTART3 → FAILED",4,FAILED
"C1_DISTRACTOR → C1.1_DISTRACTOR → C1.1.1_DISTRACTOR → RESTART1 → C1_CORRECT → C2_DISTRACTOR → C2.1_DISTRACTOR → RESTART2 → C2_CORRECT → C3_DISTRACTOR → RESTART3 → FAILED",4,FAILED
"C1_DISTRACTOR → C1.1_DISTRACTOR → C1.1.1_DISTRACTOR → RESTART1 → C1_CORRECT → C2_DISTRACTOR → C2.1_DISTRACTOR → RESTART2 → C2_INCORRECT → RESTART3 → FAILED",4,FAILED
"C1_DISTRACTOR → C1.1_DISTRACTOR → C1.1.1_DISTRACTOR → RESTART1 → C1_CORRECT → C2_DISTRACTOR → C2.1_DISTRACTOR → RESTART2 → C2_DISTRACTOR → C2.1_CORRECT → C3_CORRECT → COMPLETE",3,COMPLETE
"C1_DISTRACTOR → C1.1_DISTRACTOR → C1.1.1_DISTRACTOR → RESTART1 → C1_CORRECT → C2_DISTRACTOR → C2.1_DISTRACTOR → RESTART2 → C2_DISTRACTOR → C2.1_CORRECT → C3_INCORRECT → RESTART3 → FAILED",4,FAILED
"C1_DISTRACTOR → C1.1_DISTRACTOR → C1.1.1_DISTRACTOR → RESTART1 → C1_CORRECT → C2_DISTRACTOR → C2.1_DISTRACTOR → RESTART2 → C2_DISTRACTOR → C2.1_CORRECT → C3_DISTRACTOR → RESTART3 → FAILED",4,FAILED
"C1_DISTRACTOR → C1.1_DISTRACTOR → C1.1.1_DISTRACTOR → RESTART1 → C1_CORRECT → C2_DISTRACTOR → C2.1_DISTRACTOR → RESTART2 → C2_DISTRACTOR → C2.1_INCORRECT → RESTART3 → FAILED",4,FAILED
"C1_DISTRACTOR → C1.1_DISTRACTOR → C1.1.1_DISTRACTOR → RESTART1 → C1_CORRECT → C2_DISTRACTOR → C2.1_DISTRACTOR → RESTART2 → C2_DISTRACTOR → C2.1_DISTRACTOR → RESTART3 → FAILED",4,FAILED
"C1_DISTRACTOR → C1.1_DISTRACTOR → C1.1.1_DISTRACTOR → RESTART1 → C1_INCORRECT → C1.2_CORRECT → C2_CORRECT → C3_CORRECT → COMPLETE",2,COMPLETE
"C1_DISTRACTOR → C1.1_DISTRACTOR → C1.1.1_DISTRACTOR → RESTART1 → C1_INCORRECT → C1.2_CORRECT → C2_CORRECT → C3_INCORRECT → RESTART2 → C3_CORRECT → COMPLETE",3,COMPLETE
"C1_DISTRACTOR → C1.1_DISTRACTOR → C1.1.1_DISTRACTOR → RESTART1 → C1_INCORRECT → C1.2_CORRECT → C2_CORRECT → C3_INCORRECT → RESTART2 → C3_INCORRECT → RESTART3 → FAILED",4,FAILED
"C1_DISTRACTOR → C1.1_DISTRACTOR → C1.1.1_DISTRACTOR → RESTART1 → C1_INCORRECT → C1.2_CORRECT → C2_CORRECT → C3_INCORRECT → RESTART2 → C3_DISTRACTOR → RESTART3 → FAILED",4,FAILED
"C1_DISTRACTOR → C1.1_DISTRACTOR → C1.1.1_DISTRACTOR → RESTART1 → C1_INCORRECT → C1.2_CORRECT → C2_CORRECT → C3_DISTRACTOR → RESTART2 → C3_CORRECT → COMPLETE",3,COMPLETE
"C1_DISTRACTOR → C1.1_DISTRACTOR → C1.1.1_DISTRACTOR → RESTART1 → C1_INCORRECT → C1.2_CORRECT → C2_CORRECT → C3_DISTRACTOR → RESTART2 → C3_INCORRECT → RESTART3 → FAILED",4,FAILED
"C1_DISTRACTOR → C1.1_DISTRACTOR → C1.1.1_DISTRACTOR → RESTART1 → C1_INCORRECT → C1.2_CORRECT → C2_CORRECT → C3_DISTRACTOR → RESTART2 → C3_DISTRACTOR → RESTART3 → FAILED",4,FAILED
"C1_DISTRACTOR → C1.1_DISTRACTOR → C1.1.1_DISTRACTOR → RESTART1 → C1_INCORRECT → C1.2_CORRECT → C2_INCORRECT → RESTART2 → C2_CORRECT → C3_CORRECT → COMPLETE",3,COMPLETE
"C1_DISTRACTOR → C1.1_DISTRACTOR → C1.1.1_DISTRACTOR → RESTART1 → C1_INCORRECT → C1.2_CORRECT → C2_INCORRECT → RESTART2 → C2_CORRECT → C3_INCORRECT → RESTART3 → FAILED",4,FAILED
"C1_DISTRACTOR → C1.1_DISTRACTOR → C1.1.1_DISTRACTOR → RESTART1 → C1_INCORRECT → C1.2_CORRECT → C2_INCORRECT → RESTART2 → C2_CORRECT → C3_DISTRACTOR → RESTART3 → FAILED",4,FAILED
"C1_DISTRACTOR → C1.1_DISTRACTOR → C1.1.1_DISTRACTOR → RESTART1 → C1_INCORRECT → C1.2_CORRECT → C2_INCORRECT → RESTART2 → C2_INCORRECT → RESTART3 → FAILED",4,FAILED
"C1_DISTRACTOR → C1.1_DISTRACTOR → C1.1.1_DISTRACTOR → RESTART1 → C1_INCORRECT → C1.2_CORRECT → C2_INCORRECT → RESTART2 → C2_DISTRACTOR → C2.1_CORRECT → C3_CORRECT → COMPLETE",3,COMPLETE
"C1_DISTRACTOR → C1.1_DISTRACTOR → C1.1.1_DISTRACTOR → RESTART1 → C1_INCORRECT → C1.2_CORRECT → C2_INCORRECT → RESTART2 → C2_DISTRACTOR → C2.1_CORRECT → C3_INCORRECT → RESTART3 → FAILED",4,FAILED
"C1_DISTRACTOR → C1.1_DISTRACTOR → C1.1.1_DISTRACTOR → RESTART1 → C1_INCORRECT → C1.2_CORRECT → C2_INCORRECT → RESTART2 → C2_DISTRACTOR → C2.1_CORRECT → C3_DISTRACTOR → RESTART3 → FAILED",4,FAILED
"C1_DISTRACTOR → C1.1_DISTRACTOR → C1.1.1_DISTRACTOR → RESTART1 → C1_INCORRECT → C1.2_CORRECT → C2_INCORRECT → RESTART2 → C2_DISTRACTOR → C2.1_INCORRECT → RESTART3 → FAILED",4,FAILED
"C1_DISTRACTOR → C1.1_DISTRACTOR → C1.1.1_DISTRACTOR → RESTART1 → C1_INCORRECT → C1.2_CORRECT → C2_INCORRECT → RESTART2 → C2_DISTRACTOR → C2.1_DISTRACTOR → RESTART3 → FAILED",4,FAILED
"C1_DISTRACTOR → C1.1_DISTRACTOR → C1.1.1_DISTRACTOR → RESTART1 → C1_INCORRECT → C1.2_CORRECT → C2_DISTRACTOR → C2.1_CORRECT → C3_CORRECT → COMPLETE",2,COMPLETE
"C1_DISTRACTOR → C1.1_DISTRACTOR → C1.1.1_DISTRACTOR → RESTART1 → C1_INCORRECT → C1.2_CORRECT → C2_DISTRACTOR → C2.1_CORRECT → C3_INCORRECT → RESTART2 → C3_CORRECT → COMPLETE",3,COMPLETE
"C1_DISTRACTOR → C1.1_DISTRACTOR → C1.1.1_DISTRACTOR → RESTART1 → C1_INCORRECT → C1.2_CORRECT → C2_DISTRACTOR → C2.1_CORRECT → C3_INCORRECT → RESTART2 → C3_INCORRECT → RESTART3 → FAILED",4,FAILED
"C1_DISTRACTOR → C1.1_DISTRACTOR → C1.1.1_DISTRACTOR → RESTART1 → C1_INCORRECT → C1.2_CORRECT → C2_DISTRACTOR → C2.1_CORRECT → C3_INCORRECT → RESTART2 → C3_DISTRACTOR → RESTART3 → FAILED",4,FAILED
"C1_DISTRACTOR → C1.1_DISTRACTOR → C1.1.1_DISTRACTOR → RESTART1 → C1_INCORRECT → C1.2_CORRECT → C2_DISTRACTOR → C2.1_CORRECT → C3_DISTRACTOR → RESTART2 → C3_CORRECT → COMPLETE",3,COMPLETE
"C1_DISTRACTOR → C1.1_DISTRACTOR → C1.1.1_DISTRACTOR → RESTART1 → C1_INCORRECT → C1.2_CORRECT → C2_DISTRACTOR → C2.1_CORRECT → C3_DISTRACTOR → RESTART2 → C3_INCORRECT → RESTART3 → FAILED",4,FAILED
"C1_DISTRACTOR → C1.1_DISTRACTOR → C1.1.1_DISTRACTOR → RESTART1 → C1_INCORRECT → C1.2_CORRECT → C2_DISTRACTOR → C2.1_CORRECT → C3_DISTRACTOR → RESTART2 → C3_DISTRACTOR → RESTART3 → FAILED",4,FAILED
"C1_DISTRACTOR → C1.1_DISTRACTOR → C1.1.1_DISTRACTOR → RESTART1 → C1_INCORRECT → C1.2_CORRECT → C2_DISTRACTOR → C2.1_INCORRECT → RESTART2 → C2_CORRECT → C3_CORRECT → COMPLETE",3,COMPLETE
"C1_DISTRACTOR → C1.1_DISTRACTOR → C1.1.1_DISTRACTOR → RESTART1 → C1_INCORRECT → C1.2_CORRECT → C2_DISTRACTOR → C2.1_INCORRECT → RESTART2 → C2_CORRECT → C3_INCORRECT → RESTART3 → FAILED",4,FAILED
"C1_DISTRACTOR → C1.1_DISTRACTOR → C1.1.1_DISTRACTOR → RESTART1 → C1_INCORRECT → C1.2_CORRECT → C2_DISTRACTOR → C2.1_INCORRECT → RESTART2 → C2_CORRECT → C3_DISTRACTOR → RESTART3 → FAILED",4,FAILED
"C1_DISTRACTOR → C1.1_DISTRACTOR → C1.1.1_DISTRACTOR → RESTART1 → C1_INCORRECT → C1.2_CORRECT → C2_DISTRACTOR → C2.1_INCORRECT → RESTART2 → C2_INCORRECT → RESTART3 → FAILED",4,FAILED
"C1_DISTRACTOR → C1.1_DISTRACTOR → C1.1.1_DISTRACTOR → RESTART1 → C1_INCORRECT → C1.2_CORRECT → C2_DISTRACTOR → C2.1_INCORRECT → RESTART2 → C2_DISTRACTOR → C2.1_CORRECT → C3_CORRECT → COMPLETE",3,COMPLETE
"C1_DISTRACTOR → C1.1_DISTRACTOR → C1.1.1_DISTRACTOR → RESTART1 → C1_INCORRECT → C1.2_CORRECT → C2_DISTRACTOR → C2.1_INCORRECT → RESTART2 → C2_DISTRACTOR → C2.1_CORRECT → C3_INCORRECT → RESTART3 → FAILED",4,FAILED
"C1_DISTRACTOR → C1.1_DISTRACTOR → C1.1.1_DISTRACTOR → RESTART1 → C1_INCORRECT → C1.2_CORRECT → C2_DISTRACTOR → C2.1_INCORRECT → RESTART2 → C2_DISTRACTOR → C2.1_CORRECT → C3_DISTRACTOR → RESTART3 → FAILED",4,FAILED
"C1_DISTRACTOR → C1.1_DISTRACTOR → C1.1.1_DISTRACTOR → RESTART1 → C1_INCORRECT → C1.2_CORRECT → C2_DISTRACTOR → C2.1_INCORRECT → RESTART2 → C2_DISTRACTOR → C2.1_INCORRECT → RESTART3 → FAILED",4,FAILED
"C1_DISTRACTOR → C1.1_DISTRACTOR → C1.1.1_DISTRACTOR → RESTART1 → C1_INCORRECT → C1.2_CORRECT → C2_DISTRACTOR → C2.1_INCORRECT → RESTART2 → C2_DISTRACTOR → C2.1_DISTRACTOR → RESTART3 → FAILED",4,FAILED
"C1_DISTRACTOR → C1.1_DISTRACTOR → C1.1.1_DISTRACTOR → RESTART1 → C1_INCORRECT → C1.2_CORRECT → C2_DISTRACTOR → C2.1_DISTRACTOR → RESTART2 → C2_CORRECT → C3_CORRECT → COMPLETE",3,COMPLETE
"C1_DISTRACTOR → C1.1_DISTRACTOR → C1.1.1_DISTRACTOR → RESTART1 → C1_INCORRECT → C1.2_CORRECT → C2_DISTRACTOR → C2.1_DISTRACTOR → RESTART2 → C2_CORRECT → C3_INCORRECT → RESTART3 → FAILED",4,FAILED
"C1_DISTRACTOR → C1.1_DISTRACTOR → C1.1.1_DISTRACTOR → RESTART1 → C1_INCORRECT → C1.2_CORRECT → C2_DISTRACTOR → C2.1_DISTRACTOR → RESTART2 → C2_CORRECT → C3_DISTRACTOR → RESTART3 → FAILED",4,FAILED
"C1_DISTRACTOR → C1.1_DISTRACTOR → C1.1.1_DISTRACTOR → RESTART1 → C1_INCORRECT → C1.2_CORRECT → C2_DISTRACTOR → C2.1_DISTRACTOR → RESTART2 → C2_INCORRECT → RESTART3 → FAILED",4,FAILED
"C1_DISTRACTOR → C1.1_DISTRACTOR → C1.1.1_DISTRACTOR → RESTART1 → C1_INCORRECT → C1.2_CORRECT → C2_DISTRACTOR → C2.1_DISTRACTOR → RESTART2 → C2_DISTRACTOR → C2.1_CORRECT → C3_CORRECT → COMPLETE",3,COMPLETE
"C1_DISTRACTOR → C1.1_DISTRACTOR → C1.1.1_DISTRACTOR → RESTART1 → C1_INCORRECT → C1.2_CORRECT → C2_DISTRACTOR → C2.1_DISTRACTOR → RESTART2 → C2_DISTRACTOR → C2.1_CORRECT → C3_INCORRECT → RESTART3 → FAILED",4,FAILED
"C1_DISTRACTOR → C1.1_DISTRACTOR → C1.1.1_DISTRACTOR → RESTART1 → C1_INCORRECT → C1.2_CORRECT → C2_DISTRACTOR → C2.1_DISTRACTOR → RESTART2 → C2_DISTRACTOR → C2.1_CORRECT → C3_DISTRACTOR → RESTART3 → FAILED",4,FAILED
"C1_DISTRACTOR → C1.1_DISTRACTOR → C1.1.1_DISTRACTOR → RESTART1 → C1_INCORRECT → C1.2_CORRECT → C2_DISTRACTOR → C2.1_DISTRACTOR → RESTART2 → C2_DISTRACTOR → C2.1_INCORRECT → RESTART3 → FAILED",4,FAILED
"C1_DISTRACTOR → C1.1_DISTRACTOR → C1.1.1_DISTRACTOR → RESTART1 → C1_INCORRECT → C1.2_CORRECT → C2_DISTRACTOR → C2.1_DISTRACTOR → RESTART2 → C2_DISTRACTOR → C2.1_DISTRACTOR → RESTART3 → FAILED",4,FAILED
"C1_DISTRACTOR → C1.1_DISTRACTOR → C1.1.1_DISTRACTOR → RESTART1 → C1_INCORRECT → C1.2_INCORRECT → RESTART2 → C1_CORRECT → C2_CORRECT → C3_CORRECT → COMPLETE",3,COMPLETE
"C1_DISTRACTOR → C1.1_DISTRACTOR → C1.1.1_DISTRACTOR → RESTART1 → C1_INCORRECT → C1.2_INCORRECT → RESTART2 → C1_CORRECT → C2_CORRECT → C3_INCORRECT → RESTART3 → FAILED",4,FAILED
"C1_DISTRACTOR → C1.1_DISTRACTOR → C1.1.1_DISTRACTOR → RESTART1 → C1_INCORRECT → C1.2_INCORRECT → RESTART2 → C1_CORRECT → C2_CORRECT → C3_DISTRACTOR → RESTART3 → FAILED",4,FAILED
"C1_DISTRACTOR → C1.1_DISTRACTOR → C1.1.1_DISTRACTOR → RESTART1 → C1_INCORRECT → C1.2_INCORRECT → RESTART2 → C1_CORRECT → C2_INCORRECT → RESTART3 → FAILED",4,FAILED
"C1_DISTRACTOR → C1.1_DISTRACTOR → C1.1.1_DISTRACTOR → RESTART1 → C1_INCORRECT → C1.2_INCORRECT → RESTART2 → C1_CORRECT → C2_DISTRACTOR → C2.1_CORRECT → C3_CORRECT → COMPLETE",3,COMPLETE
"C1_DISTRACTOR → C1.1_DISTRACTOR → C1.1.1_DISTRACTOR → RESTART1 → C1_INCORRECT → C1.2_INCORRECT → RESTART2 → C1_CORRECT → C2_DISTRACTOR → C2.1_CORRECT → C3_INCORRECT → RESTART3 → FAILED",4,FAILED
"C1_DISTRACTOR → C1.1_DISTRACTOR → C1.1.1_DISTRACTOR → RESTART1 → C1_INCORRECT → C1.2_INCORRECT → RESTART2 → C1_CORRECT → C2_DISTRACTOR → C2.1_CORRECT → C3_DISTRACTOR → RESTART3 → FAILED",4,FAILED
"C1_DISTRACTOR → C1.1_DISTRACTOR → C1.1.1_DISTRACTOR → RESTART1 → C1_INCORRECT → C1.2_INCORRECT → RESTART2 → C1_CORRECT → C2_DISTRACTOR → C2.1_INCORRECT → RESTART3 → FAILED",4,FAILED
"C1_DISTRACTOR → C1.1_DISTRACTOR → C1.1.1_DISTRACTOR → RESTART1 → C1_INCORRECT → C1.2_INCORRECT → RESTART2 → C1_CORRECT → C2_DISTRACTOR → C2.1_DISTRACTOR → RESTART3 → FAILED",4,FAILED
"C1_DISTRACTOR → C1.1_DISTRACTOR → C1.1.1_DISTRACTOR → RESTART1 → C1_INCORRECT → C1.2_INCORRECT → RESTART2 → C1_INCORRECT → C1.2_CORRECT → C2_CORRECT → C3_CORRECT → COMPLETE",3,COMPLETE
"C1_DISTRACTOR → C1.1_DISTRACTOR → C1.1.1_DISTRACTOR → RESTART1 → C1_INCORRECT → C1.2_INCORRECT → RESTART2 → C1_INCORRECT → C1.2_CORRECT → C2_CORRECT → C3_INCORRECT → RESTART3 → FAILED",4,FAILED
"C1_DISTRACTOR → C1.1_DISTRACTOR → C1.1.1_DISTRACTOR → RESTART1 → C1_INCORRECT → C1.2_INCORRECT → RESTART2 → C1_INCORRECT → C1.2_CORRECT → C2_CORRECT → C3_DISTRACTOR → RESTART3 → FAILED",4,FAILED
"C1_DISTRACTOR → C1.1_DISTRACTOR → C1.1.1_DISTRACTOR → RESTART1 → C1_INCORRECT → C1.2_INCORRECT → RESTART2 → C1_INCORRECT → C1.2_CORRECT → C2_INCORRECT → RESTART3 → FAILED",4,FAILED
"C1_DISTRACTOR → C1.1_DISTRACTOR → C1.1.1_DISTRACTOR → RESTART1 → C1_INCORRECT → C1.2_INCORRECT → RESTART2 → C1_INCORRECT → C1.2_CORRECT → C2_DISTRACTOR → C2.1_CORRECT → C3_CORRECT → COMPLETE",3,COMPLETE
"C1_DISTRACTOR → C1.1_DISTRACTOR → C1.1.1_DISTRACTOR → RESTART1 → C1_INCORRECT → C1.2_INCORRECT → RESTART2 → C1_INCORRECT → C1.2_CORRECT → C2_DISTRACTOR → C2.1_CORRECT → C3_INCORRECT → RESTART3 → FAILED",4,FAILED
"C1_DISTRACTOR → C1.1_DISTRACTOR → C1.1.1_DISTRACTOR → RESTART1 → C1_INCORRECT → C1.2_INCORRECT → RESTART2 → C1_INCORRECT → C1.2_CORRECT → C2_DISTRACTOR → C2.1_CORRECT → C3_DISTRACTOR → RESTART3 → FAILED",4,FAILED
"C1_DISTRACTOR → C1.1_DISTRACTOR → C1.1.1_DISTRACTOR → RESTART1 → C1_INCORRECT → C1.2_INCORRECT → RESTART2 → C1_INCORRECT → C1.2_CORRECT → C2_DISTRACTOR → C2.1_INCORRECT → RESTART3 → FAILED",4,FAILED
"C1_DISTRACTOR → C1.1_DISTRACTOR → C1.1.1_DISTRACTOR → RESTART1 → C1_INCORRECT → C1.2_INCORRECT → RESTART2 → C1_INCORRECT → C1.2_CORRECT → C2_DISTRACTOR → C2.1_DISTRACTOR → RESTART3 → FAILED",4,FAILED
"C1_DISTRACTOR → C1.1_DISTRACTOR → C1.1.1_DISTRACTOR → RESTART1 → C1_INCORRECT → C1.2_INCORRECT → RESTART2 → C1_INCORRECT → C1.2_INCORRECT → RESTART3 → FAILED",4,FAILED
"C1_DISTRACTOR → C1.1_DISTRACTOR → C1.1.1_DISTRACTOR → RESTART1 → C1_INCORRECT → C1.2_INCORRECT → RESTART2 → C1_INCORRECT → C1.2_DISTRACTOR → RESTART3 → FAILED",4,FAILED
"C1_DISTRACTOR → C1.1_DISTRACTOR → C1.1.1_DISTRACTOR → RESTART1 → C1_INCORRECT → C1.2_INCORRECT → RESTART2 → C1_DISTRACTOR → C1.1_CORRECT → C2_CORRECT → C3_CORRECT → COMPLETE",3,COMPLETE
"C1_DISTRACTOR → C1.1_DISTRACTOR → C1.1.1_DISTRACTOR → RESTART1 → C1_INCORRECT → C1.2_INCORRECT → RESTART2 → C1_DISTRACTOR → C1.1_CORRECT → C2_CORRECT → C3_INCORRECT → RESTART3 → FAILED",4,FAILED
"C1_DISTRACTOR → C1.1_DISTRACTOR → C1.1.1_DISTRACTOR → RESTART1 → C1_INCORRECT → C1.2_INCORRECT → RESTART2 → C1_DISTRACTOR → C1.1_CORRECT → C2_CORRECT → C3_DISTRACTOR → RESTART3 → FAILED",4,FAILED
"C1_DISTRACTOR → C1.1_DISTRACTOR → C1.1.1_DISTRACTOR → RESTART1 → C1_INCORRECT → C1.2_INCORRECT → RESTART2 → C1_DISTRACTOR → C1.1_CORRECT → C2_INCORRECT → RESTART3 → FAILED",4,FAILED
"C1_DISTRACTOR → C1.1_DISTRACTOR → C1.1.1_DISTRACTOR → RESTART1 → C1_INCORRECT → C1.2_INCORRECT → RESTART2 → C1_DISTRACTOR → C1.1_CORRECT → C2_DISTRACTOR → C2.1_CORRECT → C3_CORRECT → COMPLETE",3,COMPLETE
"C1_DISTRACTOR → C1.1_DISTRACTOR → C1.1.1_DISTRACTOR → RESTART1 → C1_INCORRECT → C1.2_INCORRECT → RESTART2 → C1_DISTRACTOR → C1.1_CORRECT → C2_DISTRACTOR → C2.1_CORRECT → C3_INCORRECT → RESTART3 → FAILED",4,FAILED
"C1_DISTRACTOR → C1.1_DISTRACTOR → C1.1.1_DISTRACTOR → RESTART1 → C1_INCORRECT → C1.2_INCORRECT → RESTART2 → C1_DISTRACTOR → C1.1_CORRECT → C2_DISTRACTOR → C2.1_CORRECT → C3_DISTRACTOR → RESTART3 → FAILED",4,FAILED
"C1_DISTRACTOR → C1.1_DISTRACTOR → C1.1.1_DISTRACTOR → RESTART1 → C1_INCORRECT → C1.2_INCORRECT → RESTART2 → C1_DISTRACTOR → C1.1_CORRECT → C2_DISTRACTOR → C2.1_INCORRECT → RESTART3 → FAILED",4,FAILED
"C1_DISTRACTOR → C1.1_DISTRACTOR → C1.1.1_DISTRACTOR → RESTART1 → C1_INCORRECT → C1.2_INCORRECT → RESTART2 → C1_DISTRACTOR → C1.1_CORRECT → C2_DISTRACTOR → C2.1_DISTRACTOR → RESTART3 → FAILED",4,FAILED
"C1_DISTRACTOR → C1.1_DISTRACTOR → C1.1.1_DISTRACTOR → RESTART1 → C1_INCORRECT → C1.2_INCORRECT → RESTART2 → C1_DISTRACTOR → C1.1_INCORRECT → RESTART3 → FAILED",4,FAILED
"C1_DISTRACTOR → C1.1_DISTRACTOR → C1.1.1_DISTRACTOR → RESTART1 → C1_INCORRECT → C1.2_INCORRECT → RESTART2 → C1_DISTRACTOR → C1.1_DISTRACTOR → C1.1.1_CORRECT → C2_CORRECT → C3_CORRECT → COMPLETE",3,COMPLETE
"C1_DISTRACTOR → C1.1_DISTRACTOR → C1.1.1_DISTRACTOR → RESTART1 → C1_INCORRECT → C1.2_INCORRECT → RESTART2 → C1_DISTRACTOR → C1.1_DISTRACTOR → C1.1.1_CORRECT → C2_CORRECT → C3_INCORRECT → RESTART3 → FAILED",4,FAILED
"C1_DISTRACTOR → C1.1_DISTRACTOR → C1.1.1_DISTRACTOR → RESTART1 → C1_INCORRECT → C1.2_INCORRECT → RESTART2 → C1_DISTRACTOR → C1.1_DISTRACTOR → C1.1.1_CORRECT → C2_CORRECT → C3_DISTRACTOR → RESTART3 → FAILED",4,FAILED
"C1_DISTRACTOR → C1.1_DISTRACTOR → C1.1.1_DISTRACTOR → RESTART1 → C1_INCORRECT → C1.2_INCORRECT → RESTART2 → C1_DISTRACTOR → C1.1_DISTRACTOR → C1.1.1_CORRECT → C2_INCORRECT → RESTART3 → FAILED",4,FAILED
"C1_DISTRACTOR → C1.1_DISTRACTOR → C1.1.1_DISTRACTOR → RESTART1 → C1_INCORRECT → C1.2_INCORRECT → RESTART2 → C1_DISTRACTOR → C1.1_DISTRACTOR → C1.1.1_CORRECT → C2_DISTRACTOR → C2.1_CORRECT → C3_CORRECT → COMPLETE",3,COMPLETE
"C1_DISTRACTOR → C1.1_DISTRACTOR → C1.1.1_DISTRACTOR → RESTART1 → C1_INCORRECT → C1.2_INCORRECT → RESTART2 → C1_DISTRACTOR → C1.1_DISTRACTOR → C1.1.1_CORRECT → C2_DISTRACTOR → C2.1_CORRECT → C3_INCORRECT → RESTART3 → FAILED",4,FAILED
"C1_DISTRACTOR → C1.1_DISTRACTOR → C1.1.1_DISTRACTOR → RESTART1 → C1_INCORRECT → C1.2_INCORRECT → RESTART2 → C1_DISTRACTOR → C1.1_DISTRACTOR → C1.1.1_CORRECT → C2_DISTRACTOR → C2.1_CORRECT → C3_DISTRACTOR → RESTART3 → FAILED",4,FAILED
"C1_DISTRACTOR → C1.1_DISTRACTOR → C1.1.1_DISTRACTOR → RESTART1 → C1_INCORRECT → C1.2_INCORRECT → RESTART2 → C1_DISTRACTOR → C1.1_DISTRACTOR → C1.1.1_CORRECT → C2_DISTRACTOR → C2.1_INCORRECT → RESTART3 → FAILED",4,FAILED
"C1_DISTRACTOR → C1.1_DISTRACTOR → C1.1.1_DISTRACTOR → RESTART1 → C1_INCORRECT → C1.2_INCORRECT → RESTART2 → C1_DISTRACTOR → C1.1_DISTRACTOR → C1.1.1_CORRECT → C2_DISTRACTOR → C2.1_DISTRACTOR → RESTART3 → FAILED",4,FAILED
"C1_DISTRACTOR → C1.1_DISTRACTOR → C1.1.1_DISTRACTOR → RESTART1 → C1_INCORRECT → C1.2_INCORRECT → RESTART2 → C1_DISTRACTOR → C1.1_DISTRACTOR → C1.1.1_INCORRECT → RESTART3 → FAILED",4,FAILED
"C1_DISTRACTOR → C1.1_DISTRACTOR → C1.1.1_DISTRACTOR → RESTART1 → C1_INCORRECT → C1.2_INCORRECT → RESTART2 → C1_DISTRACTOR → C1.1_DISTRACTOR → C1.1.1_DISTRACTOR → RESTART3 → FAILED",4,FAILED
"C1_DISTRACTOR → C1.1_DISTRACTOR → C1.1.1_DISTRACTOR → RESTART1 → C1_INCORRECT → C1.2_DISTRACTOR → RESTART2 → C1_CORRECT → C2_CORRECT → C3_CORRECT → COMPLETE",3,COMPLETE
"C1_DISTRACTOR → C1.1_DISTRACTOR → C1.1.1_DISTRACTOR → RESTART1 → C1_INCORRECT → C1.2_DISTRACTOR → RESTART2 → C1_CORRECT → C2_CORRECT → C3_INCORRECT → RESTART3 → FAILED",4,FAILED
"C1_DISTRACTOR → C1.1_DISTRACTOR → C1.1.1_DISTRACTOR → RESTART1 → C1_INCORRECT → C1.2_DISTRACTOR → RESTART2 → C1_CORRECT → C2_CORRECT → C3_DISTRACTOR → RESTART3 → FAILED",4,FAILED
"C1_DISTRACTOR → C1.1_DISTRACTOR → C1.1.1_DISTRACTOR → RESTART1 → C1_INCORRECT → C1.2_DISTRACTOR → RESTART2 → C1_CORRECT → C2_INCORRECT → RESTART3 → FAILED",4,FAILED
"C1_DISTRACTOR → C1.1_DISTRACTOR → C1.1.1_DISTRACTOR → RESTART1 → C1_INCORRECT → C1.2_DISTRACTOR → RESTART2 → C1_CORRECT → C2_DISTRACTOR → C2.1_CORRECT → C3_CORRECT → COMPLETE",3,COMPLETE
"C1_DISTRACTOR → C1.1_DISTRACTOR → C1.1.1_DISTRACTOR → RESTART1 → C1_INCORRECT → C1.2_DISTRACTOR → RESTART2 → C1_CORRECT → C2_DISTRACTOR → C2.1_CORRECT → C3_INCORRECT → RESTART3 → FAILED",4,FAILED
"C1_DISTRACTOR → C1.1_DISTRACTOR → C1.1.1_DISTRACTOR → RESTART1 → C1_INCORRECT → C1.2_DISTRACTOR → RESTART2 → C1_CORRECT → C2_DISTRACTOR → C2.1_CORRECT → C3_DISTRACTOR → RESTART3 → FAILED",4,FAILED
"C1_DISTRACTOR → C1.1_DISTRACTOR → C1.1.1_DISTRACTOR → RESTART1 → C1_INCORRECT → C1.2_DISTRACTOR → RESTART2 → C1_CORRECT → C2_DISTRACTOR → C2.1_INCORRECT → RESTART3 → FAILED",4,FAILED
"C1_DISTRACTOR → C1.1_DISTRACTOR → C1.1.1_DISTRACTOR → RESTART1 → C1_INCORRECT → C1.2_DISTRACTOR → RESTART2 → C1_CORRECT → C2_DISTRACTOR → C2.1_DISTRACTOR → RESTART3 → FAILED",4,FAILED
"C1_DISTRACTOR → C1.1_DISTRACTOR → C1.1.1_DISTRACTOR → RESTART1 → C1_INCORRECT → C1.2_DISTRACTOR → RESTART2 → C1_INCORRECT → C1.2_CORRECT → C2_CORRECT → C3_CORRECT → COMPLETE",3,COMPLETE
"C1_DISTRACTOR → C1.1_DISTRACTOR → C1.1.1_DISTRACTOR → RESTART1 → C1_INCORRECT → C1.2_DISTRACTOR → RESTART2 → C1_INCORRECT → C1.2_CORRECT → C2_CORRECT → C3_INCORRECT → RESTART3 → FAILED",4,FAILED
"C1_DISTRACTOR → C1.1_DISTRACTOR → C1.1.1_DISTRACTOR → RESTART1 → C1_INCORRECT → C1.2_DISTRACTOR → RESTART2 → C1_INCORRECT → C1.2_CORRECT → C2_CORRECT → C3_DISTRACTOR → RESTART3 → FAILED",4,FAILED
"C1_DISTRACTOR → C1.1_DISTRACTOR → C1.1.1_DISTRACTOR → RESTART1 → C1_INCORRECT → C1.2_DISTRACTOR → RESTART2 → C1_INCORRECT → C1.2_CORRECT → C2_INCORRECT → RESTART3 → FAILED",4,FAILED
"C1_DISTRACTOR → C1.1_DISTRACTOR → C1.1.1_DISTRACTOR → RESTART1 → C1_INCORRECT → C1.2_DISTRACTOR → RESTART2 → C1_INCORRECT → C1.2_CORRECT → C2_DISTRACTOR → C2.1_CORRECT → C3_CORRECT → COMPLETE",3,COMPLETE
"C1_DISTRACTOR → C1.1_DISTRACTOR → C1.1.1_DISTRACTOR → RESTART1 → C1_INCORRECT → C1.2_DISTRACTOR → RESTART2 → C1_INCORRECT → C1.2_CORRECT → C2_DISTRACTOR → C2.1_CORRECT → C3_INCORRECT → RESTART3 → FAILED",4,FAILED
"C1_DISTRACTOR → C1.1_DISTRACTOR → C1.1.1_DISTRACTOR → RESTART1 → C1_INCORRECT → C1.2_DISTRACTOR → RESTART2 → C1_INCORRECT → C1.2_CORRECT → C2_DISTRACTOR → C2.1_CORRECT → C3_DISTRACTOR → RESTART3 → FAILED",4,FAILED
"C1_DISTRACTOR → C1.1_DISTRACTOR → C1.1.1_DISTRACTOR → RESTART1 → C1_INCORRECT → C1.2_DISTRACTOR → RESTART2 → C1_INCORRECT → C1.2_CORRECT → C2_DISTRACTOR → C2.1_INCORRECT → RESTART3 → FAILED",4,FAILED
"C1_DISTRACTOR → C1.1_DISTRACTOR → C1.1.1_DISTRACTOR → RESTART1 → C1_INCORRECT → C1.2_DISTRACTOR → RESTART2 → C1_INCORRECT → C1.2_CORRECT → C2_DISTRACTOR → C2.1_DISTRACTOR → RESTART3 → FAILED",4,FAILED
"C1_DISTRACTOR → C1.1_DISTRACTOR → C1.1.1_DISTRACTOR → RESTART1 → C1_INCORRECT → C1.2_DISTRACTOR → RESTART2 → C1_INCORRECT → C1.2_INCORRECT → RESTART3 → FAILED",4,FAILED
"C1_DISTRACTOR → C1.1_DISTRACTOR → C1.1.1_DISTRACTOR → RESTART1 → C1_INCORRECT → C1.2_DISTRACTOR → RESTART2 → C1_INCORRECT → C1.2_DISTRACTOR → RESTART3 → FAILED",4,FAILED
"C1_DISTRACTOR → C1.1_DISTRACTOR → C1.1.1_DISTRACTOR → RESTART1 → C1_INCORRECT → C1.2_DISTRACTOR → RESTART2 → C1_DISTRACTOR → C1.1_CORRECT → C2_CORRECT → C3_CORRECT → COMPLETE",3,COMPLETE
"C1_DISTRACTOR → C1.1_DISTRACTOR → C1.1.1_DISTRACTOR → RESTART1 → C1_INCORRECT → C1.2_DISTRACTOR → RESTART2 → C1_DISTRACTOR → C1.1_CORRECT → C2_CORRECT → C3_INCORRECT → RESTART3 → FAILED",4,FAILED
"C1_DISTRACTOR → C1.1_DISTRACTOR → C1.1.1_DISTRACTOR → RESTART1 → C1_INCORRECT → C1.2_DISTRACTOR → RESTART2 → C1_DISTRACTOR → C1.1_CORRECT → C2_CORRECT → C3_DISTRACTOR → RESTART3 → FAILED",4,FAILED
"C1_DISTRACTOR → C1.1_DISTRACTOR → C1.1.1_DISTRACTOR → RESTART1 → C1_INCORRECT → C1.2_DISTRACTOR → RESTART2 → C1_DISTRACTOR → C1.1_CORRECT → C2_INCORRECT → RESTART3 → FAILED",4,FAILED
"C1_DISTRACTOR → C1.1_DISTRACTOR → C1.1.1_DISTRACTOR → RESTART1 → C1_INCORRECT → C1.2_DISTRACTOR → RESTART2 → C1_DISTRACTOR → C1.1_CORRECT → C2_DISTRACTOR → C2.1_CORRECT → C3_CORRECT → COMPLETE",3,COMPLETE
"C1_DISTRACTOR → C1.1_DISTRACTOR → C1.1.1_DISTRACTOR → RESTART1 → C1_INCORRECT → C1.2_DISTRACTOR → RESTART2 → C1_DISTRACTOR → C1.1_CORRECT → C2_DISTRACTOR → C2.1_CORRECT → C3_INCORRECT → RESTART3 → FAILED",4,FAILED
"C1_DISTRACTOR → C1.1_DISTRACTOR → C1.1.1_DISTRACTOR → RESTART1 → C1_INCORRECT → C1.2_DISTRACTOR → RESTART2 → C1_DISTRACTOR → C1.1_CORRECT → C2_DISTRACTOR → C2.1_CORRECT → C3_DISTRACTOR → RESTART3 → FAILED",4,FAILED
"C1_DISTRACTOR → C1.1_DISTRACTOR → C1.1.1_DISTRACTOR → RESTART1 → C1_INCORRECT → C1.2_DISTRACTOR → RESTART2 → C1_DISTRACTOR → C1.1_CORRECT → C2_DISTRACTOR → C2.1_INCORRECT → RESTART3 → FAILED",4,FAILED
"C1_DISTRACTOR → C1.1_DISTRACTOR → C1.1.1_DISTRACTOR → RESTART1 → C1_INCORRECT → C1.2_DISTRACTOR → RESTART2 → C1_DISTRACTOR → C1.1_CORRECT → C2_DISTRACTOR → C2.1_DISTRACTOR → RESTART3 → FAILED",4,FAILED
"C1_DISTRACTOR → C1.1_DISTRACTOR → C1.1.1_DISTRACTOR → RESTART1 → C1_INCORRECT → C1.2_DISTRACTOR → RESTART2 → C1_DISTRACTOR → C1.1_INCORRECT → RESTART3 → FAILED",4,FAILED
"C1_DISTRACTOR → C1.1_DISTRACTOR → C1.1.1_DISTRACTOR → RESTART1 → C1_INCORRECT → C1.2_DISTRACTOR → RESTART2 → C1_DISTRACTOR → C1.1_DISTRACTOR → C1.1.1_CORRECT → C2_CORRECT → C3_CORRECT → COMPLETE",3,COMPLETE
"C1_DISTRACTOR → C1.1_DISTRACTOR → C1.1.1_DISTRACTOR → RESTART1 → C1_INCORRECT → C1.2_DISTRACTOR → RESTART2 → C1_DISTRACTOR → C1.1_DISTRACTOR → C1.1.1_CORRECT → C2_CORRECT → C3_INCORRECT → RESTART3 → FAILED",4,FAILED
"C1_DISTRACTOR → C1.1_DISTRACTOR → C1.1.1_DISTRACTOR → RESTART1 → C1_INCORRECT → C1.2_DISTRACTOR → RESTART2 → C1_DISTRACTOR → C1.1_DISTRACTOR → C1.1.1_CORRECT → C2_CORRECT → C3_DISTRACTOR → RESTART3 → FAILED",4,FAILED
"C1_DISTRACTOR → C1.1_DISTRACTOR → C1.1.1_DISTRACTOR → RESTART1 → C1_INCORRECT → C1.2_DISTRACTOR → RESTART2 → C1_DISTRACTOR → C1.1_DISTRACTOR → C1.1.1_CORRECT → C2_INCORRECT → RESTART3 → FAILED",4,FAILED
"C1_DISTRACTOR → C1.1_DISTRACTOR → C1.1.1_DISTRACTOR → RESTART1 → C1_INCORRECT → C1.2_DISTRACTOR → RESTART2 → C1_DISTRACTOR → C1.1_DISTRACTOR → C1.1.1_CORRECT → C2_DISTRACTOR → C2.1_CORRECT → C3_CORRECT → COMPLETE",3,COMPLETE
"C1_DISTRACTOR → C1.1_DISTRACTOR → C1.1.1_DISTRACTOR → RESTART1 → C1_INCORRECT → C1.2_DISTRACTOR → RESTART2 → C1_DISTRACTOR → C1.1_DISTRACTOR → C1.1.1_CORRECT → C2_DISTRACTOR → C2.1_CORRECT → C3_INCORRECT → RESTART3 → FAILED",4,FAILED
"C1_DISTRACTOR → C1.1_DISTRACTOR → C1.1.1_DISTRACTOR → RESTART1 → C1_INCORRECT → C1.2_DISTRACTOR → RESTART2 → C1_DISTRACTOR → C1.1_DISTRACTOR → C1.1.1_CORRECT → C2_DISTRACTOR → C2.1_CORRECT → C3_DISTRACTOR → RESTART3 → FAILED",4,FAILED
"C1_DISTRACTOR → C1.1_DISTRACTOR → C1.1.1_DISTRACTOR → RESTART1 → C1_INCORRECT → C1.2_DISTRACTOR → RESTART2 → C1_DISTRACTOR → C1.1_DISTRACTOR → C1.1.1_CORRECT → C2_DISTRACTOR → C2.1_INCORRECT → RESTART3 → FAILED",4,FAILED
"C1_DISTRACTOR → C1.1_DISTRACTOR → C1.1.1_DISTRACTOR → RESTART1 → C1_INCORRECT → C1.2_DISTRACTOR → RESTART2 → C1_DISTRACTOR → C1.1_DISTRACTOR → C1.1.1_CORRECT → C2_DISTRACTOR → C2.1_DISTRACTOR → RESTART3 → FAILED",4,FAILED
"C1_DISTRACTOR → C1.1_DISTRACTOR → C1.1.1_DISTRACTOR → RESTART1 → C1_INCORRECT → C1.2_DISTRACTOR → RESTART2 → C1_DISTRACTOR → C1.1_DISTRACTOR → C1.1.1_INCORRECT → RESTART3 → FAILED",4,FAILED
"C1_DISTRACTOR → C1.1_DISTRACTOR → C1.1.1_DISTRACTOR → RESTART1 → C1_INCORRECT → C1.2_DISTRACTOR → RESTART2 → C1_DISTRACTOR → C1.1_DISTRACTOR → C1.1.1_DISTRACTOR → RESTART3 → FAILED",4,FAILED
"C1_DISTRACTOR → C1.1_DISTRACTOR → C1.1.1_DISTRACTOR → RESTART1 → C1_DISTRACTOR → C1.1_CORRECT → C2_CORRECT → C3_CORRECT → COMPLETE",2,COMPLETE
"C1_DISTRACTOR → C1.1_DISTRACTOR → C1.1.1_DISTRACTOR → RESTART1 → C1_DISTRACTOR → C1.1_CORRECT → C2_CORRECT → C3_INCORRECT → RESTART2 → C3_CORRECT → COMPLETE",3,COMPLETE
"C1_DISTRACTOR → C1.1_DISTRACTOR → C1.1.1_DISTRACTOR → RESTART1 → C1_DISTRACTOR → C1.1_CORRECT → C2_CORRECT → C3_INCORRECT → RESTART2 → C3_INCORRECT → RESTART3 → FAILED",4,FAILED
"C1_DISTRACTOR → C1.1_DISTRACTOR → C1.1.1_DISTRACTOR → RESTART1 → C1_DISTRACTOR → C1.1_CORRECT → C2_CORRECT → C3_INCORRECT → RESTART2 → C3_DISTRACTOR → RESTART3 → FAILED",4,FAILED
"C1_DISTRACTOR → C1.1_DISTRACTOR → C1.1.1_DISTRACTOR → RESTART1 → C1_DISTRACTOR → C1.1_CORRECT → C2_CORRECT → C3_DISTRACTOR → RESTART2 → C3_CORRECT → COMPLETE",3,COMPLETE
"C1_DISTRACTOR → C1.1_DISTRACTOR → C1.1.1_DISTRACTOR → RESTART1 → C1_DISTRACTOR → C1.1_CORRECT → C2_CORRECT → C3_DISTRACTOR → RESTART2 → C3_INCORRECT → RESTART3 → FAILED",4,FAILED
"C1_DISTRACTOR → C1.1_DISTRACTOR → C1.1.1_DISTRACTOR → RESTART1 → C1_DISTRACTOR → C1.1_CORRECT → C2_CORRECT → C3_DISTRACTOR → RESTART2 → C3_DISTRACTOR → RESTART3 → FAILED",4,FAILED
"C1_DISTRACTOR → C1.1_DISTRACTOR → C1.1.1_DISTRACTOR → RESTART1 → C1_DISTRACTOR → C1.1_CORRECT → C2_INCORRECT → RESTART2 → C2_CORRECT → C3_CORRECT → COMPLETE",3,COMPLETE
"C1_DISTRACTOR → C1.1_DISTRACTOR → C1.1.1_DISTRACTOR → RESTART1 → C1_DISTRACTOR → C1.1_CORRECT → C2_INCORRECT → RESTART2 → C2_CORRECT → C3_INCORRECT → RESTART3 → FAILED",4,FAILED
"C1_DISTRACTOR → C1.1_DISTRACTOR → C1.1.1_DISTRACTOR → RESTART1 → C1_DISTRACTOR → C1.1_CORRECT → C2_INCORRECT → RESTART2 → C2_CORRECT → C3_DISTRACTOR → RESTART3 → FAILED",4,FAILED
"C1_DISTRACTOR → C1.1_DISTRACTOR → C1.1.1_DISTRACTOR → RESTART1 → C1_DISTRACTOR → C1.1_CORRECT → C2_INCORRECT → RESTART2 → C2_INCORRECT → RESTART3 → FAILED",4,FAILED
"C1_DISTRACTOR → C1.1_DISTRACTOR → C1.1.1_DISTRACTOR → RESTART1 → C1_DISTRACTOR → C1.1_CORRECT → C2_INCORRECT → RESTART2 → C2_DISTRACTOR → C2.1_CORRECT → C3_CORRECT → COMPLETE",3,COMPLETE
"C1_DISTRACTOR → C1.1_DISTRACTOR → C1.1.1_DISTRACTOR → RESTART1 → C1_DISTRACTOR → C1.1_CORRECT → C2_INCORRECT → RESTART2 → C2_DISTRACTOR → C2.1_CORRECT → C3_INCORRECT → RESTART3 → FAILED",4,FAILED
"C1_DISTRACTOR → C1.1_DISTRACTOR → C1.1.1_DISTRACTOR → RESTART1 → C1_DISTRACTOR → C1.1_CORRECT → C2_INCORRECT → RESTART2 → C2_DISTRACTOR → C2.1_CORRECT → C3_DISTRACTOR → RESTART3 → FAILED",4,FAILED
"C1_DISTRACTOR → C1.1_DISTRACTOR → C1.1.1_DISTRACTOR → RESTART1 → C1_DISTRACTOR → C1.1_CORRECT → C2_INCORRECT → RESTART2 → C2_DISTRACTOR → C2.1_INCORRECT → RESTART3 → FAILED",4,FAILED
"C1_DISTRACTOR → C1.1_DISTRACTOR → C1.1.1_DISTRACTOR → RESTART1 → C1_DISTRACTOR → C1.1_CORRECT → C2_INCORRECT → RESTART2 → C2_DISTRACTOR → C2.1_DISTRACTOR → RESTART3 → FAILED",4,FAILED
"C1_DISTRACTOR → C1.1_DISTRACTOR → C1.1.1_DISTRACTOR → RESTART1 → C1_DISTRACTOR → C1.1_CORRECT → C2_DISTRACTOR → C2.1_CORRECT → C3_CORRECT → COMPLETE",2,COMPLETE
"C1_DISTRACTOR → C1.1_DISTRACTOR → C1.1.1_DISTRACTOR → RESTART1 → C1_DISTRACTOR → C1.1_CORRECT → C2_DISTRACTOR → C2.1_CORRECT → C3_INCORRECT → RESTART2 → C3_CORRECT → COMPLETE",3,COMPLETE
"C1_DISTRACTOR → C1.1_DISTRACTOR → C1.1.1_DISTRACTOR → RESTART1 → C1_DISTRACTOR → C1.1_CORRECT → C2_DISTRACTOR → C2.1_CORRECT → C3_INCORRECT → RESTART2 → C3_INCORRECT → RESTART3 → FAILED",4,FAILED
"C1_DISTRACTOR → C1.1_DISTRACTOR → C1.1.1_DISTRACTOR → RESTART1 → C1_DISTRACTOR → C1.1_CORRECT → C2_DISTRACTOR → C2.1_CORRECT → C3_INCORRECT → RESTART2 → C3_DISTRACTOR → RESTART3 → FAILED",4,FAILED
"C1_DISTRACTOR → C1.1_DISTRACTOR → C1.1.1_DISTRACTOR → RESTART1 → C1_DISTRACTOR → C1.1_CORRECT → C2_DISTRACTOR → C2.1_CORRECT → C3_DISTRACTOR → RESTART2 → C3_CORRECT → COMPLETE",3,COMPLETE
"C1_DISTRACTOR → C1.1_DISTRACTOR → C1.1.1_DISTRACTOR → RESTART1 → C1_DISTRACTOR → C1.1_CORRECT → C2_DISTRACTOR → C2.1_CORRECT → C3_DISTRACTOR → RESTART2 → C3_INCORRECT → RESTART3 → FAILED",4,FAILED
"C1_DISTRACTOR → C1.1_DISTRACTOR → C1.1.1_DISTRACTOR → RESTART1 → C1_DISTRACTOR → C1.1_CORRECT → C2_DISTRACTOR → C2.1_CORRECT → C3_DISTRACTOR → RESTART2 → C3_DISTRACTOR → RESTART3 → FAILED",4,FAILED
"C1_DISTRACTOR → C1.1_DISTRACTOR → C1.1.1_DISTRACTOR → RESTART1 → C1_DISTRACTOR → C1.1_CORRECT → C2_DISTRACTOR → C2.1_INCORRECT → RESTART2 → C2_CORRECT → C3_CORRECT → COMPLETE",3,COMPLETE
"C1_DISTRACTOR → C1.1_DISTRACTOR → C1.1.1_DISTRACTOR → RESTART1 → C1_DISTRACTOR → C1.1_CORRECT → C2_DISTRACTOR → C2.1_INCORRECT → RESTART2 → C2_CORRECT → C3_INCORRECT → RESTART3 → FAILED",4,FAILED
"C1_DISTRACTOR → C1.1_DISTRACTOR → C1.1.1_DISTRACTOR → RESTART1 → C1_DISTRACTOR → C1.1_CORRECT → C2_DISTRACTOR → C2.1_INCORRECT → RESTART2 → C2_CORRECT → C3_DISTRACTOR → RESTART3 → FAILED",4,FAILED
"C1_DISTRACTOR → C1.1_DISTRACTOR → C1.1.1_DISTRACTOR → RESTART1 → C1_DISTRACTOR → C1.1_CORRECT → C2_DISTRACTOR → C2.1_INCORRECT → RESTART2 → C2_INCORRECT → RESTART3 → FAILED",4,FAILED
"C1_DISTRACTOR → C1.1_DISTRACTOR → C1.1.1_DISTRACTOR → RESTART1 → C1_DISTRACTOR → C1.1_CORRECT → C2_DISTRACTOR → C2.1_INCORRECT → RESTART2 → C2_DISTRACTOR → C2.1_CORRECT → C3_CORRECT → COMPLETE",3,COMPLETE
"C1_DISTRACTOR → C1.1_DISTRACTOR → C1.1.1_DISTRACTOR → RESTART1 → C1_DISTRACTOR → C1.1_CORRECT → C2_DISTRACTOR → C2.1_INCORRECT → RESTART2 → C2_DISTRACTOR → C2.1_CORRECT → C3_INCORRECT → RESTART3 → FAILED",4,FAILED
"C1_DISTRACTOR → C1.1_DISTRACTOR → C1.1.1_DISTRACTOR → RESTART1 → C1_DISTRACTOR → C1.1_CORRECT → C2_DISTRACTOR → C2.1_INCORRECT → RESTART2 → C2_DISTRACTOR → C2.1_CORRECT → C3_DISTRACTOR → RESTART3 → FAILED",4,FAILED
"C1_DISTRACTOR → C1.1_DISTRACTOR → C1.1.1_DISTRACTOR → RESTART1 → C1_DISTRACTOR → C1.1_CORRECT → C2_DISTRACTOR → C2.1_INCORRECT → RESTART2 → C2_DISTRACTOR → C2.1_INCORRECT → RESTART3 → FAILED",4,FAILED
"C1_DISTRACTOR → C1.1_DISTRACTOR → C1.1.1_DISTRACTOR → RESTART1 → C1_DISTRACTOR → C1.1_CORRECT → C2_DISTRACTOR → C2.1_INCORRECT → RESTART2 → C2_DISTRACTOR → C2.1_DISTRACTOR → RESTART3 → FAILED",4,FAILED
"C1_DISTRACTOR → C1.1_DISTRACTOR → C1.1.1_DISTRACTOR → RESTART1 → C1_DISTRACTOR → C1.1_CORRECT → C2_DISTRACTOR → C2.1_DISTRACTOR → RESTART2 → C2_CORRECT → C3_CORRECT → COMPLETE",3,COMPLETE
"C1_DISTRACTOR → C1.1_DISTRACTOR → C1.1.1_DISTRACTOR → RESTART1 → C1_DISTRACTOR → C1.1_CORRECT → C2_DISTRACTOR → C2.1_DISTRACTOR → RESTART2 → C2_CORRECT → C3_INCORRECT → RESTART3 → FAILED",4,FAILED
"C1_DISTRACTOR → C1.1_DISTRACTOR → C1.1.1_DISTRACTOR → RESTART1 → C1_DISTRACTOR → C1.1_CORRECT → C2_DISTRACTOR → C2.1_DISTRACTOR → RESTART2 → C2_CORRECT → C3_DISTRACTOR → RESTART3 → FAILED",4,FAILED
"C1_DISTRACTOR → C1.1_DISTRACTOR → C1.1.1_DISTRACTOR → RESTART1 → C1_DISTRACTOR → C1.1_CORRECT → C2_DISTRACTOR → C2.1_DISTRACTOR → RESTART2 → C2_INCORRECT → RESTART3 → FAILED",4,FAILED
"C1_DISTRACTOR → C1.1_DISTRACTOR → C1.1.1_DISTRACTOR → RESTART1 → C1_DISTRACTOR → C1.1_CORRECT → C2_DISTRACTOR → C2.1_DISTRACTOR → RESTART2 → C2_DISTRACTOR → C2.1_CORRECT → C3_CORRECT → COMPLETE",3,COMPLETE
"C1_DISTRACTOR → C1.1_DISTRACTOR → C1.1.1_DISTRACTOR → RESTART1 → C1_DISTRACTOR → C1.1_CORRECT → C2_DISTRACTOR → C2.1_DISTRACTOR → RESTART2 → C2_DISTRACTOR → C2.1_CORRECT → C3_INCORRECT → RESTART3 → FAILED",4,FAILED
"C1_DISTRACTOR → C1.1_DISTRACTOR → C1.1.1_DISTRACTOR → RESTART1 → C1_DISTRACTOR → C1.1_CORRECT → C2_DISTRACTOR → C2.1_DISTRACTOR → RESTART2 → C2_DISTRACTOR → C2.1_CORRECT → C3_DISTRACTOR → RESTART3 → FAILED",4,FAILED
"C1_DISTRACTOR → C1.1_DISTRACTOR → C1.1.1_DISTRACTOR → RESTART1 → C1_DISTRACTOR → C1.1_CORRECT → C2_DISTRACTOR → C2.1_DISTRACTOR → RESTART2 → C2_DISTRACTOR → C2.1_INCORRECT → RESTART3 → FAILED",4,FAILED
"C1_DISTRACTOR → C1.1_DISTRACTOR → C1.1.1_DISTRACTOR → RESTART1 → C1_DISTRACTOR → C1.1_CORRECT → C2_DISTRACTOR → C2.1_DISTRACTOR → RESTART2 → C2_DISTRACTOR → C2.1_DISTRACTOR → RESTART3 → FAILED",4,FAILED
"C1_DISTRACTOR → C1.1_DISTRACTOR → C1.1.1_DISTRACTOR → RESTART1 → C1_DISTRACTOR → C1.1_INCORRECT → RESTART2 → C1_CORRECT → C2_CORRECT → C3_CORRECT → COMPLETE",3,COMPLETE
"C1_DISTRACTOR → C1.1_DISTRACTOR → C1.1.1_DISTRACTOR → RESTART1 → C1_DISTRACTOR → C1.1_INCORRECT → RESTART2 → C1_CORRECT → C2_CORRECT → C3_INCORRECT → RESTART3 → FAILED",4,FAILED
"C1_DISTRACTOR → C1.1_DISTRACTOR → C1.1.1_DISTRACTOR → RESTART1 → C1_DISTRACTOR → C1.1_INCORRECT → RESTART2 → C1_CORRECT → C2_CORRECT → C3_DISTRACTOR → RESTART3 → FAILED",4,FAILED
"C1_DISTRACTOR → C1.1_DISTRACTOR → C1.1.1_DISTRACTOR → RESTART1 → C1_DISTRACTOR → C1.1_INCORRECT → RESTART2 → C1_CORRECT → C2_INCORRECT → RESTART3 → FAILED",4,FAILED
"C1_DISTRACTOR → C1.1_DISTRACTOR → C1.1.1_DISTRACTOR → RESTART1 → C1_DISTRACTOR → C1.1_INCORRECT → RESTART2 → C1_CORRECT → C2_DISTRACTOR → C2.1_CORRECT → C3_CORRECT → COMPLETE",3,COMPLETE
"C1_DISTRACTOR → C1.1_DISTRACTOR → C1.1.1_DISTRACTOR → RESTART1 → C1_DISTRACTOR → C1.1_INCORRECT → RESTART2 → C1_CORRECT → C2_DISTRACTOR → C2.1_CORRECT → C3_INCORRECT → RESTART3 → FAILED",4,FAILED
"C1_DISTRACTOR → C1.1_DISTRACTOR → C1.1.1_DISTRACTOR → RESTART1 → C1_DISTRACTOR → C1.1_INCORRECT → RESTART2 → C1_CORRECT → C2_DISTRACTOR → C2.1_CORRECT → C3_DISTRACTOR → RESTART3 → FAILED",4,FAILED
"C1_DISTRACTOR → C1.1_DISTRACTOR → C1.1.1_DISTRACTOR → RESTART1 → C1_DISTRACTOR → C1.1_INCORRECT → RESTART2 → C1_CORRECT → C2_DISTRACTOR → C2.1_INCORRECT → RESTART3 → FAILED",4,FAILED
"C1_DISTRACTOR → C1.1_DISTRACTOR → C1.1.1_DISTRACTOR → RESTART1 → C1_DISTRACTOR → C1.1_INCORRECT → RESTART2 → C1_CORRECT → C2_DISTRACTOR → C2.1_DISTRACTOR → RESTART3 → FAILED",4,FAILED
"C1_DISTRACTOR → C1.1_DISTRACTOR → C1.1.1_DISTRACTOR → RESTART1 → C1_DISTRACTOR → C1.1_INCORRECT → RESTART2 → C1_INCORRECT → C1.2_CORRECT → C2_CORRECT → C3_CORRECT → COMPLETE",3,COMPLETE
"C1_DISTRACTOR → C1.1_DISTRACTOR → C1.1.1_DISTRACTOR → RESTART1 → C1_DISTRACTOR → C1.1_INCORRECT → RESTART2 → C1_INCORRECT → C1.2_CORRECT → C2_CORRECT → C3_INCORRECT → RESTART3 → FAILED",4,FAILED
"C1_DISTRACTOR → C1.1_DISTRACTOR → C1.1.1_DISTRACTOR → RESTART1 → C1_DISTRACTOR → C1.1_INCORRECT → RESTART2 → C1_INCORRECT → C1.2_CORRECT → C2_CORRECT → C3_DISTRACTOR → RESTART3 → FAILED",4,FAILED
"C1_DISTRACTOR → C1.1_DISTRACTOR → C1.1.1_DISTRACTOR → RESTART1 → C1_DISTRACTOR → C1.1_INCORRECT → RESTART2 → C1_INCORRECT → C1.2_CORRECT → C2_INCORRECT → RESTART3 → FAILED",4,FAILED
"C1_DISTRACTOR → C1.1_DISTRACTOR → C1.1.1_DISTRACTOR → RESTART1 → C1_DISTRACTOR → C1.1_INCORRECT → RESTART2 → C1_INCORRECT → C1.2_CORRECT → C2_DISTRACTOR → C2.1_CORRECT → C3_CORRECT → COMPLETE",3,COMPLETE
"C1_DISTRACTOR → C1.1_DISTRACTOR → C1.1.1_DISTRACTOR → RESTART1 → C1_DISTRACTOR → C1.1_INCORRECT → RESTART2 → C1_INCORRECT → C1.2_CORRECT → C2_DISTRACTOR → C2.1_CORRECT → C3_INCORRECT → RESTART3 → FAILED",4,FAILED
"C1_DISTRACTOR → C1.1_DISTRACTOR → C1.1.1_DISTRACTOR → RESTART1 → C1_DISTRACTOR → C1.1_INCORRECT → RESTART2 → C1_INCORRECT → C1.2_CORRECT → C2_DISTRACTOR → C2.1_CORRECT → C3_DISTRACTOR → RESTART3 → FAILED",4,FAILED
"C1_DISTRACTOR → C1.1_DISTRACTOR → C1.1.1_DISTRACTOR → RESTART1 → C1_DISTRACTOR → C1.1_INCORRECT → RESTART2 → C1_INCORRECT → C1.2_CORRECT → C2_DISTRACTOR → C2.1_INCORRECT → RESTART3 → FAILED",4,FAILED
"C1_DISTRACTOR → C1.1_DISTRACTOR → C1.1.1_DISTRACTOR → RESTART1 → C1_DISTRACTOR → C1.1_INCORRECT → RESTART2 → C1_INCORRECT → C1.2_CORRECT → C2_DISTRACTOR → C2.1_DISTRACTOR → RESTART3 → FAILED",4,FAILED
"C1_DISTRACTOR → C1.1_DISTRACTOR → C1.1.1_DISTRACTOR → RESTART1 → C1_DISTRACTOR → C1.1_INCORRECT → RESTART2 → C1_INCORRECT → C1.2_INCORRECT → RESTART3 → FAILED",4,FAILED
"C1_DISTRACTOR → C1.1_DISTRACTOR → C1.1.1_DISTRACTOR → RESTART1 → C1_DISTRACTOR → C1.1_INCORRECT → RESTART2 → C1_INCORRECT → C1.2_DISTRACTOR → RESTART3 → FAILED",4,FAILED
"C1_DISTRACTOR → C1.1_DISTRACTOR → C1.1.1_DISTRACTOR → RESTART1 → C1_DISTRACTOR → C1.1_INCORRECT → RESTART2 → C1_DISTRACTOR → C1.1_CORRECT → C2_CORRECT → C3_CORRECT → COMPLETE",3,COMPLETE
"C1_DISTRACTOR → C1.1_DISTRACTOR → C1.1.1_DISTRACTOR → RESTART1 → C1_DISTRACTOR → C1.1_INCORRECT → RESTART2 → C1_DISTRACTOR → C1.1_CORRECT → C2_CORRECT → C3_INCORRECT → RESTART3 → FAILED",4,FAILED
"C1_DISTRACTOR → C1.1_DISTRACTOR → C1.1.1_DISTRACTOR → RESTART1 → C1_DISTRACTOR → C1.1_INCORRECT → RESTART2 → C1_DISTRACTOR → C1.1_CORRECT → C2_CORRECT → C3_DISTRACTOR → RESTART3 → FAILED",4,FAILED
"C1_DISTRACTOR → C1.1_DISTRACTOR → C1.1.1_DISTRACTOR → RESTART1 → C1_DISTRACTOR → C1.1_INCORRECT → RESTART2 → C1_DISTRACTOR → C1.1_CORRECT → C2_INCORRECT → RESTART3 → FAILED",4,FAILED
"C1_DISTRACTOR → C1.1_DISTRACTOR → C1.1.1_DISTRACTOR → RESTART1 → C1_DISTRACTOR → C1.1_INCORRECT → RESTART2 → C1_DISTRACTOR → C1.1_CORRECT → C2_DISTRACTOR → C2.1_CORRECT → C3_CORRECT → COMPLETE",3,COMPLETE
"C1_DISTRACTOR → C1.1_DISTRACTOR → C1.1.1_DISTRACTOR → RESTART1 → C1_DISTRACTOR → C1.1_INCORRECT → RESTART2 → C1_DISTRACTOR → C1.1_CORRECT → C2_DISTRACTOR → C2.1_CORRECT → C3_INCORRECT → RESTART3 → FAILED",4,FAILED
"C1_DISTRACTOR → C1.1_DISTRACTOR → C1.1.1_DISTRACTOR → RESTART1 → C1_DISTRACTOR → C1.1_INCORRECT → RESTART2 → C1_DISTRACTOR → C1.1_CORRECT → C2_DISTRACTOR → C2.1_CORRECT → C3_DISTRACTOR → RESTART3 → FAILED",4,FAILED
"C1_DISTRACTOR → C1.1_DISTRACTOR → C1.1.1_DISTRACTOR → RESTART1 → C1_DISTRACTOR → C1.1_INCORRECT → RESTART2 → C1_DISTRACTOR → C1.1_CORRECT → C2_DISTRACTOR → C2.1_INCORRECT → RESTART3 → FAILED",4,FAILED
"C1_DISTRACTOR → C1.1_DISTRACTOR → C1.1.1_DISTRACTOR → RESTART1 → C1_DISTRACTOR → C1.1_INCORRECT → RESTART2 → C1_DISTRACTOR → C1.1_CORRECT → C2_DISTRACTOR → C2.1_DISTRACTOR → RESTART3 → FAILED",4,FAILED
"C1_DISTRACTOR → C1.1_DISTRACTOR → C1.1.1_DISTRACTOR → RESTART1 → C1_DISTRACTOR → C1.1_INCORRECT → RESTART2 → C1_DISTRACTOR → C1.1_INCORRECT → RESTART3 → FAILED",4,FAILED
"C1_DISTRACTOR → C1.1_DISTRACTOR → C1.1.1_DISTRACTOR → RESTART1 → C1_DISTRACTOR → C1.1_INCORRECT → RESTART2 → C1_DISTRACTOR → C1.1_DISTRACTOR → C1.1.1_CORRECT → C2_CORRECT → C3_CORRECT → COMPLETE",3,COMPLETE
"C1_DISTRACTOR → C1.1_DISTRACTOR → C1.1.1_DISTRACTOR → RESTART1 → C1_DISTRACTOR → C1.1_INCORRECT → RESTART2 → C1_DISTRACTOR → C1.1_DISTRACTOR → C1.1.1_CORRECT → C2_CORRECT → C3_INCORRECT → RESTART3 → FAILED",4,FAILED
"C1_DISTRACTOR → C1.1_DISTRACTOR → C1.1.1_DISTRACTOR → RESTART1 → C1_DISTRACTOR → C1.1_INCORRECT → RESTART2 → C1_DISTRACTOR → C1.1_DISTRACTOR → C1.1.1_CORRECT → C2_CORRECT → C3_DISTRACTOR → RESTART3 → FAILED",4,FAILED
"C1_DISTRACTOR → C1.1_DISTRACTOR → C1.1.1_DISTRACTOR → RESTART1 → C1_DISTRACTOR → C1.1_INCORRECT → RESTART2 → C1_DISTRACTOR → C1.1_DISTRACTOR → C1.1.1_CORRECT → C2_INCORRECT → RESTART3 → FAILED",4,FAILED
"C1_DISTRACTOR → C1.1_DISTRACTOR → C1.1.1_DISTRACTOR → RESTART1 → C1_DISTRACTOR → C1.1_INCORRECT → RESTART2 → C1_DISTRACTOR → C1.1_DISTRACTOR → C1.1.1_CORRECT → C2_DISTRACTOR → C2.1_CORRECT → C3_CORRECT → COMPLETE",3,COMPLETE
"C1_DISTRACTOR → C1.1_DISTRACTOR → C1.1.1_DISTRACTOR → RESTART1 → C1_DISTRACTOR → C1.1_INCORRECT → RESTART2 → C1_DISTRACTOR → C1.1_DISTRACTOR → C1.1.1_CORRECT → C2_DISTRACTOR → C2.1_CORRECT → C3_INCORRECT → RESTART3 → FAILED",4,FAILED
"C1_DISTRACTOR → C1.1_DISTRACTOR → C1.1.1_DISTRACTOR → RESTART1 → C1_DISTRACTOR → C1.1_INCORRECT → RESTART2 → C1_DISTRACTOR → C1.1_DISTRACTOR → C1.1.1_CORRECT → C2_DISTRACTOR → C2.1_CORRECT → C3_DISTRACTOR → RESTART3 → FAILED",4,FAILED
"C1_DISTRACTOR → C1.1_DISTRACTOR → C1.1.1_DISTRACTOR → RESTART1 → C1_DISTRACTOR → C1.1_INCORRECT → RESTART2 → C1_DISTRACTOR → C1.1_DISTRACTOR → C1.1.1_CORRECT → C2_DISTRACTOR → C2.1_INCORRECT → RESTART3 → FAILED",4,FAILED
"C1_DISTRACTOR → C1.1_DISTRACTOR → C1.1.1_DISTRACTOR → RESTART1 → C1_DISTRACTOR → C1.1_INCORRECT → RESTART2 → C1_DISTRACTOR → C1.1_DISTRACTOR → C1.1.1_CORRECT → C2_DISTRACTOR → C2.1_DISTRACTOR → RESTART3 → FAILED",4,FAILED
"C1_DISTRACTOR → C1.1_DISTRACTOR → C1.1.1_DISTRACTOR → RESTART1 → C1_DISTRACTOR → C1.1_INCORRECT → RESTART2 → C1_DISTRACTOR → C1.1_DISTRACTOR → C1.1.1_INCORRECT → RESTART3 → FAILED",4,FAILED
"C1_DISTRACTOR → C1.1_DISTRACTOR → C1.1.1_DISTRACTOR → RESTART1 → C1_DISTRACTOR → C1.1_INCORRECT → RESTART2 → C1_DISTRACTOR → C1.1_DISTRACTOR → C1.1.1_DISTRACTOR → RESTART3 → FAILED",4,FAILED
"C1_DISTRACTOR → C1.1_DISTRACTOR → C1.1.1_DISTRACTOR → RESTART1 → C1_DISTRACTOR → C1.1_DISTRACTOR → C1.1.1_CORRECT → C2_CORRECT → C3_CORRECT → COMPLETE",2,COMPLETE
"C1_DISTRACTOR → C1.1_DISTRACTOR → C1.1.1_DISTRACTOR → RESTART1 → C1_DISTRACTOR → C1.1_DISTRACTOR → C1.1.1_CORRECT → C2_CORRECT → C3_INCORRECT → RESTART2 → C3_CORRECT → COMPLETE",3,COMPLETE
"C1_DISTRACTOR → C1.1_DISTRACTOR → C1.1.1_DISTRACTOR → RESTART1 → C1_DISTRACTOR → C1.1_DISTRACTOR → C1.1.1_CORRECT → C2_CORRECT → C3_INCORRECT → RESTART2 → C3_INCORRECT → RESTART3 → FAILED",4,FAILED
"C1_DISTRACTOR → C1.1_DISTRACTOR → C1.1.1_DISTRACTOR → RESTART1 → C1_DISTRACTOR → C1.1_DISTRACTOR → C1.1.1_CORRECT → C2_CORRECT → C3_INCORRECT → RESTART2 → C3_DISTRACTOR → RESTART3 → FAILED",4,FAILED
"C1_DISTRACTOR → C1.1_DISTRACTOR → C1.1.1_DISTRACTOR → RESTART1 → C1_DISTRACTOR → C1.1_DISTRACTOR → C1.1.1_CORRECT → C2_CORRECT → C3_DISTRACTOR → RESTART2 → C3_CORRECT → COMPLETE",3,COMPLETE
"C1_DISTRACTOR → C1.1_DISTRACTOR → C1.1.1_DISTRACTOR → RESTART1 → C1_DISTRACTOR → C1.1_DISTRACTOR → C1.1.1_CORRECT → C2_CORRECT → C3_DISTRACTOR → RESTART2 → C3_INCORRECT → RESTART3 → FAILED",4,FAILED
"C1_DISTRACTOR → C1.1_DISTRACTOR → C1.1.1_DISTRACTOR → RESTART1 → C1_DISTRACTOR → C1.1_DISTRACTOR → C1.1.1_CORRECT → C2_CORRECT → C3_DISTRACTOR → RESTART2 → C3_DISTRACTOR → RESTART3 → FAILED",4,FAILED
"C1_DISTRACTOR → C1.1_DISTRACTOR → C1.1.1_DISTRACTOR → RESTART1 → C1_DISTRACTOR → C1.1_DISTRACTOR → C1.1.1_CORRECT → C2_INCORRECT → RESTART2 → C2_CORRECT → C3_CORRECT → COMPLETE",3,COMPLETE
"C1_DISTRACTOR → C1.1_DISTRACTOR → C1.1.1_DISTRACTOR → RESTART1 → C1_DISTRACTOR → C1.1_DISTRACTOR → C1.1.1_CORRECT → C2_INCORRECT → RESTART2 → C2_CORRECT → C3_INCORRECT → RESTART3 → FAILED",4,FAILED
"C1_DISTRACTOR → C1.1_DISTRACTOR → C1.1.1_DISTRACTOR → RESTART1 → C1_DISTRACTOR → C1.1_DISTRACTOR → C1.1.1_CORRECT → C2_INCORRECT → RESTART2 → C2_CORRECT → C3_DISTRACTOR → RESTART3 → FAILED",4,FAILED
"C1_DISTRACTOR → C1.1_DISTRACTOR → C1.1.1_DISTRACTOR → RESTART1 → C1_DISTRACTOR → C1.1_DISTRACTOR → C1.1.1_CORRECT → C2_INCORRECT → RESTART2 → C2_INCORRECT → RESTART3 → FAILED",4,FAILED
"C1_DISTRACTOR → C1.1_DISTRACTOR → C1.1.1_DISTRACTOR → RESTART1 → C1_DISTRACTOR → C1.1_DISTRACTOR → C1.1.1_CORRECT → C2_INCORRECT → RESTART2 → C2_DISTRACTOR → C2.1_CORRECT → C3_CORRECT → COMPLETE",3,COMPLETE
"C1_DISTRACTOR → C1.1_DISTRACTOR → C1.1.1_DISTRACTOR → RESTART1 → C1_DISTRACTOR → C1.1_DISTRACTOR → C1.1.1_CORRECT → C2_INCORRECT → RESTART2 → C2_DISTRACTOR → C2.1_CORRECT → C3_INCORRECT → RESTART3 → FAILED",4,FAILED
"C1_DISTRACTOR → C1.1_DISTRACTOR → C1.1.1_DISTRACTOR → RESTART1 → C1_DISTRACTOR → C1.1_DISTRACTOR → C1.1.1_CORRECT → C2_INCORRECT → RESTART2 → C2_DISTRACTOR → C2.1_CORRECT → C3_DISTRACTOR → RESTART3 → FAILED",4,FAILED
"C1_DISTRACTOR → C1.1_DISTRACTOR → C1.1.1_DISTRACTOR → RESTART1 → C1_DISTRACTOR → C1.1_DISTRACTOR → C1.1.1_CORRECT → C2_INCORRECT → RESTART2 → C2_DISTRACTOR → C2.1_INCORRECT → RESTART3 → FAILED",4,FAILED
"C1_DISTRACTOR → C1.1_DISTRACTOR → C1.1.1_DISTRACTOR → RESTART1 → C1_DISTRACTOR → C1.1_DISTRACTOR → C1.1.1_CORRECT → C2_INCORRECT → RESTART2 → C2_DISTRACTOR → C2.1_DISTRACTOR → RESTART3 → FAILED",4,FAILED
"C1_DISTRACTOR → C1.1_DISTRACTOR → C1.1.1_DISTRACTOR → RESTART1 → C1_DISTRACTOR → C1.1_DISTRACTOR → C1.1.1_CORRECT → C2_DISTRACTOR → C2.1_CORRECT → C3_CORRECT → COMPLETE",2,COMPLETE
"C1_DISTRACTOR → C1.1_DISTRACTOR → C1.1.1_DISTRACTOR → RESTART1 → C1_DISTRACTOR → C1.1_DISTRACTOR → C1.1.1_CORRECT → C2_DISTRACTOR → C2.1_CORRECT → C3_INCORRECT → RESTART2 → C3_CORRECT → COMPLETE",3,COMPLETE
"C1_DISTRACTOR → C1.1_DISTRACTOR → C1.1.1_DISTRACTOR → RESTART1 → C1_DISTRACTOR → C1.1_DISTRACTOR → C1.1.1_CORRECT → C2_DISTRACTOR → C2.1_CORRECT → C3_INCORRECT → RESTART2 → C3_INCORRECT → RESTART3 → FAILED",4,FAILED
"C1_DISTRACTOR → C1.1_DISTRACTOR → C1.1.1_DISTRACTOR → RESTART1 → C1_DISTRACTOR → C1.1_DISTRACTOR → C1.1.1_CORRECT → C2_DISTRACTOR → C2.1_CORRECT → C3_INCORRECT → RESTART2 → C3_DISTRACTOR → RESTART3 → FAILED",4,FAILED
"C1_DISTRACTOR → C1.1_DISTRACTOR → C1.1.1_DISTRACTOR → RESTART1 → C1_DISTRACTOR → C1.1_DISTRACTOR → C1.1.1_CORRECT → C2_DISTRACTOR → C2.1_CORRECT → C3_DISTRACTOR → RESTART2 → C3_CORRECT → COMPLETE",3,COMPLETE
"C1_DISTRACTOR → C1.1_DISTRACTOR → C1.1.1_DISTRACTOR → RESTART1 → C1_DISTRACTOR → C1.1_DISTRACTOR → C1.1.1_CORRECT → C2_DISTRACTOR → C2.1_CORRECT → C3_DISTRACTOR → RESTART2 → C3_INCORRECT → RESTART3 → FAILED",4,FAILED
"C1_DISTRACTOR → C1.1_DISTRACTOR → C1.1.1_DISTRACTOR → RESTART1 → C1_DISTRACTOR → C1.1_DISTRACTOR → C1.1.1_CORRECT → C2_DISTRACTOR → C2.1_CORRECT → C3_DISTRACTOR → RESTART2 → C3_DISTRACTOR → RESTART3 → FAILED",4,FAILED
"C1_DISTRACTOR → C1.1_DISTRACTOR → C1.1.1_DISTRACTOR → RESTART1 → C1_DISTRACTOR → C1.1_DISTRACTOR → C1.1.1_CORRECT → C2_DISTRACTOR → C2.1_INCORRECT → RESTART2 → C2_CORRECT → C3_CORRECT → COMPLETE",3,COMPLETE
"C1_DISTRACTOR → C1.1_DISTRACTOR → C1.1.1_DISTRACTOR → RESTART1 → C1_DISTRACTOR → C1.1_DISTRACTOR → C1.1.1_CORRECT → C2_DISTRACTOR → C2.1_INCORRECT → RESTART2 → C2_CORRECT → C3_INCORRECT → RESTART3 → FAILED",4,FAILED
"C1_DISTRACTOR → C1.1_DISTRACTOR → C1.1.1_DISTRACTOR → RESTART1 → C1_DISTRACTOR → C1.1_DISTRACTOR → C1.1.1_CORRECT → C2_DISTRACTOR → C2.1_INCORRECT → RESTART2 → C2_CORRECT → C3_DISTRACTOR → RESTART3 → FAILED",4,FAILED
"C1_DISTRACTOR → C1.1_DISTRACTOR → C1.1.1_DISTRACTOR → RESTART1 → C1_DISTRACTOR → C1.1_DISTRACTOR → C1.1.1_CORRECT → C2_DISTRACTOR → C2.1_INCORRECT → RESTART2 → C2_INCORRECT → RESTART3 → FAILED",4,FAILED
"C1_DISTRACTOR → C1.1_DISTRACTOR → C1.1.1_DISTRACTOR → RESTART1 → C1_DISTRACTOR → C1.1_DISTRACTOR → C1.1.1_CORRECT → C2_DISTRACTOR → C2.1_INCORRECT → RESTART2 → C2_DISTRACTOR → C2.1_CORRECT → C3_CORRECT → COMPLETE",3,COMPLETE
"C1_DISTRACTOR → C1.1_DISTRACTOR → C1.1.1_DISTRACTOR → RESTART1 → C1_DISTRACTOR → C1.1_DISTRACTOR → C1.1.1_CORRECT → C2_DISTRACTOR → C2.1_INCORRECT → RESTART2 → C2_DISTRACTOR → C2.1_CORRECT → C3_INCORRECT → RESTART3 → FAILED",4,FAILED
"C1_DISTRACTOR → C1.1_DISTRACTOR → C1.1.1_DISTRACTOR → RESTART1 → C1_DISTRACTOR → C1.1_DISTRACTOR → C1.1.1_CORRECT → C2_DISTRACTOR → C2.1_INCORRECT → RESTART2 → C2_DISTRACTOR → C2.1_CORRECT → C3_DISTRACTOR → RESTART3 → FAILED",4,FAILED
"C1_DISTRACTOR → C1.1_DISTRACTOR → C1.1.1_DISTRACTOR → RESTART1 → C1_DISTRACTOR → C1.1_DISTRACTOR → C1.1.1_CORRECT → C2_DISTRACTOR → C2.1_INCORRECT → RESTART2 → C2_DISTRACTOR → C2.1_INCORRECT → RESTART3 → FAILED",4,FAILED
"C1_DISTRACTOR → C1.1_DISTRACTOR → C1.1.1_DISTRACTOR → RESTART1 → C1_DISTRACTOR → C1.1_DISTRACTOR → C1.1.1_CORRECT → C2_DISTRACTOR → C2.1_INCORRECT → RESTART2 → C2_DISTRACTOR → C2.1_DISTRACTOR → RESTART3 → FAILED",4,FAILED
"C1_DISTRACTOR → C1.1_DISTRACTOR → C1.1.1_DISTRACTOR → RESTART1 → C1_DISTRACTOR → C1.1_DISTRACTOR → C1.1.1_CORRECT → C2_DISTRACTOR → C2.1_DISTRACTOR → RESTART2 → C2_CORRECT → C3_CORRECT → COMPLETE",3,COMPLETE
"C1_DISTRACTOR → C1.1_DISTRACTOR → C1.1.1_DISTRACTOR → RESTART1 → C1_DISTRACTOR → C1.1_DISTRACTOR → C1.1.1_CORRECT → C2_DISTRACTOR → C2.1_DISTRACTOR → RESTART2 → C2_CORRECT → C3_INCORRECT → RESTART3 → FAILED",4,FAILED
"C1_DISTRACTOR → C1.1_DISTRACTOR → C1.1.1_DISTRACTOR → RESTART1 → C1_DISTRACTOR → C1.1_DISTRACTOR → C1.1.1_CORRECT → C2_DISTRACTOR → C2.1_DISTRACTOR → RESTART2 → C2_CORRECT → C3_DISTRACTOR → RESTART3 → FAILED",4,FAILED
"C1_DISTRACTOR → C1.1_DISTRACTOR → C1.1.1_DISTRACTOR → RESTART1 → C1_DISTRACTOR → C1.1_DISTRACTOR → C1.1.1_CORRECT → C2_DISTRACTOR → C2.1_DISTRACTOR → RESTART2 → C2_INCORRECT → RESTART3 → FAILED",4,FAILED
"C1_DISTRACTOR → C1.1_DISTRACTOR → C1.1.1_DISTRACTOR → RESTART1 → C1_DISTRACTOR → C1.1_DISTRACTOR → C1.1.1_CORRECT → C2_DISTRACTOR → C2.1_DISTRACTOR → RESTART2 → C2_DISTRACTOR → C2.1_CORRECT → C3_CORRECT → COMPLETE",3,COMPLETE
"C1_DISTRACTOR → C1.1_DISTRACTOR → C1.1.1_DISTRACTOR → RESTART1 → C1_DISTRACTOR → C1.1_DISTRACTOR → C1.1.1_CORRECT → C2_DISTRACTOR → C2.1_DISTRACTOR → RESTART2 → C2_DISTRACTOR → C2.1_CORRECT → C3_INCORRECT → RESTART3 → FAILED",4,FAILED
"C1_DISTRACTOR → C1.1_DISTRACTOR → C1.1.1_DISTRACTOR → RESTART1 → C1_DISTRACTOR → C1.1_DISTRACTOR → C1.1.1_CORRECT → C2_DISTRACTOR → C2.1_DISTRACTOR → RESTART2 → C2_DISTRACTOR → C2.1_CORRECT → C3_DISTRACTOR → RESTART3 → FAILED",4,FAILED
"C1_DISTRACTOR → C1.1_DISTRACTOR → C1.1.1_DISTRACTOR → RESTART1 → C1_DISTRACTOR → C1.1_DISTRACTOR → C1.1.1_CORRECT → C2_DISTRACTOR → C2.1_DISTRACTOR → RESTART2 → C2_DISTRACTOR → C2.1_INCORRECT → RESTART3 → FAILED",4,FAILED
"C1_DISTRACTOR → C1.1_DISTRACTOR → C1.1.1_DISTRACTOR → RESTART1 → C1_DISTRACTOR → C1.1_DISTRACTOR → C1.1.1_CORRECT → C2_DISTRACTOR → C2.1_DISTRACTOR → RESTART2 → C2_DISTRACTOR → C2.1_DISTRACTOR → RESTART3 → FAILED",4,FAILED
"C1_DISTRACTOR → C1.1_DISTRACTOR → C1.1.1_DISTRACTOR → RESTART1 → C1_DISTRACTOR → C1.1_DISTRACTOR → C1.1.1_INCORRECT → RESTART2 → C1_CORRECT → C2_CORRECT → C3_CORRECT → COMPLETE",3,COMPLETE
"C1_DISTRACTOR → C1.1_DISTRACTOR → C1.1.1_DISTRACTOR → RESTART1 → C1_DISTRACTOR → C1.1_DISTRACTOR → C1.1.1_INCORRECT → RESTART2 → C1_CORRECT → C2_CORRECT → C3_INCORRECT → RESTART3 → FAILED",4,FAILED
"C1_DISTRACTOR → C1.1_DISTRACTOR → C1.1.1_DISTRACTOR → RESTART1 → C1_DISTRACTOR → C1.1_DISTRACTOR → C1.1.1_INCORRECT → RESTART2 → C1_CORRECT → C2_CORRECT → C3_DISTRACTOR → RESTART3 → FAILED",4,FAILED
"C1_DISTRACTOR → C1.1_DISTRACTOR → C1.1.1_DISTRACTOR → RESTART1 → C1_DISTRACTOR → C1.1_DISTRACTOR → C1.1.1_INCORRECT → RESTART2 → C1_CORRECT → C2_INCORRECT → RESTART3 → FAILED",4,FAILED
"C1_DISTRACTOR → C1.1_DISTRACTOR → C1.1.1_DISTRACTOR → RESTART1 → C1_DISTRACTOR → C1.1_DISTRACTOR → C1.1.1_INCORRECT → RESTART2 → C1_CORRECT → C2_DISTRACTOR → C2.1_CORRECT → C3_CORRECT → COMPLETE",3,COMPLETE
"C1_DISTRACTOR → C1.1_DISTRACTOR → C1.1.1_DISTRACTOR → RESTART1 → C1_DISTRACTOR → C1.1_DISTRACTOR → C1.1.1_INCORRECT → RESTART2 → C1_CORRECT → C2_DISTRACTOR → C2.1_CORRECT → C3_INCORRECT → RESTART3 → FAILED",4,FAILED
"C1_DISTRACTOR → C1.1_DISTRACTOR → C1.1.1_DISTRACTOR → RESTART1 → C1_DISTRACTOR → C1.1_DISTRACTOR → C1.1.1_INCORRECT → RESTART2 → C1_CORRECT → C2_DISTRACTOR → C2.1_CORRECT → C3_DISTRACTOR → RESTART3 → FAILED",4,FAILED
"C1_DISTRACTOR → C1.1_DISTRACTOR → C1.1.1_DISTRACTOR → RESTART1 → C1_DISTRACTOR → C1.1_DISTRACTOR → C1.1.1_INCORRECT → RESTART2 → C1_CORRECT → C2_DISTRACTOR → C2.1_INCORRECT → RESTART3 → FAILED",4,FAILED
"C1_DISTRACTOR → C1.1_DISTRACTOR → C1.1.1_DISTRACTOR → RESTART1 → C1_DISTRACTOR → C1.1_DISTRACTOR → C1.1.1_INCORRECT → RESTART2 → C1_CORRECT → C2_DISTRACTOR → C2.1_DISTRACTOR → RESTART3 → FAILED",4,FAILED
"C1_DISTRACTOR → C1.1_DISTRACTOR → C1.1.1_DISTRACTOR → RESTART1 → C1_DISTRACTOR → C1.1_DISTRACTOR → C1.1.1_INCORRECT → RESTART2 → C1_INCORRECT → C1.2_CORRECT → C2_CORRECT → C3_CORRECT → COMPLETE",3,COMPLETE
"C1_DISTRACTOR → C1.1_DISTRACTOR → C1.1.1_DISTRACTOR → RESTART1 → C1_DISTRACTOR → C1.1_DISTRACTOR → C1.1.1_INCORRECT → RESTART2 → C1_INCORRECT → C1.2_CORRECT → C2_CORRECT → C3_INCORRECT → RESTART3 → FAILED",4,FAILED
"C1_DISTRACTOR → C1.1_DISTRACTOR → C1.1.1_DISTRACTOR → RESTART1 → C1_DISTRACTOR → C1.1_DISTRACTOR → C1.1.1_INCORRECT → RESTART2 → C1_INCORRECT → C1.2_CORRECT → C2_CORRECT → C3_DISTRACTOR → RESTART3 → FAILED",4,FAILED
"C1_DISTRACTOR → C1.1_DISTRACTOR → C1.1.1_DISTRACTOR → RESTART1 → C1_DISTRACTOR → C1.1_DISTRACTOR → C1.1.1_INCORRECT → RESTART2 → C1_INCORRECT → C1.2_CORRECT → C2_INCORRECT → RESTART3 → FAILED",4,FAILED
"C1_DISTRACTOR → C1.1_DISTRACTOR → C1.1.1_DISTRACTOR → RESTART1 → C1_DISTRACTOR → C1.1_DISTRACTOR → C1.1.1_INCORRECT → RESTART2 → C1_INCORRECT → C1.2_CORRECT → C2_DISTRACTOR → C2.1_CORRECT → C3_CORRECT → COMPLETE",3,COMPLETE
"C1_DISTRACTOR → C1.1_DISTRACTOR → C1.1.1_DISTRACTOR → RESTART1 → C1_DISTRACTOR → C1.1_DISTRACTOR → C1.1.1_INCORRECT → RESTART2 → C1_INCORRECT → C1.2_CORRECT → C2_DISTRACTOR → C2.1_CORRECT → C3_INCORRECT → RESTART3 → FAILED",4,FAILED
"C1_DISTRACTOR → C1.1_DISTRACTOR → C1.1.1_DISTRACTOR → RESTART1 → C1_DISTRACTOR → C1.1_DISTRACTOR → C1.1.1_INCORRECT → RESTART2 → C1_INCORRECT → C1.2_CORRECT → C2_DISTRACTOR → C2.1_CORRECT → C3_DISTRACTOR → RESTART3 → FAILED",4,FAILED
"C1_DISTRACTOR → C1.1_DISTRACTOR → C1.1.1_DISTRACTOR → RESTART1 → C1_DISTRACTOR → C1.1_DISTRACTOR → C1.1.1_INCORRECT → RESTART2 → C1_INCORRECT → C1.2_CORRECT → C2_DISTRACTOR → C2.1_INCORRECT → RESTART3 → FAILED",4,FAILED
"C1_DISTRACTOR → C1.1_DISTRACTOR → C1.1.1_DISTRACTOR → RESTART1 → C1_DISTRACTOR → C1.1_DISTRACTOR → C1.1.1_INCORRECT → RESTART2 → C1_INCORRECT → C1.2_CORRECT → C2_DISTRACTOR → C2.1_DISTRACTOR → RESTART3 → FAILED",4,FAILED
"C1_DISTRACTOR → C1.1_DISTRACTOR → C1.1.1_DISTRACTOR → RESTART1 → C1_DISTRACTOR → C1.1_DISTRACTOR → C1.1.1_INCORRECT → RESTART2 → C1_INCORRECT → C1.2_INCORRECT → RESTART3 → FAILED",4,FAILED
"C1_DISTRACTOR → C1.1_DISTRACTOR → C1.1.1_DISTRACTOR → RESTART1 → C1_DISTRACTOR → C1.1_DISTRACTOR → C1.1.1_INCORRECT → RESTART2 → C1_INCORRECT → C1.2_DISTRACTOR → RESTART3 → FAILED",4,FAILED
"C1_DISTRACTOR → C1.1_DISTRACTOR → C1.1.1_DISTRACTOR → RESTART1 → C1_DISTRACTOR → C1.1_DISTRACTOR → C1.1.1_INCORRECT → RESTART2 → C1_DISTRACTOR → C1.1_CORRECT → C2_CORRECT → C3_CORRECT → COMPLETE",3,COMPLETE
"C1_DISTRACTOR → C1.1_DISTRACTOR → C1.1.1_DISTRACTOR → RESTART1 → C1_DISTRACTOR → C1.1_DISTRACTOR → C1.1.1_INCORRECT → RESTART2 → C1_DISTRACTOR → C1.1_CORRECT → C2_CORRECT → C3_INCORRECT → RESTART3 → FAILED",4,FAILED
"C1_DISTRACTOR → C1.1_DISTRACTOR → C1.1.1_DISTRACTOR → RESTART1 → C1_DISTRACTOR → C1.1_DISTRACTOR → C1.1.1_INCORRECT → RESTART2 → C1_DISTRACTOR → C1.1_CORRECT → C2_CORRECT → C3_DISTRACTOR → RESTART3 → FAILED",4,FAILED
"C1_DISTRACTOR → C1.1_DISTRACTOR → C1.1.1_DISTRACTOR → RESTART1 → C1_DISTRACTOR → C1.1_DISTRACTOR → C1.1.1_INCORRECT → RESTART2 → C1_DISTRACTOR → C1.1_CORRECT → C2_INCORRECT → RESTART3 → FAILED",4,FAILED
"C1_DISTRACTOR → C1.1_DISTRACTOR → C1.1.1_DISTRACTOR → RESTART1 → C1_DISTRACTOR → C1.1_DISTRACTOR → C1.1.1_INCORRECT → RESTART2 → C1_DISTRACTOR → C1.1_CORRECT → C2_DISTRACTOR → C2.1_CORRECT → C3_CORRECT → COMPLETE",3,COMPLETE
"C1_DISTRACTOR → C1.1_DISTRACTOR → C1.1.1_DISTRACTOR → RESTART1 → C1_DISTRACTOR → C1.1_DISTRACTOR → C1.1.1_INCORRECT → RESTART2 → C1_DISTRACTOR → C1.1_CORRECT → C2_DISTRACTOR → C2.1_CORRECT → C3_INCORRECT → RESTART3 → FAILED",4,FAILED
"C1_DISTRACTOR → C1.1_DISTRACTOR → C1.1.1_DISTRACTOR → RESTART1 → C1_DISTRACTOR → C1.1_DISTRACTOR → C1.1.1_INCORRECT → RESTART2 → C1_DISTRACTOR → C1.1_CORRECT → C2_DISTRACTOR → C2.1_CORRECT → C3_DISTRACTOR → RESTART3 → FAILED",4,FAILED
"C1_DISTRACTOR → C1.1_DISTRACTOR → C1.1.1_DISTRACTOR → RESTART1 → C1_DISTRACTOR → C1.1_DISTRACTOR → C1.1.1_INCORRECT → RESTART2 → C1_DISTRACTOR → C1.1_CORRECT → C2_DISTRACTOR → C2.1_INCORRECT → RESTART3 → FAILED",4,FAILED
"C1_DISTRACTOR → C1.1_DISTRACTOR → C1.1.1_DISTRACTOR → RESTART1 → C1_DISTRACTOR → C1.1_DISTRACTOR → C1.1.1_INCORRECT → RESTART2 → C1_DISTRACTOR → C1.1_CORRECT → C2_DISTRACTOR → C2.1_DISTRACTOR → RESTART3 → FAILED",4,FAILED
"C1_DISTRACTOR → C1.1_DISTRACTOR → C1.1.1_DISTRACTOR → RESTART1 → C1_DISTRACTOR → C1.1_DISTRACTOR → C1.1.1_INCORRECT → RESTART2 → C1_DISTRACTOR → C1.1_INCORRECT → RESTART3 → FAILED",4,FAILED
"C1_DISTRACTOR → C1.1_DISTRACTOR → C1.1.1_DISTRACTOR → RESTART1 → C1_DISTRACTOR → C1.1_DISTRACTOR → C1.1.1_INCORRECT → RESTART2 → C1_DISTRACTOR → C1.1_DISTRACTOR → C1.1.1_CORRECT → C2_CORRECT → C3_CORRECT → COMPLETE",3,COMPLETE
"C1_DISTRACTOR → C1.1_DISTRACTOR → C1.1.1_DISTRACTOR → RESTART1 → C1_DISTRACTOR → C1.1_DISTRACTOR → C1.1.1_INCORRECT → RESTART2 → C1_DISTRACTOR → C1.1_DISTRACTOR → C1.1.1_CORRECT → C2_CORRECT → C3_INCORRECT → RESTART3 → FAILED",4,FAILED
"C1_DISTRACTOR → C1.1_DISTRACTOR → C1.1.1_DISTRACTOR → RESTART1 → C1_DISTRACTOR → C1.1_DISTRACTOR → C1.1.1_INCORRECT → RESTART2 → C1_DISTRACTOR → C1.1_DISTRACTOR → C1.1.1_CORRECT → C2_CORRECT → C3_DISTRACTOR → RESTART3 → FAILED",4,FAILED
"C1_DISTRACTOR → C1.1_DISTRACTOR → C1.1.1_DISTRACTOR → RESTART1 → C1_DISTRACTOR → C1.1_DISTRACTOR → C1.1.1_INCORRECT → RESTART2 → C1_DISTRACTOR → C1.1_DISTRACTOR → C1.1.1_CORRECT → C2_INCORRECT → RESTART3 → FAILED",4,FAILED
"C1_DISTRACTOR → C1.1_DISTRACTOR → C1.1.1_DISTRACTOR → RESTART1 → C1_DISTRACTOR → C1.1_DISTRACTOR → C1.1.1_INCORRECT → RESTART2 → C1_DISTRACTOR → C1.1_DISTRACTOR → C1.1.1_CORRECT → C2_DISTRACTOR → C2.1_CORRECT → C3_CORRECT → COMPLETE",3,COMPLETE
"C1_DISTRACTOR → C1.1_DISTRACTOR → C1.1.1_DISTRACTOR → RESTART1 → C1_DISTRACTOR → C1.1_DISTRACTOR → C1.1.1_INCORRECT → RESTART2 → C1_DISTRACTOR → C1.1_DISTRACTOR → C1.1.1_CORRECT → C2_DISTRACTOR → C2.1_CORRECT → C3_INCORRECT → RESTART3 → FAILED",4,FAILED
"C1_DISTRACTOR → C1.1_DISTRACTOR → C1.1.1_DISTRACTOR → RESTART1 → C1_DISTRACTOR → C1.1_DISTRACTOR → C1.1.1_INCORRECT → RESTART2 → C1_DISTRACTOR → C1.1_DISTRACTOR → C1.1.1_CORRECT → C2_DISTRACTOR → C2.1_CORRECT → C3_DISTRACTOR → RESTART3 → FAILED",4,FAILED
"C1_DISTRACTOR → C1.1_DISTRACTOR → C1.1.1_DISTRACTOR → RESTART1 → C1_DISTRACTOR → C1.1_DISTRACTOR → C1.1.1_INCORRECT → RESTART2 → C1_DISTRACTOR → C1.1_DISTRACTOR → C1.1.1_CORRECT → C2_DISTRACTOR → C2.1_INCORRECT → RESTART3 → FAILED",4,FAILED
"C1_DISTRACTOR → C1.1_DISTRACTOR → C1.1.1_DISTRACTOR → RESTART1 → C1_DISTRACTOR → C1.1_DISTRACTOR → C1.1.1_INCORRECT → RESTART2 → C1_DISTRACTOR → C1.1_DISTRACTOR → C1.1.1_CORRECT → C2_DISTRACTOR → C2.1_DISTRACTOR → RESTART3 → FAILED",4,FAILED
"C1_DISTRACTOR → C1.1_DISTRACTOR → C1.1.1_DISTRACTOR → RESTART1 → C1_DISTRACTOR → C1.1_DISTRACTOR → C1.1.1_INCORRECT → RESTART2 → C1_DISTRACTOR → C1.1_DISTRACTOR → C1.1.1_INCORRECT → RESTART3 → FAILED",4,FAILED
"C1_DISTRACTOR → C1.1_DISTRACTOR → C1.1.1_DISTRACTOR → RESTART1 → C1_DISTRACTOR → C1.1_DISTRACTOR → C1.1.1_INCORRECT → RESTART2 → C1_DISTRACTOR → C1.1_DISTRACTOR → C1.1.1_DISTRACTOR → RESTART3 → FAILED",4,FAILED
"C1_DISTRACTOR → C1.1_DISTRACTOR → C1.1.1_DISTRACTOR → RESTART1 → C1_DISTRACTOR → C1.1_DISTRACTOR → C1.1.1_DISTRACTOR → RESTART2 → C1_CORRECT → C2_CORRECT → C3_CORRECT → COMPLETE",3,COMPLETE
"C1_DISTRACTOR → C1.1_DISTRACTOR → C1.1.1_DISTRACTOR → RESTART1 → C1_DISTRACTOR → C1.1_DISTRACTOR → C1.1.1_DISTRACTOR → RESTART2 → C1_CORRECT → C2_CORRECT → C3_INCORRECT → RESTART3 → FAILED",4,FAILED
"C1_DISTRACTOR → C1.1_DISTRACTOR → C1.1.1_DISTRACTOR → RESTART1 → C1_DISTRACTOR → C1.1_DISTRACTOR → C1.1.1_DISTRACTOR → RESTART2 → C1_CORRECT → C2_CORRECT → C3_DISTRACTOR → RESTART3 → FAILED",4,FAILED
"C1_DISTRACTOR → C1.1_DISTRACTOR → C1.1.1_DISTRACTOR → RESTART1 → C1_DISTRACTOR → C1.1_DISTRACTOR → C1.1.1_DISTRACTOR → RESTART2 → C1_CORRECT → C2_INCORRECT → RESTART3 → FAILED",4,FAILED
"C1_DISTRACTOR → C1.1_DISTRACTOR → C1.1.1_DISTRACTOR → RESTART1 → C1_DISTRACTOR → C1.1_DISTRACTOR → C1.1.1_DISTRACTOR → RESTART2 → C1_CORRECT → C2_DISTRACTOR → C2.1_CORRECT → C3_CORRECT → COMPLETE",3,COMPLETE
"C1_DISTRACTOR → C1.1_DISTRACTOR → C1.1.1_DISTRACTOR → RESTART1 → C1_DISTRACTOR → C1.1_DISTRACTOR → C1.1.1_DISTRACTOR → RESTART2 → C1_CORRECT → C2_DISTRACTOR → C2.1_CORRECT → C3_INCORRECT → RESTART3 → FAILED",4,FAILED
"C1_DISTRACTOR → C1.1_DISTRACTOR → C1.1.1_DISTRACTOR → RESTART1 → C1_DISTRACTOR → C1.1_DISTRACTOR → C1.1.1_DISTRACTOR → RESTART2 → C1_CORRECT → C2_DISTRACTOR → C2.1_CORRECT → C3_DISTRACTOR → RESTART3 → FAILED",4,FAILED
"C1_DISTRACTOR → C1.1_DISTRACTOR → C1.1.1_DISTRACTOR → RESTART1 → C1_DISTRACTOR → C1.1_DISTRACTOR → C1.1.1_DISTRACTOR → RESTART2 → C1_CORRECT → C2_DISTRACTOR → C2.1_INCORRECT → RESTART3 → FAILED",4,FAILED
"C1_DISTRACTOR → C1.1_DISTRACTOR → C1.1.1_DISTRACTOR → RESTART1 → C1_DISTRACTOR → C1.1_DISTRACTOR → C1.1.1_DISTRACTOR → RESTART2 → C1_CORRECT → C2_DISTRACTOR → C2.1_DISTRACTOR → RESTART3 → FAILED",4,FAILED
"C1_DISTRACTOR → C1.1_DISTRACTOR → C1.1.1_DISTRACTOR → RESTART1 → C1_DISTRACTOR → C1.1_DISTRACTOR → C1.1.1_DISTRACTOR → RESTART2 → C1_INCORRECT → C1.2_CORRECT → C2_CORRECT → C3_CORRECT → COMPLETE",3,COMPLETE
"C1_DISTRACTOR → C1.1_DISTRACTOR → C1.1.1_DISTRACTOR → RESTART1 → C1_DISTRACTOR → C1.1_DISTRACTOR → C1.1.1_DISTRACTOR → RESTART2 → C1_INCORRECT → C1.2_CORRECT → C2_CORRECT → C3_INCORRECT → RESTART3 → FAILED",4,FAILED
"C1_DISTRACTOR → C1.1_DISTRACTOR → C1.1.1_DISTRACTOR → RESTART1 → C1_DISTRACTOR → C1.1_DISTRACTOR → C1.1.1_DISTRACTOR → RESTART2 → C1_INCORRECT → C1.2_CORRECT → C2_CORRECT → C3_DISTRACTOR → RESTART3 → FAILED",4,FAILED
"C1_DISTRACTOR → C1.1_DISTRACTOR → C1.1.1_DISTRACTOR → RESTART1 → C1_DISTRACTOR → C1.1_DISTRACTOR → C1.1.1_DISTRACTOR → RESTART2 → C1_INCORRECT → C1.2_CORRECT → C2_INCORRECT → RESTART3 → FAILED",4,FAILED
"C1_DISTRACTOR → C1.1_DISTRACTOR → C1.1.1_DISTRACTOR → RESTART1 → C1_DISTRACTOR → C1.1_DISTRACTOR → C1.1.1_DISTRACTOR → RESTART2 → C1_INCORRECT → C1.2_CORRECT → C2_DISTRACTOR → C2.1_CORRECT → C3_CORRECT → COMPLETE",3,COMPLETE
"C1_DISTRACTOR → C1.1_DISTRACTOR → C1.1.1_DISTRACTOR → RESTART1 → C1_DISTRACTOR → C1.1_DISTRACTOR → C1.1.1_DISTRACTOR → RESTART2 → C1_INCORRECT → C1.2_CORRECT → C2_DISTRACTOR → C2.1_CORRECT → C3_INCORRECT → RESTART3 → FAILED",4,FAILED
"C1_DISTRACTOR → C1.1_DISTRACTOR → C1.1.1_DISTRACTOR → RESTART1 → C1_DISTRACTOR → C1.1_DISTRACTOR → C1.1.1_DISTRACTOR → RESTART2 → C1_INCORRECT → C1.2_CORRECT → C2_DISTRACTOR → C2.1_CORRECT → C3_DISTRACTOR → RESTART3 → FAILED",4,FAILED
"C1_DISTRACTOR → C1.1_DISTRACTOR → C1.1.1_DISTRACTOR → RESTART1 → C1_DISTRACTOR → C1.1_DISTRACTOR → C1.1.1_DISTRACTOR → RESTART2 → C1_INCORRECT → C1.2_CORRECT → C2_DISTRACTOR → C2.1_INCORRECT → RESTART3 → FAILED",4,FAILED
"C1_DISTRACTOR → C1.1_DISTRACTOR → C1.1.1_DISTRACTOR → RESTART1 → C1_DISTRACTOR → C1.1_DISTRACTOR → C1.1.1_DISTRACTOR → RESTART2 → C1_INCORRECT → C1.2_CORRECT → C2_DISTRACTOR → C2.1_DISTRACTOR → RESTART3 → FAILED",4,FAILED
"C1_DISTRACTOR → C1.1_DISTRACTOR → C1.1.1_DISTRACTOR → RESTART1 → C1_DISTRACTOR → C1.1_DISTRACTOR → C1.1.1_DISTRACTOR → RESTART2 → C1_INCORRECT → C1.2_INCORRECT → RESTART3 → FAILED",4,FAILED
"C1_DISTRACTOR → C1.1_DISTRACTOR → C1.1.1_DISTRACTOR → RESTART1 → C1_DISTRACTOR → C1.1_DISTRACTOR → C1.1.1_DISTRACTOR → RESTART2 → C1_INCORRECT → C1.2_DISTRACTOR → RESTART3 → FAILED",4,FAILED
"C1_DISTRACTOR → C1.1_DISTRACTOR → C1.1.1_DISTRACTOR → RESTART1 → C1_DISTRACTOR → C1.1_DISTRACTOR → C1.1.1_DISTRACTOR → RESTART2 → C1_DISTRACTOR → C1.1_CORRECT → C2_CORRECT → C3_CORRECT → COMPLETE",3,COMPLETE
"C1_DISTRACTOR → C1.1_DISTRACTOR → C1.1.1_DISTRACTOR → RESTART1 → C1_DISTRACTOR → C1.1_DISTRACTOR → C1.1.1_DISTRACTOR → RESTART2 → C1_DISTRACTOR → C1.1_CORRECT → C2_CORRECT → C3_INCORRECT → RESTART3 → FAILED",4,FAILED
"C1_DISTRACTOR → C1.1_DISTRACTOR → C1.1.1_DISTRACTOR → RESTART1 → C1_DISTRACTOR → C1.1_DISTRACTOR → C1.1.1_DISTRACTOR → RESTART2 → C1_DISTRACTOR → C1.1_CORRECT → C2_CORRECT → C3_DISTRACTOR → RESTART3 → FAILED",4,FAILED
"C1_DISTRACTOR → C1.1_DISTRACTOR → C1.1.1_DISTRACTOR → RESTART1 → C1_DISTRACTOR → C1.1_DISTRACTOR → C1.1.1_DISTRACTOR → RESTART2 → C1_DISTRACTOR → C1.1_CORRECT → C2_INCORRECT → RESTART3 → FAILED",4,FAILED
"C1_DISTRACTOR → C1.1_DISTRACTOR → C1.1.1_DISTRACTOR → RESTART1 → C1_DISTRACTOR → C1.1_DISTRACTOR → C1.1.1_DISTRACTOR → RESTART2 → C1_DISTRACTOR → C1.1_CORRECT → C2_DISTRACTOR → C2.1_CORRECT → C3_CORRECT → COMPLETE",3,COMPLETE
"C1_DISTRACTOR → C1.1_DISTRACTOR → C1.1.1_DISTRACTOR → RESTART1 → C1_DISTRACTOR → C1.1_DISTRACTOR → C1.1.1_DISTRACTOR → RESTART2 → C1_DISTRACTOR → C1.1_CORRECT → C2_DISTRACTOR → C2.1_CORRECT → C3_INCORRECT → RESTART3 → FAILED",4,FAILED
"C1_DISTRACTOR → C1.1_DISTRACTOR → C1.1.1_DISTRACTOR → RESTART1 → C1_DISTRACTOR → C1.1_DISTRACTOR → C1.1.1_DISTRACTOR → RESTART2 → C1_DISTRACTOR → C1.1_CORRECT → C2_DISTRACTOR → C2.1_CORRECT → C3_DISTRACTOR → RESTART3 → FAILED",4,FAILED
"C1_DISTRACTOR → C1.1_DISTRACTOR → C1.1.1_DISTRACTOR → RESTART1 → C1_DISTRACTOR → C1.1_DISTRACTOR → C1.1.1_DISTRACTOR → RESTART2 → C1_DISTRACTOR → C1.1_CORRECT → C2_DISTRACTOR → C2.1_INCORRECT → RESTART3 → FAILED",4,FAILED
"C1_DISTRACTOR → C1.1_DISTRACTOR → C1.1.1_DISTRACTOR → RESTART1 → C1_DISTRACTOR → C1.1_DISTRACTOR → C1.1.1_DISTRACTOR → RESTART2 → C1_DISTRACTOR → C1.1_CORRECT → C2_DISTRACTOR → C2.1_DISTRACTOR → RESTART3 → FAILED",4,FAILED
"C1_DISTRACTOR → C1.1_DISTRACTOR → C1.1.1_DISTRACTOR → RESTART1 → C1_DISTRACTOR → C1.1_DISTRACTOR → C1.1.1_DISTRACTOR → RESTART2 → C1_DISTRACTOR → C1.1_INCORRECT → RESTART3 → FAILED",4,FAILED
"C1_DISTRACTOR → C1.1_DISTRACTOR → C1.1.1_DISTRACTOR → RESTART1 → C1_DISTRACTOR → C1.1_DISTRACTOR → C1.1.1_DISTRACTOR → RESTART2 → C1_DISTRACTOR → C1.1_DISTRACTOR → C1.1.1_CORRECT → C2_CORRECT → C3_CORRECT → COMPLETE",3,COMPLETE
"C1_DISTRACTOR → C1.1_DISTRACTOR → C1.1.1_DISTRACTOR → RESTART1 → C1_DISTRACTOR → C1.1_DISTRACTOR → C1.1.1_DISTRACTOR → RESTART2 → C1_DISTRACTOR → C1.1_DISTRACTOR → C1.1.1_CORRECT → C2_CORRECT → C3_INCORRECT → RESTART3 → FAILED",4,FAILED
"C1_DISTRACTOR → C1.1_DISTRACTOR → C1.1.1_DISTRACTOR → RESTART1 → C1_DISTRACTOR → C1.1_DISTRACTOR → C1.1.1_DISTRACTOR → RESTART2 → C1_DISTRACTOR → C1.1_DISTRACTOR → C1.1.1_CORRECT → C2_CORRECT → C3_DISTRACTOR → RESTART3 → FAILED",4,FAILED
"C1_DISTRACTOR → C1.1_DISTRACTOR → C1.1.1_DISTRACTOR → RESTART1 → C1_DISTRACTOR → C1.1_DISTRACTOR → C1.1.1_DISTRACTOR → RESTART2 → C1_DISTRACTOR → C1.1_DISTRACTOR → C1.1.1_CORRECT → C2_INCORRECT → RESTART3 → FAILED",4,FAILED
"C1_DISTRACTOR → C1.1_DISTRACTOR → C1.1.1_DISTRACTOR → RESTART1 → C1_DISTRACTOR → C1.1_DISTRACTOR → C1.1.1_DISTRACTOR → RESTART2 → C1_DISTRACTOR → C1.1_DISTRACTOR → C1.1.1_CORRECT → C2_DISTRACTOR → C2.1_CORRECT → C3_CORRECT → COMPLETE",3,COMPLETE
"C1_DISTRACTOR → C1.1_DISTRACTOR → C1.1.1_DISTRACTOR → RESTART1 → C1_DISTRACTOR → C1.1_DISTRACTOR → C1.1.1_DISTRACTOR → RESTART2 → C1_DISTRACTOR → C1.1_DISTRACTOR → C1.1.1_CORRECT → C2_DISTRACTOR → C2.1_CORRECT → C3_INCORRECT → RESTART3 → FAILED",4,FAILED
"C1_DISTRACTOR → C1.1_DISTRACTOR → C1.1.1_DISTRACTOR → RESTART1 → C1_DISTRACTOR → C1.1_DISTRACTOR → C1.1.1_DISTRACTOR → RESTART2 → C1_DISTRACTOR → C1.1_DISTRACTOR → C1.1.1_CORRECT → C2_DISTRACTOR → C2.1_CORRECT → C3_DISTRACTOR → RESTART3 → FAILED",4,FAILED
"C1_DISTRACTOR → C1.1_DISTRACTOR → C1.1.1_DISTRACTOR → RESTART1 → C1_DISTRACTOR → C1.1_DISTRACTOR → C1.1.1_DISTRACTOR → RESTART2 → C1_DISTRACTOR → C1.1_DISTRACTOR → C1.1.1_CORRECT → C2_DISTRACTOR → C2.1_INCORRECT → RESTART3 → FAILED",4,FAILED
"C1_DISTRACTOR → C1.1_DISTRACTOR → C1.1.1_DISTRACTOR → RESTART1 → C1_DISTRACTOR → C1.1_DISTRACTOR → C1.1.1_DISTRACTOR → RESTART2 → C1_DISTRACTOR → C1.1_DISTRACTOR → C1.1.1_CORRECT → C2_DISTRACTOR → C2.1_DISTRACTOR → RESTART3 → FAILED",4,FAILED
"C1_DISTRACTOR → C1.1_DISTRACTOR → C1.1.1_DISTRACTOR → RESTART1 → C1_DISTRACTOR → C1.1_DISTRACTOR → C1.1.1_DISTRACTOR → RESTART2 → C1_DISTRACTOR → C1.1_DISTRACTOR → C1.1.1_INCORRECT → RESTART3 → FAILED",4,FAILED
"C1_DISTRACTOR → C1.1_DISTRACTOR → C1.1.1_DISTRACTOR → RESTART1 → C1_DISTRACTOR → C1.1_DISTRACTOR → C1.1.1_DISTRACTOR → RESTART2 → C1_DISTRACTOR → C1.1_DISTRACTOR → C1.1.1_DISTRACTOR → RESTART3 → FAILED",4,FAILED
